timestamp,value,clean_value,trend_component,regime,event_component,is_missing,is_outage,is_outlier
2018-01-01T00:00:00,27.388690,27.388690,22.000000,0,0.000000,0,0,0
2018-01-01T01:00:00,28.059398,28.059398,22.002502,0,0.000000,0,0,0
2018-01-01T02:00:00,32.574884,32.574884,22.005008,0,0.000000,0,0,0
2018-01-01T03:00:00,32.593000,32.593000,22.007518,0,0.000000,0,0,0
2018-01-01T04:00:00,36.408867,36.408867,22.010032,0,0.000000,0,0,0
2018-01-01T05:00:00,36.402392,36.402392,22.012550,0,0.000000,0,0,0
2018-01-01T06:00:00,37.890435,37.890435,22.015072,0,0.000000,0,0,0
2018-01-01T07:00:00,40.506288,40.506288,22.017598,0,0.000000,0,0,0
2018-01-01T08:00:00,39.964377,39.964377,22.020128,0,0.000000,0,0,0
2018-01-01T09:00:00,39.528800,39.528800,22.022662,0,0.000000,0,0,0
2018-01-01T10:00:00,36.609932,36.609932,22.025200,0,0.000000,0,0,0
2018-01-01T11:00:00,36.017743,36.017743,22.027742,0,0.000000,0,0,0
2018-01-01T12:00:00,34.105676,34.105676,22.030288,0,0.000000,0,0,0
2018-01-01T13:00:00,32.181429,32.181429,22.032838,0,0.000000,0,0,0
2018-01-01T14:00:00,28.208761,28.208761,22.035392,0,0.000000,0,0,0
2018-01-01T15:00:00,25.985305,25.985305,22.037950,0,0.000000,0,0,0
2018-01-01T16:00:00,24.133188,24.133188,22.040512,0,0.000000,0,0,0
2018-01-01T17:00:00,25.607477,25.607477,22.043078,0,0.000000,0,0,0
2018-01-01T18:00:00,25.180174,25.180174,22.045648,0,0.000000,0,0,0
2018-01-01T19:00:00,26.221989,26.221989,22.048222,0,0.000000,0,0,0
2018-01-01T20:00:00,26.945234,26.945234,22.050800,0,0.000000,0,0,0
2018-01-01T21:00:00,26.584230,26.584230,22.053382,0,0.000000,0,0,0
2018-01-01T22:00:00,32.074486,32.074486,22.055968,0,0.000000,0,0,0
2018-01-01T23:00:00,33.006459,33.006459,22.058558,0,0.000000,0,0,0
2018-01-02T00:00:00,33.186770,33.186770,22.061152,0,0.000000,0,0,0
2018-01-02T01:00:00,41.676770,41.676770,22.063750,1,0.000000,0,0,0
2018-01-02T02:00:00,43.173868,43.173868,22.066352,1,0.000000,0,0,0
2018-01-02T03:00:00,51.082654,51.082654,22.068958,1,0.000000,0,0,0
2018-01-02T04:00:00,51.016717,51.016717,22.071568,1,0.000000,0,0,0
2018-01-02T05:00:00,44.490094,44.490094,22.074182,1,0.000000,0,0,0
2018-01-02T06:00:00,37.892945,37.892945,22.076800,1,0.000000,0,0,0
2018-01-02T07:00:00,39.659903,39.659903,22.079422,1,0.000000,0,0,0
2018-01-02T08:00:00,29.752830,29.752830,22.082048,1,0.000000,0,0,0
2018-01-02T09:00:00,31.783285,31.783285,22.084678,1,0.000000,0,0,0
2018-01-02T10:00:00,19.491372,19.491372,22.087312,2,0.000000,0,0,0
2018-01-02T11:00:00,19.867278,19.867278,22.089950,2,0.000000,0,0,0
2018-01-02T12:00:00,18.255044,18.255044,22.092592,2,0.000000,0,0,0
2018-01-02T13:00:00,17.117499,17.117499,22.095238,2,0.000000,0,0,0
2018-01-02T14:00:00,16.121779,16.121779,22.097888,2,0.000000,0,0,0
2018-01-02T15:00:00,15.131679,15.131679,22.100542,2,0.000000,0,0,0
2018-01-02T16:00:00,13.529157,13.529157,22.103200,2,0.000000,0,0,0
2018-01-02T17:00:00,13.640526,13.640526,22.105862,2,0.000000,0,0,0
2018-01-02T18:00:00,26.846817,26.846817,22.108528,1,0.000000,0,0,0
2018-01-02T19:00:00,30.394229,30.394229,22.111198,1,0.000000,0,0,0
2018-01-02T20:00:00,33.188536,33.188536,22.113872,1,0.000000,0,0,0
2018-01-02T21:00:00,34.157507,34.157507,22.116550,1,0.000000,0,0,0
2018-01-02T22:00:00,34.275923,34.275923,22.119232,1,0.000000,0,0,0
2018-01-02T23:00:00,35.877084,35.877084,22.121918,1,0.000000,0,0,0
2018-01-03T00:00:00,38.605107,38.605107,22.124608,1,0.000000,0,0,0
2018-01-03T01:00:00,38.024199,38.024199,22.127302,1,0.000000,0,0,0
2018-01-03T02:00:00,39.797126,39.797126,22.130000,1,0.000000,0,0,0
2018-01-03T03:00:00,46.466328,46.466328,22.132702,1,0.000000,0,0,0
2018-01-03T04:00:00,52.833823,52.833823,22.135408,1,0.000000,0,0,0
2018-01-03T05:00:00,47.800615,47.800615,22.138118,1,0.000000,0,0,0
2018-01-03T06:00:00,29.126412,29.126412,22.140832,2,0.000000,0,0,0
2018-01-03T07:00:00,27.828407,27.828407,22.143550,2,0.000000,0,0,0
2018-01-03T08:00:00,45.322997,45.322997,22.146272,2,0.000000,0,0,0
2018-01-03T09:00:00,40.548279,40.548279,22.148998,2,0.000000,0,0,0
2018-01-03T10:00:00,30.664662,30.664662,22.151728,2,0.000000,0,0,0
2018-01-03T11:00:00,22.551721,22.551721,22.154462,2,0.000000,0,0,0
2018-01-03T12:00:00,3.276227,3.276227,22.157200,2,-16.818144,0,0,1
2018-01-03T13:00:00,28.510667,28.510667,22.159942,3,-9.800640,0,0,1
2018-01-03T14:00:00,29.843226,29.843226,22.162688,3,-5.711245,0,0,0
2018-01-03T15:00:00,27.059615,27.059615,22.165438,3,-3.328183,0,0,0
2018-01-03T16:00:00,34.329766,34.329766,22.168192,3,-1.939472,0,0,0
2018-01-03T17:00:00,17.539972,17.539972,22.170950,3,-1.130212,0,0,0
2018-01-03T18:00:00,19.941907,19.941907,22.173712,3,-0.658622,0,0,0
2018-01-03T19:00:00,37.140014,37.140014,22.176478,3,-0.383807,0,0,0
2018-01-03T20:00:00,33.124564,33.124564,22.179248,0,-0.223660,0,0,0
2018-01-03T21:00:00,30.903023,30.903023,22.182022,0,-0.130336,0,0,0
2018-01-03T22:00:00,29.058447,29.058447,22.184800,0,-0.075952,0,0,0
2018-01-03T23:00:00,26.748922,26.748922,22.187582,0,-0.044261,0,0,0
2018-01-04T00:00:00,34.525321,34.525321,22.190368,1,-0.025793,0,0,0
2018-01-04T01:00:00,22.052085,22.052085,22.193158,1,-0.015030,0,0,0
2018-01-04T02:00:00,28.236405,28.236405,22.195952,1,-0.008759,0,0,0
2018-01-04T03:00:00,30.148341,30.148341,22.198750,1,0.000000,0,0,0
2018-01-04T04:00:00,31.080879,31.080879,22.201552,1,0.000000,0,0,0
2018-01-04T05:00:00,32.150069,32.150069,22.204358,1,0.000000,0,0,0
2018-01-04T06:00:00,40.662432,40.662432,22.207168,1,0.000000,0,0,0
2018-01-04T07:00:00,41.022678,41.022678,22.209982,1,0.000000,0,0,0
2018-01-04T08:00:00,36.453828,36.453828,22.212800,1,0.000000,0,0,0
2018-01-04T09:00:00,31.332684,31.332684,22.215622,1,0.000000,0,0,0
2018-01-04T10:00:00,30.303363,30.303363,22.218448,1,0.000000,0,0,0
2018-01-04T11:00:00,30.944189,30.944189,22.221278,1,0.000000,0,0,0
2018-01-04T12:00:00,26.718254,26.718254,22.224112,1,0.000000,0,0,0
2018-01-04T13:00:00,21.617798,21.617798,22.226950,1,0.000000,0,0,0
2018-01-04T14:00:00,27.119668,27.119668,22.229792,1,0.000000,0,0,0
2018-01-04T15:00:00,29.330231,29.330231,22.232638,3,0.000000,0,0,0
2018-01-04T16:00:00,30.036874,30.036874,22.235488,3,0.000000,0,0,0
2018-01-04T17:00:00,8.180496,8.180496,22.238342,2,0.000000,0,0,0
2018-01-04T18:00:00,20.491159,20.491159,22.241200,1,0.000000,0,0,0
2018-01-04T19:00:00,19.546358,19.546358,22.244062,1,0.000000,0,0,0
2018-01-04T20:00:00,26.049349,26.049349,22.246928,1,0.000000,0,0,0
2018-01-04T21:00:00,29.565357,29.565357,22.249798,1,0.000000,0,0,0
2018-01-04T22:00:00,29.041853,29.041853,22.252672,1,0.000000,0,0,0
2018-01-04T23:00:00,30.850342,30.850342,22.255550,1,0.000000,0,0,0
2018-01-05T00:00:00,32.228034,32.228034,22.258432,1,0.000000,0,0,0
2018-01-05T01:00:00,37.941047,37.941047,22.261318,3,0.000000,0,0,0
2018-01-05T02:00:00,27.600650,27.600650,22.264208,3,-15.144628,0,0,1
2018-01-05T03:00:00,45.941378,45.941378,22.267102,3,-12.898020,0,0,1
2018-01-05T04:00:00,33.289505,33.289505,22.270000,3,-10.984682,0,0,1
2018-01-05T05:00:00,18.107777,18.107777,22.272902,0,-9.355175,0,0,1
2018-01-05T06:00:00,17.550135,17.550135,22.275808,0,-7.967395,0,0,1
2018-01-05T07:00:00,20.491186,20.491186,22.278718,0,-6.785484,0,0,0
2018-01-05T08:00:00,19.598278,19.598278,22.281632,0,-5.778901,0,0,0
2018-01-05T09:00:00,14.730217,14.730217,22.284550,0,-4.921638,0,0,0
2018-01-05T10:00:00,13.064848,13.064848,22.287472,0,-4.191545,0,0,0
2018-01-05T11:00:00,17.850325,17.850325,22.290398,0,0.000000,0,0,0
2018-01-05T12:00:00,16.605751,16.605751,22.293328,0,0.000000,0,0,0
2018-01-05T13:00:00,18.355639,18.355639,22.296262,0,0.000000,0,0,0
2018-01-05T14:00:00,23.954339,23.954339,22.299200,1,0.000000,0,0,0
2018-01-05T15:00:00,22.342216,22.342216,22.302142,1,0.000000,0,0,0
2018-01-05T16:00:00,16.362789,16.362789,22.305088,1,0.000000,0,0,0
2018-01-05T17:00:00,17.953650,17.953650,22.308038,1,0.000000,0,0,0
2018-01-05T18:00:00,21.221906,21.221906,22.310992,1,0.000000,0,0,0
2018-01-05T19:00:00,22.822101,22.822101,22.313950,1,0.000000,0,0,0
2018-01-05T20:00:00,25.662602,25.662602,22.316912,1,0.000000,0,0,0
2018-01-05T21:00:00,31.145699,31.145699,22.319878,1,0.000000,0,0,0
2018-01-05T22:00:00,32.003436,32.003436,22.322848,1,0.000000,0,0,0
2018-01-05T23:00:00,37.013300,37.013300,22.325822,1,0.000000,0,0,0
2018-01-06T00:00:00,33.739789,33.739789,22.328800,1,0.000000,0,0,0
2018-01-06T01:00:00,36.586087,36.586087,22.331782,1,0.000000,0,0,0
2018-01-06T02:00:00,35.108749,35.108749,22.334768,1,0.000000,0,0,0
2018-01-06T03:00:00,32.819445,32.819445,22.337758,1,0.000000,0,0,0
2018-01-06T04:00:00,35.640645,35.640645,22.340752,1,0.000000,0,0,0
2018-01-06T05:00:00,30.525494,30.525494,22.343750,0,0.000000,0,0,0
2018-01-06T06:00:00,34.003642,34.003642,22.346752,0,0.000000,0,0,0
2018-01-06T07:00:00,38.773253,38.773253,22.349758,0,0.000000,0,0,0
2018-01-06T08:00:00,32.286322,32.286322,22.352768,0,0.000000,0,0,0
2018-01-06T09:00:00,27.940277,27.940277,22.355782,0,0.000000,0,0,0
2018-01-06T10:00:00,23.768590,23.768590,22.358800,0,0.000000,0,0,0
2018-01-06T11:00:00,21.117998,21.117998,22.361822,0,0.000000,0,0,0
2018-01-06T12:00:00,22.446950,22.446950,22.364848,0,0.000000,0,0,0
2018-01-06T13:00:00,19.869397,19.869397,22.367878,0,0.000000,0,0,0
2018-01-06T14:00:00,24.458240,24.458240,22.370912,1,0.000000,0,0,0
2018-01-06T15:00:00,22.238603,22.238603,22.373950,1,0.000000,0,0,0
2018-01-06T16:00:00,25.791353,25.791353,22.376992,1,0.000000,0,0,0
2018-01-06T17:00:00,27.018038,27.018038,22.380038,1,0.000000,0,0,0
2018-01-06T18:00:00,29.134389,29.134389,22.383088,1,0.000000,0,0,0
2018-01-06T19:00:00,30.578031,30.578031,22.386142,1,0.000000,0,0,0
2018-01-06T20:00:00,25.323442,25.323442,22.389200,1,-2.243817,0,0,0
2018-01-06T21:00:00,23.132406,23.132406,22.392262,1,-1.886830,0,0,0
2018-01-06T22:00:00,30.886151,30.886151,22.395328,1,-1.586639,0,0,0
2018-01-06T23:00:00,32.997368,32.997368,22.398398,1,-1.334208,0,0,0
2018-01-07T00:00:00,32.953604,32.953604,22.401472,1,0.000000,0,0,0
2018-01-07T01:00:00,30.200968,30.200968,22.404550,1,0.000000,0,0,0
2018-01-07T02:00:00,34.889051,34.889051,22.407632,1,0.000000,0,0,0
2018-01-07T03:00:00,38.729536,38.729536,22.410718,1,0.000000,0,0,0
2018-01-07T04:00:00,37.872147,37.872147,22.413808,1,0.000000,0,0,0
2018-01-07T05:00:00,39.665423,39.665423,22.416902,1,0.000000,0,0,0
2018-01-07T06:00:00,40.085581,40.085581,22.420000,1,0.000000,0,0,0
2018-01-07T07:00:00,39.597314,39.597314,22.423102,3,0.000000,0,0,0
2018-01-07T08:00:00,34.407764,34.407764,22.426208,3,0.000000,0,0,0
2018-01-07T09:00:00,72.893822,72.893822,22.429318,3,0.000000,0,0,0
2018-01-07T10:00:00,68.059931,68.059931,22.432432,3,0.000000,0,0,0
2018-01-07T11:00:00,32.195424,32.195424,22.435550,2,0.000000,0,0,0
2018-01-07T12:00:00,19.861591,19.861591,22.438672,2,0.000000,0,0,0
2018-01-07T13:00:00,13.925336,13.925336,22.441798,2,0.000000,0,0,0
2018-01-07T14:00:00,11.448202,11.448202,22.444928,2,0.000000,0,0,0
2018-01-07T15:00:00,10.150347,10.150347,22.448062,2,0.000000,0,0,0
2018-01-07T16:00:00,12.107420,12.107420,22.451200,2,0.000000,0,0,0
2018-01-07T17:00:00,25.664606,25.664606,22.454342,1,0.000000,0,0,0
2018-01-07T18:00:00,26.897435,26.897435,22.457488,1,0.000000,0,0,0
2018-01-07T19:00:00,28.930871,28.930871,22.460638,1,0.000000,0,0,0
2018-01-07T20:00:00,29.130238,29.130238,22.463792,1,0.000000,0,0,0
2018-01-07T21:00:00,33.251525,33.251525,22.466950,1,0.000000,0,0,0
2018-01-07T22:00:00,33.647204,33.647204,22.470112,1,0.000000,0,0,0
2018-01-07T23:00:00,35.533600,35.533600,22.473278,1,0.000000,0,0,0
2018-01-08T00:00:00,40.214596,40.214596,22.476448,1,0.000000,0,0,0
2018-01-08T01:00:00,43.589740,43.589740,22.479622,1,0.000000,0,0,0
2018-01-08T02:00:00,39.643122,39.643122,22.482800,1,0.000000,0,0,0
2018-01-08T03:00:00,26.995834,26.995834,22.485982,2,0.000000,0,0,0
2018-01-08T04:00:00,33.105986,33.105986,22.489168,2,0.000000,0,0,0
2018-01-08T05:00:00,32.542305,32.542305,22.492358,2,0.000000,0,0,0
2018-01-08T06:00:00,29.746187,29.746187,22.495552,2,0.000000,0,0,0
2018-01-08T07:00:00,28.629451,28.629451,22.498750,2,0.000000,0,0,0
2018-01-08T08:00:00,26.128859,26.128859,22.501952,2,0.000000,0,0,0
2018-01-08T09:00:00,25.745294,25.745294,22.505158,2,0.000000,0,0,0
2018-01-08T10:00:00,24.253918,24.253918,22.508368,2,0.000000,0,0,0
2018-01-08T11:00:00,23.859570,23.859570,22.511582,2,0.000000,0,0,0
2018-01-08T12:00:00,22.366911,22.366911,22.514800,2,0.000000,0,0,0
2018-01-08T13:00:00,20.092987,20.092987,22.518022,2,0.000000,0,0,0
2018-01-08T14:00:00,18.655558,18.655558,22.521248,2,0.000000,0,0,0
2018-01-08T15:00:00,38.249528,38.249528,22.524478,3,0.000000,0,0,0
2018-01-08T16:00:00,18.993948,18.993948,22.527712,2,0.000000,0,0,0
2018-01-08T17:00:00,19.788026,19.788026,22.530950,2,0.000000,0,0,0
2018-01-08T18:00:00,22.209321,22.209321,22.534192,2,0.000000,0,0,0
2018-01-08T19:00:00,23.066539,23.066539,22.537438,2,0.000000,0,0,0
2018-01-08T20:00:00,24.143154,24.143154,22.540688,2,0.000000,0,0,0
2018-01-08T21:00:00,25.777209,25.777209,22.543942,2,0.000000,0,0,0
2018-01-08T22:00:00,25.889692,25.889692,22.547200,2,0.000000,0,0,0
2018-01-08T23:00:00,28.235012,28.235012,22.550462,2,0.000000,0,0,0
2018-01-09T00:00:00,31.050090,31.050090,22.553728,2,0.000000,0,0,0
2018-01-09T01:00:00,33.299717,33.299717,22.556998,2,0.000000,0,0,0
2018-01-09T02:00:00,35.289575,35.289575,22.560272,2,0.000000,0,0,0
2018-01-09T03:00:00,32.991361,32.991361,22.563550,2,0.000000,0,0,0
2018-01-09T04:00:00,36.620024,36.620024,22.566832,2,0.000000,0,0,0
2018-01-09T05:00:00,34.538803,34.538803,22.570118,2,0.000000,0,0,0
2018-01-09T06:00:00,49.036723,49.036723,22.573408,1,0.000000,0,0,0
2018-01-09T07:00:00,59.916723,59.916723,22.576702,3,0.000000,0,0,0
2018-01-09T08:00:00,57.493620,57.493620,22.580000,3,0.000000,0,0,0
2018-01-09T09:00:00,53.090309,53.090309,22.583302,3,0.000000,0,0,0
2018-01-09T10:00:00,48.618319,48.618319,22.586608,3,0.000000,0,0,0
2018-01-09T11:00:00,24.677491,24.677491,22.589918,3,0.000000,0,0,0
2018-01-09T12:00:00,30.738828,30.738828,22.593232,3,0.000000,0,0,0
2018-01-09T13:00:00,26.105308,26.105308,22.596550,3,0.000000,0,0,0
2018-01-09T14:00:00,34.220560,34.220560,22.599872,3,0.000000,0,0,0
2018-01-09T15:00:00,32.461589,32.461589,22.603198,3,0.000000,0,0,0
2018-01-09T16:00:00,19.210937,19.210937,22.606528,0,0.000000,0,0,0
2018-01-09T17:00:00,16.670464,16.670464,22.609862,0,0.000000,0,0,0
2018-01-09T18:00:00,12.997378,12.997378,22.613200,2,0.000000,0,0,0
2018-01-09T19:00:00,16.857496,16.857496,22.616542,2,0.000000,0,0,0
2018-01-09T20:00:00,18.972631,18.972631,22.619888,2,0.000000,0,0,0
2018-01-09T21:00:00,21.599760,21.599760,22.623238,2,0.000000,0,0,0
2018-01-09T22:00:00,22.667850,22.667850,22.626592,2,0.000000,0,0,0
2018-01-09T23:00:00,22.960208,22.960208,22.629950,2,0.000000,0,0,0
2018-01-10T00:00:00,50.558585,50.558585,22.633312,3,0.000000,0,0,0
2018-01-10T01:00:00,49.603435,49.603435,22.636678,3,0.000000,0,0,0
2018-01-10T02:00:00,39.749040,39.749040,22.640048,3,0.000000,0,0,0
2018-01-10T03:00:00,51.411563,51.411563,22.643422,3,0.000000,0,0,0
2018-01-10T04:00:00,65.935764,65.935764,22.646800,3,0.000000,0,0,0
2018-01-10T05:00:00,45.649170,45.649170,22.650182,3,0.000000,0,0,0
2018-01-10T06:00:00,39.566157,39.566157,22.653568,3,0.000000,0,0,0
2018-01-10T07:00:00,45.043028,45.043028,22.656958,3,0.000000,0,0,0
2018-01-10T08:00:00,48.771569,48.771569,22.660352,3,0.000000,0,0,0
2018-01-10T09:00:00,27.559008,27.559008,22.663750,0,0.000000,0,0,0
2018-01-10T10:00:00,24.490531,24.490531,22.667152,0,0.000000,0,0,0
2018-01-10T11:00:00,21.007821,21.007821,22.670558,0,0.000000,0,0,0
2018-01-10T12:00:00,20.949189,20.949189,22.673968,0,0.000000,0,0,0
2018-01-10T13:00:00,19.593614,19.593614,22.677382,0,0.000000,0,0,0
2018-01-10T14:00:00,27.300151,27.300151,22.680800,1,0.000000,0,0,0
2018-01-10T15:00:00,24.134095,24.134095,22.684222,1,0.000000,0,0,0
2018-01-10T16:00:00,23.553395,23.553395,22.687648,1,0.000000,0,0,0
2018-01-10T17:00:00,21.677071,21.677071,22.691078,1,0.000000,0,0,0
2018-01-10T18:00:00,12.356657,12.356657,22.694512,1,0.000000,0,0,0
2018-01-10T19:00:00,18.044664,18.044664,22.697950,1,0.000000,0,0,0
2018-01-10T20:00:00,15.236455,15.236455,22.701392,1,0.000000,0,0,0
2018-01-10T21:00:00,23.237040,23.237040,22.704838,1,0.000000,0,0,0
2018-01-10T22:00:00,30.826012,30.826012,22.708288,1,0.000000,0,0,0
2018-01-10T23:00:00,34.580733,34.580733,22.711742,1,0.000000,0,0,0
2018-01-11T00:00:00,30.945503,30.945503,22.715200,1,0.000000,0,0,0
2018-01-11T01:00:00,37.569736,37.569736,22.718662,1,0.000000,0,0,0
2018-01-11T02:00:00,37.806672,37.806672,22.722128,1,0.000000,0,0,0
2018-01-11T03:00:00,38.264686,38.264686,22.725598,1,0.000000,0,0,0
2018-01-11T04:00:00,44.234640,44.234640,22.729072,2,21.241240,0,0,1
2018-01-11T05:00:00,37.805490,37.805490,22.732550,2,18.106829,0,0,1
2018-01-11T06:00:00,37.565970,37.565970,22.736032,2,15.434939,0,0,1
2018-01-11T07:00:00,35.814830,35.814830,22.739518,2,13.157320,0,0,1
2018-01-11T08:00:00,33.230330,33.230330,22.743008,2,11.215792,0,0,1
2018-01-11T09:00:00,28.355250,28.355250,22.746502,2,9.560762,0,0,1
2018-01-11T10:00:00,28.452516,28.452516,22.750000,2,8.149951,0,0,1
2018-01-11T11:00:00,27.862776,27.862776,22.753502,2,6.947324,0,0,0
2018-01-11T12:00:00,17.886343,17.886343,22.757008,2,5.922159,0,0,0
2018-01-11T13:00:00,28.485555,28.485555,22.760518,1,5.048270,0,0,0
2018-01-11T14:00:00,30.010993,30.010993,22.764032,1,4.303334,0,0,0
2018-01-11T15:00:00,34.599891,34.599891,22.767550,3,3.668323,0,0,0
2018-01-11T16:00:00,26.075780,26.075780,22.771072,3,3.127016,0,0,0
2018-01-11T17:00:00,19.764119,19.764119,22.774598,1,2.665586,0,0,0
2018-01-11T18:00:00,21.596793,21.596793,22.778128,1,2.272245,0,0,0
2018-01-11T19:00:00,21.404582,21.404582,22.781662,1,1.936947,0,0,0
2018-01-11T20:00:00,10.426405,10.426405,22.785200,2,1.651126,0,0,0
2018-01-11T21:00:00,9.977346,9.977346,22.788742,2,0.000000,0,0,0
2018-01-11T22:00:00,14.439265,14.439265,22.792288,2,0.000000,0,0,0
2018-01-11T23:00:00,18.650939,18.650939,22.795838,2,0.000000,0,0,0
2018-01-12T00:00:00,22.324446,22.324446,22.799392,2,0.000000,0,0,0
2018-01-12T01:00:00,25.489312,25.489312,22.802950,2,0.000000,0,0,0
2018-01-12T02:00:00,25.444829,25.444829,22.806512,2,0.000000,0,0,0
2018-01-12T03:00:00,26.608833,26.608833,22.810078,2,0.000000,0,0,0
2018-01-12T04:00:00,45.463679,45.463679,22.813648,3,0.000000,0,0,0
2018-01-12T05:00:00,45.675475,45.675475,22.817222,3,0.000000,0,0,0
2018-01-12T06:00:00,30.842114,30.842114,22.820800,0,0.000000,0,0,0
2018-01-12T07:00:00,24.051357,24.051357,22.824382,0,0.000000,0,0,0
2018-01-12T08:00:00,28.256957,28.256957,22.827968,0,0.000000,0,0,0
2018-01-12T09:00:00,26.292905,26.292905,22.831558,0,0.000000,0,0,0
2018-01-12T10:00:00,29.571216,29.571216,22.835152,0,0.000000,0,0,0
2018-01-12T11:00:00,29.210241,29.210241,22.838750,0,0.000000,0,0,0
2018-01-12T12:00:00,24.074943,24.074943,22.842352,0,0.000000,0,0,0
2018-01-12T13:00:00,18.540679,18.540679,22.845958,0,0.000000,0,0,0
2018-01-12T14:00:00,13.608598,13.608598,22.849568,0,0.000000,0,0,0
2018-01-12T15:00:00,11.068891,11.068891,22.853182,0,0.000000,0,0,0
2018-01-12T16:00:00,9.853589,9.853589,22.856800,0,0.000000,0,0,0
2018-01-12T17:00:00,10.165057,10.165057,22.860422,0,0.000000,0,0,0
2018-01-12T18:00:00,11.232530,11.232530,22.864048,0,0.000000,0,0,0
2018-01-12T19:00:00,16.822205,16.822205,22.867678,0,0.000000,0,0,0
2018-01-12T20:00:00,13.588600,13.588600,22.871312,0,0.000000,0,0,0
2018-01-12T21:00:00,14.759170,14.759170,22.874950,0,0.000000,0,0,0
2018-01-12T22:00:00,-8.306353,-8.306353,22.878592,0,-24.306568,0,0,1
2018-01-12T23:00:00,-1.988924,-1.988924,22.882238,0,-20.562521,0,0,1
2018-01-13T00:00:00,3.309090,3.309090,22.885888,0,-17.395186,0,0,1
2018-01-13T01:00:00,7.573987,7.573987,22.889542,0,-14.715729,0,0,1
2018-01-13T02:00:00,12.328834,12.328834,22.893200,0,-12.449001,0,0,1
2018-01-13T03:00:00,18.702708,18.702708,22.896862,0,-10.531427,0,0,1
2018-01-13T04:00:00,20.721625,20.721625,22.900528,0,-8.909225,0,0,1
2018-01-13T05:00:00,19.647681,19.647681,22.904198,0,-7.536898,0,0,0
2018-01-13T06:00:00,20.912567,20.912567,22.907872,0,-6.375957,0,0,0
2018-01-13T07:00:00,15.687241,15.687241,22.911550,0,-5.393841,0,0,0
2018-01-13T08:00:00,16.614912,16.614912,22.915232,0,0.000000,0,0,0
2018-01-13T09:00:00,19.031362,19.031362,22.918918,0,0.000000,0,0,0
2018-01-13T10:00:00,19.004295,19.004295,22.922608,0,0.000000,0,0,0
2018-01-13T11:00:00,18.312390,18.312390,22.926302,0,0.000000,0,0,0
2018-01-13T12:00:00,18.931918,18.931918,22.930000,0,0.000000,0,0,0
2018-01-13T13:00:00,18.263019,18.263019,22.933702,0,0.000000,0,0,0
2018-01-13T14:00:00,15.703998,15.703998,22.937408,0,0.000000,0,0,0
2018-01-13T15:00:00,17.711599,17.711599,22.941118,0,0.000000,0,0,0
2018-01-13T16:00:00,17.032536,17.032536,22.944832,0,0.000000,0,0,0
2018-01-13T17:00:00,17.115084,17.115084,22.948550,0,0.000000,0,0,0
2018-01-13T18:00:00,17.369659,17.369659,22.952272,0,0.000000,0,0,0
2018-01-13T19:00:00,12.803620,12.803620,22.955998,0,0.000000,0,0,0
2018-01-13T20:00:00,10.411551,10.411551,22.959728,0,0.000000,0,0,0
2018-01-13T21:00:00,14.359991,14.359991,22.963462,0,0.000000,0,0,0
2018-01-13T22:00:00,20.364096,20.364096,22.967200,0,0.000000,0,0,0
2018-01-13T23:00:00,24.603360,24.603360,22.970942,0,0.000000,0,0,0
2018-01-14T00:00:00,27.571805,27.571805,22.974688,0,0.000000,0,0,0
2018-01-14T01:00:00,29.672001,29.672001,22.978438,0,0.000000,0,0,0
2018-01-14T02:00:00,32.151188,32.151188,22.982192,0,0.000000,0,0,0
2018-01-14T03:00:00,35.012068,35.012068,22.985950,0,0.000000,0,0,0
2018-01-14T04:00:00,38.688052,38.688052,22.989712,0,0.000000,0,0,0
2018-01-14T05:00:00,35.602289,35.602289,22.993478,0,0.000000,0,0,0
2018-01-14T06:00:00,37.907657,37.907657,22.997248,0,0.000000,0,0,0
2018-01-14T07:00:00,7.523618,34.494837,23.001022,0,0.000000,0,1,0
2018-01-14T08:00:00,6.216291,33.096656,23.004800,0,0.000000,0,1,0
2018-01-14T09:00:00,6.079457,31.631335,23.008582,0,0.000000,0,1,0
2018-01-14T10:00:00,3.604087,24.607624,23.012368,2,0.000000,0,1,0
2018-01-14T11:00:00,3.744208,21.541140,23.016158,2,0.000000,0,1,0
2018-01-14T12:00:00,4.509210,21.452708,23.019952,2,0.000000,0,1,0
2018-01-14T13:00:00,5.203079,22.629891,23.023750,0,0.000000,0,1,0
2018-01-14T14:00:00,4.324307,21.974552,23.027552,0,0.000000,0,1,0
2018-01-14T15:00:00,5.346272,24.671835,23.031358,0,0.000000,0,1,0
2018-01-14T16:00:00,3.903561,22.880836,23.035168,0,0.000000,0,1,0
2018-01-14T17:00:00,4.350356,23.018272,23.038982,0,0.000000,0,1,0
2018-01-14T18:00:00,3.941059,23.385216,23.042800,0,0.000000,0,1,0
2018-01-14T19:00:00,20.979542,20.979542,23.046622,0,0.000000,0,0,0
2018-01-14T20:00:00,22.882068,22.882068,23.050448,0,0.000000,0,0,0
2018-01-14T21:00:00,25.818919,25.818919,23.054278,0,0.000000,0,0,0
2018-01-14T22:00:00,26.823936,26.823936,23.058112,0,0.000000,0,0,0
2018-01-14T23:00:00,28.194677,28.194677,23.061950,0,0.000000,0,0,0
2018-01-15T00:00:00,31.074495,31.074495,23.065792,0,0.000000,0,0,0
2018-01-15T01:00:00,34.173888,34.173888,23.069638,0,0.000000,0,0,0
2018-01-15T02:00:00,37.202482,37.202482,23.073488,0,0.000000,0,0,0
2018-01-15T03:00:00,59.706781,59.706781,23.077342,0,19.851149,0,0,1
2018-01-15T04:00:00,56.546230,56.546230,23.081200,0,15.347938,0,0,1
2018-01-15T05:00:00,55.037916,55.037916,23.085062,0,11.866275,0,0,1
2018-01-15T06:00:00,51.111675,51.111675,23.088928,0,9.174423,0,0,1
2018-01-15T07:00:00,45.296033,45.296033,23.092798,0,7.093215,0,0,0
2018-01-15T08:00:00,37.058248,37.058248,23.096672,0,0.000000,0,0,0
2018-01-15T09:00:00,40.400531,40.400531,23.100550,0,0.000000,0,0,0
2018-01-15T10:00:00,39.641450,39.641450,23.104432,0,0.000000,0,0,0
2018-01-15T11:00:00,44.214430,44.214430,23.108318,1,0.000000,0,0,0
2018-01-15T12:00:00,41.215459,41.215459,23.112208,1,0.000000,0,0,0
2018-01-15T13:00:00,37.082537,37.082537,23.116102,1,0.000000,0,0,0
2018-01-15T14:00:00,31.711062,31.711062,23.120000,1,0.000000,0,0,0
2018-01-15T15:00:00,35.106636,35.106636,23.123902,3,0.000000,0,0,0
2018-01-15T16:00:00,43.132114,43.132114,23.127808,3,0.000000,0,0,0
2018-01-15T17:00:00,38.047785,38.047785,23.131718,3,0.000000,0,0,0
2018-01-15T18:00:00,15.653818,15.653818,23.135632,2,0.000000,0,0,0
2018-01-15T19:00:00,30.949533,30.949533,23.139550,3,0.000000,0,0,0
2018-01-15T20:00:00,21.148102,21.148102,23.143472,3,0.000000,0,0,0
2018-01-15T21:00:00,26.655059,26.655059,23.147398,3,0.000000,0,0,0
2018-01-15T22:00:00,37.777085,37.777085,23.151328,3,0.000000,0,0,0
2018-01-15T23:00:00,21.848077,21.848077,23.155262,2,0.000000,0,0,0
2018-01-16T00:00:00,24.069393,24.069393,23.159200,2,0.000000,0,0,0
2018-01-16T01:00:00,27.369958,27.369958,23.163142,2,0.000000,0,0,0
2018-01-16T02:00:00,26.058457,26.058457,23.167088,2,0.000000,0,0,0
2018-01-16T03:00:00,26.587947,26.587947,23.171038,2,0.000000,0,0,0
2018-01-16T04:00:00,23.324693,23.324693,23.174992,2,0.000000,0,0,0
2018-01-16T05:00:00,25.634043,25.634043,23.178950,2,0.000000,0,0,0
2018-01-16T06:00:00,29.106462,29.106462,23.182912,2,0.000000,0,0,0
2018-01-16T07:00:00,33.438023,33.438023,23.186878,2,0.000000,0,0,0
2018-01-16T08:00:00,33.685314,33.685314,23.190848,2,0.000000,0,0,0
2018-01-16T09:00:00,38.575675,38.575675,23.194822,0,0.000000,0,0,0
2018-01-16T10:00:00,33.865174,33.865174,23.198800,0,0.000000,0,0,0
2018-01-16T11:00:00,30.881441,30.881441,23.202782,0,0.000000,0,0,0
2018-01-16T12:00:00,27.993556,27.993556,23.206768,0,0.000000,0,0,0
2018-01-16T13:00:00,26.514415,26.514415,23.210758,0,0.000000,0,0,0
2018-01-16T14:00:00,24.428276,24.428276,23.214752,0,0.000000,0,0,0
2018-01-16T15:00:00,23.010958,23.010958,23.218750,0,0.000000,0,0,0
2018-01-16T16:00:00,20.449403,20.449403,23.222752,0,0.000000,0,0,0
2018-01-16T17:00:00,19.293750,19.293750,23.226758,0,0.000000,0,0,0
2018-01-16T18:00:00,17.933956,17.933956,23.230768,0,0.000000,0,0,0
2018-01-16T19:00:00,18.933434,18.933434,23.234782,0,0.000000,0,0,0
2018-01-16T20:00:00,20.065960,20.065960,23.238800,0,0.000000,0,0,0
2018-01-16T21:00:00,20.879319,20.879319,23.242822,0,0.000000,0,0,0
2018-01-16T22:00:00,23.484888,23.484888,23.246848,0,0.000000,0,0,0
2018-01-16T23:00:00,25.706372,25.706372,23.250878,0,0.000000,0,0,0
2018-01-17T00:00:00,28.178668,28.178668,23.254912,0,0.000000,0,0,0
2018-01-17T01:00:00,29.715869,29.715869,23.258950,0,0.000000,0,0,0
2018-01-17T02:00:00,34.046250,34.046250,23.262992,0,0.000000,0,0,0
2018-01-17T03:00:00,34.665157,34.665157,23.267038,0,0.000000,0,0,0
2018-01-17T04:00:00,34.416607,34.416607,23.271088,0,0.000000,0,0,0
2018-01-17T05:00:00,48.646012,48.646012,23.275142,1,0.000000,0,0,0
2018-01-17T06:00:00,51.682030,51.682030,23.279200,1,0.000000,0,0,0
2018-01-17T07:00:00,53.569630,53.569630,23.283262,1,0.000000,0,0,0
2018-01-17T08:00:00,51.218566,51.218566,23.287328,1,0.000000,0,0,0
2018-01-17T09:00:00,51.574292,51.574292,23.291398,1,0.000000,0,0,0
2018-01-17T10:00:00,41.030523,41.030523,23.295472,1,0.000000,0,0,0
2018-01-17T11:00:00,30.589245,30.589245,23.299550,0,0.000000,0,0,0
2018-01-17T12:00:00,29.320713,29.320713,23.303632,0,0.000000,0,0,0
2018-01-17T13:00:00,21.123016,21.123016,23.307718,0,0.000000,0,0,0
2018-01-17T14:00:00,21.404003,21.404003,23.311808,0,0.000000,0,0,0
2018-01-17T15:00:00,22.351469,22.351469,23.315902,0,0.000000,0,0,0
2018-01-17T16:00:00,23.502861,23.502861,23.320000,0,0.000000,0,0,0
2018-01-17T17:00:00,22.271358,22.271358,23.324102,0,0.000000,0,0,0
2018-01-17T18:00:00,22.485452,22.485452,23.328208,0,0.000000,0,0,0
2018-01-17T19:00:00,19.506815,19.506815,23.332318,0,0.000000,0,0,0
2018-01-17T20:00:00,17.661709,17.661709,23.336432,0,0.000000,0,0,0
2018-01-17T21:00:00,18.287510,18.287510,23.340550,0,0.000000,0,0,0
2018-01-17T22:00:00,16.568066,16.568066,23.344672,0,0.000000,0,0,0
2018-01-17T23:00:00,20.663301,20.663301,23.348798,0,0.000000,0,0,0
2018-01-18T00:00:00,24.689237,24.689237,23.352928,0,0.000000,0,0,0
2018-01-18T01:00:00,27.492485,27.492485,23.357062,0,0.000000,0,0,0
2018-01-18T02:00:00,27.928899,27.928899,23.361200,0,0.000000,0,0,0
2018-01-18T03:00:00,25.854412,25.854412,23.365342,0,0.000000,0,0,0
2018-01-18T04:00:00,33.100821,33.100821,23.369488,0,0.000000,0,0,0
2018-01-18T05:00:00,34.252446,34.252446,23.373638,0,0.000000,0,0,0
2018-01-18T06:00:00,34.386767,34.386767,23.377792,0,0.000000,0,0,0
2018-01-18T07:00:00,31.486219,31.486219,23.381950,0,0.000000,0,0,0
2018-01-18T08:00:00,36.793400,36.793400,23.386112,0,0.000000,0,0,0
2018-01-18T09:00:00,39.488389,39.488389,23.390278,0,0.000000,0,0,0
2018-01-18T10:00:00,37.279015,37.279015,23.394448,0,0.000000,0,0,0
2018-01-18T11:00:00,34.423635,34.423635,23.398622,0,0.000000,0,0,0
2018-01-18T12:00:00,49.709462,49.709462,23.402800,0,19.401397,0,0,1
2018-01-18T13:00:00,39.952270,39.952270,23.406982,0,16.134023,0,0,1
2018-01-18T14:00:00,32.981602,32.981602,23.411168,0,13.416906,0,0,1
2018-01-18T15:00:00,27.102929,27.102929,23.415358,0,11.157376,0,0,1
2018-01-18T16:00:00,23.108496,23.108496,23.419552,0,9.278371,0,0,1
2018-01-18T17:00:00,18.709028,18.709028,23.423750,0,7.715808,0,0,1
2018-01-18T18:00:00,16.905728,16.905728,23.427952,0,6.416395,0,0,0
2018-01-18T19:00:00,17.970886,17.970886,23.432158,0,5.335815,0,0,0
2018-01-18T20:00:00,12.821665,12.821665,23.436368,0,0.000000,0,0,0
2018-01-18T21:00:00,14.725039,14.725039,23.440582,0,0.000000,0,0,0
2018-01-18T22:00:00,15.562840,15.562840,23.444800,0,0.000000,0,0,0
2018-01-18T23:00:00,17.963415,17.963415,23.449022,0,0.000000,0,0,0
2018-01-19T00:00:00,17.077684,17.077684,23.453248,0,0.000000,0,0,0
2018-01-19T01:00:00,19.999597,19.999597,23.457478,0,0.000000,0,0,0
2018-01-19T02:00:00,31.987254,31.987254,23.461712,1,0.000000,0,0,0
2018-01-19T03:00:00,33.262970,33.262970,23.465950,1,0.000000,0,0,0
2018-01-19T04:00:00,35.034959,35.034959,23.470192,1,0.000000,0,0,0
2018-01-19T05:00:00,32.698390,32.698390,23.474438,1,0.000000,0,0,0
2018-01-19T06:00:00,34.625818,34.625818,23.478688,1,0.000000,0,0,0
2018-01-19T07:00:00,30.462185,30.462185,23.482942,1,0.000000,0,0,0
2018-01-19T08:00:00,29.281649,29.281649,23.487200,1,0.000000,0,0,0
2018-01-19T09:00:00,31.355224,31.355224,23.491462,1,0.000000,0,0,0
2018-01-19T10:00:00,28.494265,28.494265,23.495728,3,0.000000,0,0,0
2018-01-19T11:00:00,-12.737237,-12.737237,23.499998,3,0.000000,0,0,0
2018-01-19T12:00:00,9.698133,9.698133,23.504272,3,0.000000,0,0,0
2018-01-19T13:00:00,27.738483,27.738483,23.508550,3,0.000000,0,0,0
2018-01-19T14:00:00,27.482171,27.482171,23.512832,3,0.000000,0,0,0
2018-01-19T15:00:00,27.385716,27.385716,23.517118,3,0.000000,0,0,0
2018-01-19T16:00:00,13.142547,13.142547,23.521408,3,0.000000,0,0,0
2018-01-19T17:00:00,19.645200,19.645200,23.525702,3,0.000000,0,0,0
2018-01-19T18:00:00,26.179600,26.179600,23.530000,3,0.000000,0,0,0
2018-01-19T19:00:00,22.503134,22.503134,23.534302,3,0.000000,0,0,0
2018-01-19T20:00:00,24.904909,24.904909,23.538608,3,0.000000,0,0,0
2018-01-19T21:00:00,26.668999,26.668999,23.542918,3,0.000000,0,0,0
2018-01-19T22:00:00,36.625522,36.625522,23.547232,3,0.000000,0,0,0
2018-01-19T23:00:00,39.782578,39.782578,23.551550,3,0.000000,0,0,0
2018-01-20T00:00:00,26.796898,26.796898,23.555872,3,0.000000,0,0,0
2018-01-20T01:00:00,46.222142,46.222142,23.560198,3,0.000000,0,0,0
2018-01-20T02:00:00,42.422399,42.422399,23.564528,3,0.000000,0,0,0
2018-01-20T03:00:00,27.200813,27.200813,23.568862,3,0.000000,0,0,0
2018-01-20T04:00:00,32.277012,32.277012,23.573200,3,0.000000,0,0,0
2018-01-20T05:00:00,18.643900,18.643900,23.577542,1,0.000000,0,0,0
2018-01-20T06:00:00,30.306059,30.306059,23.581888,1,0.000000,0,0,0
2018-01-20T07:00:00,33.755629,33.755629,23.586238,1,0.000000,0,0,0
2018-01-20T08:00:00,47.154856,47.154856,23.590592,1,0.000000,0,0,0
2018-01-20T09:00:00,44.193202,44.193202,23.594950,1,0.000000,0,0,0
2018-01-20T10:00:00,38.597359,38.597359,23.599312,1,0.000000,0,0,0
2018-01-20T11:00:00,40.019539,40.019539,23.603678,1,0.000000,0,0,0
2018-01-20T12:00:00,41.260006,41.260006,23.608048,1,0.000000,0,0,0
2018-01-20T13:00:00,39.296985,39.296985,23.612422,1,0.000000,0,0,0
2018-01-20T14:00:00,41.465652,41.465652,23.616800,1,0.000000,0,0,0
2018-01-20T15:00:00,34.030240,34.030240,23.621182,1,0.000000,0,0,0
2018-01-20T16:00:00,31.496751,31.496751,23.625568,1,0.000000,0,0,0
2018-01-20T17:00:00,28.849007,28.849007,23.629958,1,0.000000,0,0,0
2018-01-20T18:00:00,35.881048,35.881048,23.634352,1,0.000000,0,0,0
2018-01-20T19:00:00,32.403693,32.403693,23.638750,1,0.000000,0,0,0
2018-01-20T20:00:00,25.483161,25.483161,23.643152,1,0.000000,0,0,0
2018-01-20T21:00:00,27.460190,27.460190,23.647558,1,0.000000,0,0,0
2018-01-20T22:00:00,39.025259,39.025259,23.651968,1,0.000000,0,0,0
2018-01-20T23:00:00,38.642204,38.642204,23.656382,1,0.000000,0,0,0
2018-01-21T00:00:00,37.003271,37.003271,23.660800,1,0.000000,0,0,0
2018-01-21T01:00:00,36.528811,36.528811,23.665222,1,0.000000,0,0,0
2018-01-21T02:00:00,30.496912,30.496912,23.669648,0,0.000000,0,0,0
2018-01-21T03:00:00,31.674412,31.674412,23.674078,0,0.000000,0,0,0
2018-01-21T04:00:00,34.871991,34.871991,23.678512,0,0.000000,0,0,0
2018-01-21T05:00:00,37.079549,37.079549,23.682950,0,0.000000,0,0,0
2018-01-21T06:00:00,49.789698,49.789698,23.687392,1,0.000000,0,0,0
2018-01-21T07:00:00,48.694392,48.694392,23.691838,1,0.000000,0,0,0
2018-01-21T08:00:00,54.044445,54.044445,23.696288,1,0.000000,0,0,0
2018-01-21T09:00:00,59.046045,59.046045,23.700742,1,0.000000,0,0,0
2018-01-21T10:00:00,54.477002,54.477002,23.705200,1,0.000000,0,0,0
2018-01-21T11:00:00,47.041173,47.041173,23.709662,1,0.000000,0,0,0
2018-01-21T12:00:00,35.362717,35.362717,23.714128,1,0.000000,0,0,0
2018-01-21T13:00:00,37.181183,37.181183,23.718598,1,0.000000,0,0,0
2018-01-21T14:00:00,28.012157,28.012157,23.723072,0,0.000000,0,0,0
2018-01-21T15:00:00,28.675768,28.675768,23.727550,0,0.000000,0,0,0
2018-01-21T16:00:00,26.373653,26.373653,23.732032,0,0.000000,0,0,0
2018-01-21T17:00:00,24.499527,24.499527,23.736518,0,0.000000,0,0,0
2018-01-21T18:00:00,22.970100,22.970100,23.741008,0,0.000000,0,0,0
2018-01-21T19:00:00,0.271227,0.271227,23.745502,0,0.000000,0,0,0
2018-01-21T20:00:00,9.695621,9.695621,23.750000,0,0.000000,0,0,0
2018-01-21T21:00:00,16.717224,16.717224,23.754502,0,0.000000,0,0,0
2018-01-21T22:00:00,20.574836,20.574836,23.759008,0,0.000000,0,0,0
2018-01-21T23:00:00,23.510113,23.510113,23.763518,0,0.000000,0,0,0
2018-01-22T00:00:00,27.325086,27.325086,23.768032,0,0.000000,0,0,0
2018-01-22T01:00:00,33.994518,33.994518,23.772550,0,0.000000,0,0,0
2018-01-22T02:00:00,33.150958,33.150958,23.777072,0,0.000000,0,0,0
2018-01-22T03:00:00,32.389549,32.389549,23.781598,0,0.000000,0,0,0
2018-01-22T04:00:00,35.085461,35.085461,23.786128,0,0.000000,0,0,0
2018-01-22T05:00:00,34.867338,34.867338,23.790662,0,0.000000,0,0,0
2018-01-22T06:00:00,41.670716,41.670716,23.795200,0,0.000000,0,0,0
2018-01-22T07:00:00,40.614048,40.614048,23.799742,0,0.000000,0,0,0
2018-01-22T08:00:00,40.178450,40.178450,23.804288,0,0.000000,0,0,0
2018-01-22T09:00:00,41.860217,41.860217,23.808838,0,0.000000,0,0,0
2018-01-22T10:00:00,37.950018,37.950018,23.813392,0,0.000000,0,0,0
2018-01-22T11:00:00,36.233823,36.233823,23.817950,0,0.000000,0,0,0
2018-01-22T12:00:00,30.730584,30.730584,23.822512,0,0.000000,0,0,0
2018-01-22T13:00:00,28.416862,28.416862,23.827078,0,0.000000,0,0,0
2018-01-22T14:00:00,26.262951,26.262951,23.831648,0,0.000000,0,0,0
2018-01-22T15:00:00,26.839552,26.839552,23.836222,0,0.000000,0,0,0
2018-01-22T16:00:00,24.660453,24.660453,23.840800,0,0.000000,0,0,0
2018-01-22T17:00:00,49.991026,49.991026,23.845382,3,0.000000,0,0,0
2018-01-22T18:00:00,46.379505,46.379505,23.849968,3,0.000000,0,0,0
2018-01-22T19:00:00,36.897580,36.897580,23.854558,3,0.000000,0,0,0
2018-01-22T20:00:00,29.812961,29.812961,23.859152,3,0.000000,0,0,0
2018-01-22T21:00:00,29.565343,29.565343,23.863750,3,0.000000,0,0,0
2018-01-22T22:00:00,48.101308,48.101308,23.868352,3,0.000000,0,0,0
2018-01-22T23:00:00,51.994612,51.994612,23.872958,3,0.000000,0,0,0
2018-01-23T00:00:00,50.717864,50.717864,23.877568,3,0.000000,0,0,0
2018-01-23T01:00:00,27.036198,27.036198,23.882182,0,0.000000,0,0,0
2018-01-23T02:00:00,28.345679,28.345679,23.886800,0,0.000000,0,0,0
2018-01-23T03:00:00,30.348578,30.348578,23.891422,0,0.000000,0,0,0
2018-01-23T04:00:00,34.646462,34.646462,23.896048,0,0.000000,0,0,0
2018-01-23T05:00:00,41.258234,41.258234,23.900678,0,0.000000,0,0,0
2018-01-23T06:00:00,41.311061,41.311061,23.905312,0,0.000000,0,0,0
2018-01-23T07:00:00,38.796143,38.796143,23.909950,0,0.000000,0,0,0
2018-01-23T08:00:00,39.312425,39.312425,23.914592,0,0.000000,0,0,0
2018-01-23T09:00:00,36.370936,36.370936,23.919238,0,0.000000,0,0,0
2018-01-23T10:00:00,35.046161,35.046161,23.923888,0,0.000000,0,0,0
2018-01-23T11:00:00,36.225249,36.225249,23.928542,0,0.000000,0,0,0
2018-01-23T12:00:00,33.325425,33.325425,23.933200,0,0.000000,0,0,0
2018-01-23T13:00:00,30.327667,30.327667,23.937862,0,0.000000,0,0,0
2018-01-23T14:00:00,34.915291,34.915291,23.942528,1,0.000000,0,0,0
2018-01-23T15:00:00,37.417930,37.417930,23.947198,1,0.000000,0,0,0
2018-01-23T16:00:00,25.718317,25.718317,23.951872,0,0.000000,0,0,0
2018-01-23T17:00:00,24.965555,24.965555,23.956550,0,0.000000,0,0,0
2018-01-23T18:00:00,23.269340,23.269340,23.961232,0,0.000000,0,0,0
2018-01-23T19:00:00,30.676556,30.676556,23.965918,1,0.000000,0,0,0
2018-01-23T20:00:00,30.382132,30.382132,23.970608,1,0.000000,0,0,0
2018-01-23T21:00:00,29.790879,29.790879,23.975302,1,0.000000,0,0,0
2018-01-23T22:00:00,30.317113,30.317113,23.980000,1,0.000000,0,0,0
2018-01-23T23:00:00,30.429731,30.429731,23.984702,1,0.000000,0,0,0
2018-01-24T00:00:00,33.900213,33.900213,23.989408,1,0.000000,0,0,0
2018-01-24T01:00:00,36.209938,36.209938,23.994118,1,0.000000,0,0,0
2018-01-24T02:00:00,41.354303,41.354303,23.998832,1,0.000000,0,0,0
2018-01-24T03:00:00,42.898692,42.898692,24.003550,1,0.000000,0,0,0
2018-01-24T04:00:00,44.130451,44.130451,24.008272,1,0.000000,0,0,0
2018-01-24T05:00:00,42.600429,42.600429,24.012998,1,0.000000,0,0,0
2018-01-24T06:00:00,49.051227,49.051227,24.017728,3,0.000000,0,0,0
2018-01-24T07:00:00,51.739647,51.739647,24.022462,3,0.000000,0,0,0
2018-01-24T08:00:00,52.432331,52.432331,24.027200,3,0.000000,0,0,0
2018-01-24T09:00:00,46.502467,46.502467,24.031942,3,0.000000,0,0,0
2018-01-24T10:00:00,45.062662,45.062662,24.036688,3,0.000000,0,0,0
2018-01-24T11:00:00,47.532692,47.532692,24.041438,3,0.000000,0,0,0
2018-01-24T12:00:00,53.470179,53.470179,24.046192,3,0.000000,0,0,0
2018-01-24T13:00:00,50.293328,50.293328,24.050950,3,0.000000,0,0,0
2018-01-24T14:00:00,52.823531,52.823531,24.055712,3,0.000000,0,0,0
2018-01-24T15:00:00,25.604060,25.604060,24.060478,2,0.000000,0,0,0
2018-01-24T16:00:00,23.359598,23.359598,24.065248,2,0.000000,0,0,0
2018-01-24T17:00:00,19.802438,19.802438,24.070022,2,0.000000,0,0,0
2018-01-24T18:00:00,17.933204,17.933204,24.074800,2,0.000000,0,0,0
2018-01-24T19:00:00,14.960920,14.960920,24.079582,2,0.000000,0,0,0
2018-01-24T20:00:00,13.810547,13.810547,24.084368,2,0.000000,0,0,0
2018-01-24T21:00:00,14.118834,14.118834,24.089158,2,0.000000,0,0,0
2018-01-24T22:00:00,14.657287,14.657287,24.093952,2,0.000000,0,0,0
2018-01-24T23:00:00,15.831639,15.831639,24.098750,2,0.000000,0,0,0
2018-01-25T00:00:00,18.063272,18.063272,24.103552,2,0.000000,0,0,0
2018-01-25T01:00:00,26.672849,26.672849,24.108358,2,0.000000,0,0,0
2018-01-25T02:00:00,26.383645,26.383645,24.113168,2,0.000000,0,0,0
2018-01-25T03:00:00,23.542385,23.542385,24.117982,2,0.000000,0,0,0
2018-01-25T04:00:00,25.994006,25.994006,24.122800,2,0.000000,0,0,0
2018-01-25T05:00:00,24.155610,24.155610,24.127622,2,0.000000,0,0,0
2018-01-25T06:00:00,27.302918,27.302918,24.132448,2,0.000000,0,0,0
2018-01-25T07:00:00,24.287590,24.287590,24.137278,2,0.000000,0,0,0
2018-01-25T08:00:00,36.085567,36.085567,24.142112,1,0.000000,0,0,0
2018-01-25T09:00:00,36.803430,36.803430,24.146950,1,0.000000,0,0,0
2018-01-25T10:00:00,41.110744,41.110744,24.151792,1,0.000000,0,0,0
2018-01-25T11:00:00,41.096665,41.096665,24.156638,1,0.000000,0,0,0
2018-01-25T12:00:00,35.074685,35.074685,24.161488,1,0.000000,0,0,0
2018-01-25T13:00:00,30.503454,30.503454,24.166342,1,0.000000,0,0,0
2018-01-25T14:00:00,20.437518,20.437518,24.171200,0,0.000000,0,0,0
2018-01-25T15:00:00,20.054385,20.054385,24.176062,0,0.000000,0,0,0
2018-01-25T16:00:00,19.929098,19.929098,24.180928,0,0.000000,0,0,0
2018-01-25T17:00:00,6.757235,6.757235,24.185798,0,0.000000,0,0,0
2018-01-25T18:00:00,6.940771,6.940771,24.190672,0,0.000000,0,0,0
2018-01-25T19:00:00,11.040347,11.040347,24.195550,0,0.000000,0,0,0
2018-01-25T20:00:00,13.929331,13.929331,24.200432,0,0.000000,0,0,0
2018-01-25T21:00:00,14.955786,14.955786,24.205318,0,0.000000,0,0,0
2018-01-25T22:00:00,14.608545,14.608545,24.210208,0,0.000000,0,0,0
2018-01-25T23:00:00,16.093822,16.093822,24.215102,0,0.000000,0,0,0
2018-01-26T00:00:00,23.628800,23.628800,24.220000,1,0.000000,0,0,0
2018-01-26T01:00:00,14.524791,14.524791,24.224902,1,0.000000,0,0,0
2018-01-26T02:00:00,18.661997,18.661997,24.229808,1,0.000000,0,0,0
2018-01-26T03:00:00,28.689493,28.689493,24.234718,1,1.522631,0,0,0
2018-01-26T04:00:00,31.389372,31.389372,24.239632,1,1.052389,0,0,0
2018-01-26T05:00:00,29.849948,29.849948,24.244550,1,0.727374,0,0,0
2018-01-26T06:00:00,32.766303,32.766303,24.249472,1,0.502735,0,0,0
2018-01-26T07:00:00,40.573347,40.573347,24.254398,1,0.347473,0,0,0
2018-01-26T08:00:00,39.782200,39.782200,24.259328,1,0.240161,0,0,0
2018-01-26T09:00:00,38.056183,38.056183,24.264262,1,0.165991,0,0,0
2018-01-26T10:00:00,22.229932,22.229932,24.269200,1,0.114727,0,0,0
2018-01-26T11:00:00,24.824893,24.824893,24.274142,1,0.079295,0,0,0
2018-01-26T12:00:00,26.377829,26.377829,24.279088,1,0.054806,0,0,0
2018-01-26T13:00:00,27.756934,27.756934,24.284038,1,0.037880,0,0,0
2018-01-26T14:00:00,29.315134,29.315134,24.288992,1,0.026181,0,0,0
2018-01-26T15:00:00,30.455484,30.455484,24.293950,1,0.018096,0,0,0
2018-01-26T16:00:00,24.998457,24.998457,24.298912,1,0.000000,0,0,0
2018-01-26T17:00:00,20.893497,20.893497,24.303878,1,0.000000,0,0,0
2018-01-26T18:00:00,21.559136,21.559136,24.308848,1,0.000000,0,0,0
2018-01-26T19:00:00,19.976404,19.976404,24.313822,1,0.000000,0,0,0
2018-01-26T20:00:00,17.370937,17.370937,24.318800,1,0.000000,0,0,0
2018-01-26T21:00:00,8.605704,8.605704,24.323782,1,0.000000,0,0,0
2018-01-26T22:00:00,13.153537,13.153537,24.328768,1,0.000000,0,0,0
2018-01-26T23:00:00,19.584385,19.584385,24.333758,1,0.000000,0,0,0
2018-01-27T00:00:00,26.132744,26.132744,24.338752,1,0.000000,0,0,0
2018-01-27T01:00:00,31.090707,31.090707,24.343750,1,0.000000,0,0,0
2018-01-27T02:00:00,37.552637,37.552637,24.348752,1,0.000000,0,0,0
2018-01-27T03:00:00,44.431608,44.431608,24.353758,1,0.000000,0,0,0
2018-01-27T04:00:00,39.429763,39.429763,24.358768,1,0.000000,0,0,0
2018-01-27T05:00:00,35.503791,35.503791,24.363782,1,0.000000,0,0,0
2018-01-27T06:00:00,48.028491,48.028491,24.368800,1,0.000000,0,0,0
2018-01-27T07:00:00,33.594869,33.594869,24.373822,2,0.000000,0,0,0
2018-01-27T08:00:00,33.457506,33.457506,24.378848,2,0.000000,0,0,0
2018-01-27T09:00:00,25.662253,25.662253,24.383878,2,0.000000,0,0,0
2018-01-27T10:00:00,28.044580,28.044580,24.388912,2,0.000000,0,0,0
2018-01-27T11:00:00,25.648965,25.648965,24.393950,2,0.000000,0,0,0
2018-01-27T12:00:00,23.302604,23.302604,24.398992,2,0.000000,0,0,0
2018-01-27T13:00:00,20.166392,20.166392,24.404038,2,0.000000,0,0,0
2018-01-27T14:00:00,28.818791,28.818791,24.409088,0,0.000000,0,0,0
2018-01-27T15:00:00,25.555194,25.555194,24.414142,0,0.000000,0,0,0
2018-01-27T16:00:00,27.815221,27.815221,24.419200,0,0.000000,0,0,0
2018-01-27T17:00:00,15.877402,15.877402,24.424262,2,0.000000,0,0,0
2018-01-27T18:00:00,12.328978,12.328978,24.429328,2,0.000000,0,0,0
2018-01-27T19:00:00,12.087172,12.087172,24.434398,2,0.000000,0,0,0
2018-01-27T20:00:00,13.280183,13.280183,24.439472,2,0.000000,0,0,0
2018-01-27T21:00:00,16.183291,16.183291,24.444550,2,0.000000,0,0,0
2018-01-27T22:00:00,17.217205,17.217205,24.449632,2,0.000000,0,0,0
2018-01-27T23:00:00,18.608573,18.608573,24.454718,2,0.000000,0,0,0
2018-01-28T00:00:00,20.948242,20.948242,24.459808,2,0.000000,0,0,0
2018-01-28T01:00:00,19.028855,19.028855,24.464902,2,0.000000,0,0,0
2018-01-28T02:00:00,20.737541,20.737541,24.470000,2,0.000000,0,0,0
2018-01-28T03:00:00,26.272602,26.272602,24.475102,2,0.000000,0,0,0
2018-01-28T04:00:00,44.472924,44.472924,24.480208,1,0.000000,0,0,0
2018-01-28T05:00:00,6.647174,30.905169,24.485318,2,0.000000,0,1,0
2018-01-28T06:00:00,6.869685,31.519008,24.490432,2,0.000000,0,1,0
2018-01-28T07:00:00,6.976444,32.946247,24.495550,2,0.000000,0,1,0
2018-01-28T08:00:00,6.491668,31.869482,24.500672,2,0.000000,0,1,0
2018-01-28T09:00:00,8.811358,43.926515,24.505798,1,0.000000,0,1,0
2018-01-28T10:00:00,5.447619,26.401770,24.510928,1,0.000000,0,1,0
2018-01-28T11:00:00,6.722385,33.027178,24.516062,1,0.000000,0,1,0
2018-01-28T12:00:00,8.156132,38.892849,24.521200,1,0.000000,0,1,0
2018-01-28T13:00:00,7.493418,36.753233,24.526342,1,0.000000,0,1,0
2018-01-28T14:00:00,7.045837,36.069785,24.531488,1,0.000000,0,1,0
2018-01-28T15:00:00,7.360425,39.450642,24.536638,3,0.000000,0,1,0
2018-01-28T16:00:00,3.374627,16.061767,24.541792,2,0.000000,0,1,0
2018-01-28T17:00:00,2.780231,15.507597,24.546950,2,0.000000,0,1,0
2018-01-28T18:00:00,3.786781,16.452695,24.552112,2,0.000000,0,1,0
2018-01-28T19:00:00,3.526882,18.749135,24.557278,2,0.000000,0,1,0
2018-01-28T20:00:00,4.060617,17.553878,24.562448,2,0.000000,0,1,0
2018-01-28T21:00:00,3.633517,16.455085,24.567622,2,0.000000,0,1,0
2018-01-28T22:00:00,3.287660,20.330594,24.572800,2,0.000000,0,1,0
2018-01-28T23:00:00,4.769279,21.502370,24.577982,2,0.000000,0,1,0
2018-01-29T00:00:00,4.956057,23.382120,24.583168,2,0.000000,0,1,0
2018-01-29T01:00:00,9.743603,46.764119,24.588358,3,0.000000,0,1,0
2018-01-29T02:00:00,8.497560,38.033380,24.593552,3,0.000000,0,1,0
2018-01-29T03:00:00,11.392998,53.559770,24.598750,3,0.000000,0,1,0
2018-01-29T04:00:00,11.217707,53.796414,24.603952,3,0.000000,0,1,0
2018-01-29T05:00:00,10.391858,47.772625,24.609158,3,0.000000,0,1,0
2018-01-29T06:00:00,10.702207,50.962927,24.614368,3,0.000000,0,1,0
2018-01-29T07:00:00,11.395261,53.963714,24.619582,3,0.000000,0,1,0
2018-01-29T08:00:00,53.039267,53.039267,24.624800,3,0.000000,0,0,0
2018-01-29T09:00:00,60.709527,60.709527,24.630022,3,0.000000,0,0,0
2018-01-29T10:00:00,53.901583,53.901583,24.635248,3,0.000000,0,0,0
2018-01-29T11:00:00,55.901268,55.901268,24.640478,3,0.000000,0,0,0
2018-01-29T12:00:00,42.603388,42.603388,24.645712,1,0.000000,0,0,0
2018-01-29T13:00:00,29.661943,29.661943,24.650950,0,0.000000,0,0,0
2018-01-29T14:00:00,24.045187,24.045187,24.656192,0,0.000000,0,0,0
2018-01-29T15:00:00,23.907291,23.907291,24.661438,0,0.000000,0,0,0
2018-01-29T16:00:00,23.311187,23.311187,24.666688,0,0.000000,0,0,0
2018-01-29T17:00:00,22.690402,22.690402,24.671942,0,0.000000,0,0,0
2018-01-29T18:00:00,21.434163,21.434163,24.677200,0,0.000000,0,0,0
2018-01-29T19:00:00,19.594303,19.594303,24.682462,0,0.000000,0,0,0
2018-01-29T20:00:00,17.297032,17.297032,24.687728,0,0.000000,0,0,0
2018-01-29T21:00:00,19.290755,19.290755,24.692998,0,0.000000,0,0,0
2018-01-29T22:00:00,22.267113,22.267113,24.698272,0,0.000000,0,0,0
2018-01-29T23:00:00,26.318417,26.318417,24.703550,0,0.000000,0,0,0
2018-01-30T00:00:00,26.747174,26.747174,24.708832,0,0.000000,0,0,0
2018-01-30T01:00:00,30.828798,30.828798,24.714118,0,0.000000,0,0,0
2018-01-30T02:00:00,33.512024,33.512024,24.719408,0,0.000000,0,0,0
2018-01-30T03:00:00,33.059720,33.059720,24.724702,0,0.000000,0,0,0
2018-01-30T04:00:00,36.343407,36.343407,24.730000,0,0.000000,0,0,0
2018-01-30T05:00:00,42.922119,42.922119,24.735302,0,0.000000,0,0,0
2018-01-30T06:00:00,38.015675,38.015675,24.740608,0,0.000000,0,0,0
2018-01-30T07:00:00,40.357528,40.357528,24.745918,0,0.000000,0,0,0
2018-01-30T08:00:00,39.056819,39.056819,24.751232,0,0.000000,0,0,0
2018-01-30T09:00:00,36.768800,36.768800,24.756550,0,0.000000,0,0,0
2018-01-30T10:00:00,34.628145,34.628145,24.761872,0,0.000000,0,0,0
2018-01-30T11:00:00,33.946694,33.946694,24.767198,0,0.000000,0,0,0
2018-01-30T12:00:00,32.954621,32.954621,24.772528,0,0.000000,0,0,0
2018-01-30T13:00:00,29.866462,29.866462,24.777862,0,0.000000,0,0,0
2018-01-30T14:00:00,28.098776,28.098776,24.783200,0,0.000000,0,0,0
2018-01-30T15:00:00,25.123693,25.123693,24.788542,0,0.000000,0,0,0
2018-01-30T16:00:00,22.539526,22.539526,24.793888,0,0.000000,0,0,0
2018-01-30T17:00:00,31.069492,31.069492,24.799238,1,0.000000,0,0,0
2018-01-30T18:00:00,30.322721,30.322721,24.804592,1,0.000000,0,0,0
2018-01-30T19:00:00,31.402721,31.402721,24.809950,1,0.000000,0,0,0
2018-01-30T20:00:00,31.776624,31.776624,24.815312,1,0.000000,0,0,0
2018-01-30T21:00:00,23.823517,23.823517,24.820678,0,0.000000,0,0,0
2018-01-30T22:00:00,27.035989,27.035989,24.826048,0,0.000000,0,0,0
2018-01-30T23:00:00,31.026688,31.026688,24.831422,0,0.000000,0,0,0
2018-01-31T00:00:00,31.138251,31.138251,24.836800,0,0.000000,0,0,0
2018-01-31T01:00:00,33.595041,33.595041,24.842182,0,0.000000,0,0,0
2018-01-31T02:00:00,44.678025,44.678025,24.847568,1,0.000000,0,0,0
2018-01-31T03:00:00,45.644511,45.644511,24.852958,1,0.000000,0,0,0
2018-01-31T04:00:00,45.607408,45.607408,24.858352,1,0.000000,0,0,0
2018-01-31T05:00:00,32.716341,32.716341,24.863750,2,0.000000,0,0,0
2018-01-31T06:00:00,58.855234,58.855234,24.869152,3,0.000000,0,0,0
2018-01-31T07:00:00,50.614150,50.614150,24.874558,3,0.000000,0,0,0
2018-01-31T08:00:00,39.558544,39.558544,24.879968,3,0.000000,0,0,0
2018-01-31T09:00:00,30.020619,30.020619,24.885382,0,0.000000,0,0,0
2018-01-31T10:00:00,32.193401,32.193401,24.890800,0,0.000000,0,0,0
2018-01-31T11:00:00,31.987021,31.987021,24.896222,0,0.000000,0,0,0
2018-01-31T12:00:00,30.275732,30.275732,24.901648,0,0.000000,0,0,0
2018-01-31T13:00:00,28.251591,28.251591,24.907078,0,0.000000,0,0,0
2018-01-31T14:00:00,22.803357,22.803357,24.912512,0,0.000000,0,0,0
2018-01-31T15:00:00,21.708525,21.708525,24.917950,0,0.000000,0,0,0
2018-01-31T16:00:00,21.134725,21.134725,24.923392,0,0.000000,0,0,0
2018-01-31T17:00:00,21.421682,21.421682,24.928838,0,0.000000,0,0,0
2018-01-31T18:00:00,20.703422,20.703422,24.934288,0,0.000000,0,0,0
2018-01-31T19:00:00,22.275755,22.275755,24.939742,0,0.000000,0,0,0
2018-01-31T20:00:00,22.099288,22.099288,24.945200,0,0.000000,0,0,0
2018-01-31T21:00:00,23.648029,23.648029,24.950662,0,0.000000,0,0,0
2018-01-31T22:00:00,25.146605,25.146605,24.956128,0,0.000000,0,0,0
2018-01-31T23:00:00,24.363641,24.363641,24.961598,0,0.000000,0,0,0
2018-02-01T00:00:00,27.040404,27.040404,24.967072,0,0.000000,0,0,0
2018-02-01T01:00:00,30.485234,30.485234,24.972550,0,0.000000,0,0,0
2018-02-01T02:00:00,40.072172,40.072172,24.978032,1,0.000000,0,0,0
2018-02-01T03:00:00,46.940094,46.940094,24.983518,1,0.000000,0,0,0
2018-02-01T04:00:00,47.890024,47.890024,24.989008,1,0.000000,0,0,0
2018-02-01T05:00:00,47.481138,47.481138,24.994502,1,0.000000,0,0,0
2018-02-01T06:00:00,46.143709,46.143709,25.000000,1,0.000000,0,0,0
2018-02-01T07:00:00,39.701840,39.701840,25.005502,1,0.000000,0,0,0
2018-02-01T08:00:00,22.698223,22.698223,25.011008,2,0.000000,0,0,0
2018-02-01T09:00:00,23.356941,23.356941,25.016518,2,0.000000,0,0,0
2018-02-01T10:00:00,20.616903,20.616903,25.022032,2,0.000000,0,0,0
2018-02-01T11:00:00,43.280210,43.280210,25.027550,3,0.000000,0,0,0
2018-02-01T12:00:00,42.921216,42.921216,25.033072,3,0.000000,0,0,0
2018-02-01T13:00:00,38.487521,38.487521,25.038598,3,0.000000,0,0,0
2018-02-01T14:00:00,39.025156,39.025156,25.044128,3,0.000000,0,0,0
2018-02-01T15:00:00,34.205409,34.205409,25.049662,3,0.000000,0,0,0
2018-02-01T16:00:00,39.401155,39.401155,25.055200,3,0.000000,0,0,0
2018-02-01T17:00:00,40.477983,40.477983,25.060742,3,0.000000,0,0,0
2018-02-01T18:00:00,64.975304,64.975304,25.066288,3,0.000000,0,0,0
2018-02-01T19:00:00,63.247663,63.247663,25.071838,3,0.000000,0,0,0
2018-02-01T20:00:00,49.742540,49.742540,25.077392,3,0.000000,0,0,0
2018-02-01T21:00:00,46.175158,46.175158,25.082950,3,0.000000,0,0,0
2018-02-01T22:00:00,38.133124,38.133124,25.088512,3,0.000000,0,0,0
2018-02-01T23:00:00,38.782989,38.782989,25.094078,3,0.000000,0,0,0
2018-02-02T00:00:00,34.511253,34.511253,25.099648,3,0.000000,0,0,0
2018-02-02T01:00:00,14.562370,14.562370,25.105222,2,0.000000,0,0,0
2018-02-02T02:00:00,29.290898,29.290898,25.110800,3,0.000000,0,0,0
2018-02-02T03:00:00,39.910151,39.910151,25.116382,3,0.000000,0,0,0
2018-02-02T04:00:00,38.229952,38.229952,25.121968,3,0.000000,0,0,0
2018-02-02T05:00:00,37.430051,37.430051,25.127558,3,0.000000,0,0,0
2018-02-02T06:00:00,37.915708,37.915708,25.133152,3,0.000000,0,0,0
2018-02-02T07:00:00,40.226106,40.226106,25.138750,3,0.000000,0,0,0
2018-02-02T08:00:00,20.045480,20.045480,25.144352,2,0.000000,0,0,0
2018-02-02T09:00:00,40.299009,40.299009,25.149958,3,0.000000,0,0,0
2018-02-02T10:00:00,46.324915,46.324915,25.155568,3,0.000000,0,0,0
2018-02-02T11:00:00,41.849897,41.849897,25.161182,3,0.000000,0,0,0
2018-02-02T12:00:00,13.357887,13.357887,25.166800,2,0.000000,0,0,0
2018-02-02T13:00:00,7.912432,7.912432,25.172422,2,0.000000,0,0,0
2018-02-02T14:00:00,9.284903,9.284903,25.178048,2,0.000000,0,0,0
2018-02-02T15:00:00,9.083725,9.083725,25.183678,2,0.000000,0,0,0
2018-02-02T16:00:00,9.322986,9.322986,25.189312,2,0.000000,0,0,0
2018-02-02T17:00:00,7.671177,7.671177,25.194950,2,0.000000,0,0,0
2018-02-02T18:00:00,6.745114,6.745114,25.200592,2,0.000000,0,0,0
2018-02-02T19:00:00,21.658605,21.658605,25.206238,3,0.000000,0,0,0
2018-02-02T20:00:00,17.759997,17.759997,25.211888,3,0.000000,0,0,0
2018-02-02T21:00:00,23.228731,23.228731,25.217542,3,0.000000,0,0,0
2018-02-02T22:00:00,41.111223,41.111223,25.223200,3,0.000000,0,0,0
2018-02-02T23:00:00,40.829318,40.829318,25.228862,3,0.000000,0,0,0
2018-02-03T00:00:00,45.343134,45.343134,25.234528,3,0.000000,0,0,0
2018-02-03T01:00:00,49.353567,49.353567,25.240198,3,0.000000,0,0,0
2018-02-03T02:00:00,59.381044,59.381044,25.245872,3,0.000000,0,0,0
2018-02-03T03:00:00,59.645099,59.645099,25.251550,3,0.000000,0,0,0
2018-02-03T04:00:00,45.188614,45.188614,25.257232,3,0.000000,0,0,0
2018-02-03T05:00:00,44.082389,44.082389,25.262918,3,0.000000,0,0,0
2018-02-03T06:00:00,39.463393,39.463393,25.268608,3,0.000000,0,0,0
2018-02-03T07:00:00,131.193890,131.193890,25.274302,3,0.000000,0,0,0
2018-02-03T08:00:00,101.315059,101.315059,25.280000,3,0.000000,0,0,0
2018-02-03T09:00:00,75.741567,75.741567,25.285702,3,0.000000,0,0,0
2018-02-03T10:00:00,50.515513,50.515513,25.291408,3,0.000000,0,0,0
2018-02-03T11:00:00,45.156818,45.156818,25.297118,3,0.000000,0,0,0
2018-02-03T12:00:00,46.479999,46.479999,25.302832,3,0.000000,0,0,0
2018-02-03T13:00:00,40.987048,40.987048,25.308550,3,0.000000,0,0,0
2018-02-03T14:00:00,48.022231,48.022231,25.314272,3,0.000000,0,0,0
2018-02-03T15:00:00,48.937703,48.937703,25.319998,3,0.000000,0,0,0
2018-02-03T16:00:00,42.487886,42.487886,25.325728,3,0.000000,0,0,0
2018-02-03T17:00:00,42.739018,42.739018,25.331462,3,0.000000,0,0,0
2018-02-03T18:00:00,46.853870,46.853870,25.337200,3,0.000000,0,0,0
2018-02-03T19:00:00,54.699421,54.699421,25.342942,3,0.000000,0,0,0
2018-02-03T20:00:00,48.964553,48.964553,25.348688,3,0.000000,0,0,0
2018-02-03T21:00:00,36.903894,36.903894,25.354438,3,0.000000,0,0,0
2018-02-03T22:00:00,61.884448,61.884448,25.360192,3,0.000000,0,0,0
2018-02-03T23:00:00,58.606635,58.606635,25.365950,3,0.000000,0,0,0
2018-02-04T00:00:00,57.878966,57.878966,25.371712,3,0.000000,0,0,0
2018-02-04T01:00:00,53.465021,53.465021,25.377478,3,0.000000,0,0,0
2018-02-04T02:00:00,44.821033,44.821033,25.383248,0,0.000000,0,0,0
2018-02-04T03:00:00,39.682936,39.682936,25.389022,0,0.000000,0,0,0
2018-02-04T04:00:00,38.800012,38.800012,25.394800,0,0.000000,0,0,0
2018-02-04T05:00:00,39.096482,39.096482,25.400582,0,0.000000,0,0,0
2018-02-04T06:00:00,39.920396,39.920396,25.406368,0,0.000000,0,0,0
2018-02-04T07:00:00,42.538043,42.538043,25.412158,0,0.000000,0,0,0
2018-02-04T08:00:00,48.463035,48.463035,25.417952,0,0.000000,0,0,0
2018-02-04T09:00:00,32.208471,32.208471,25.423750,2,0.000000,0,0,0
2018-02-04T10:00:00,26.448460,26.448460,25.429552,2,0.000000,0,0,0
2018-02-04T11:00:00,36.088053,36.088053,25.435358,1,0.000000,0,0,0
2018-02-04T12:00:00,39.799539,39.799539,25.441168,1,0.000000,0,0,0
2018-02-04T13:00:00,39.492174,39.492174,25.446982,1,0.000000,0,0,0
2018-02-04T14:00:00,32.300183,32.300183,25.452800,1,0.000000,0,0,0
2018-02-04T15:00:00,32.611678,32.611678,25.458622,1,0.000000,0,0,0
2018-02-04T16:00:00,24.445204,24.445204,25.464448,1,0.000000,0,0,0
2018-02-04T17:00:00,23.108720,23.108720,25.470278,1,0.000000,0,0,0
2018-02-04T18:00:00,28.717141,28.717141,25.476112,1,0.000000,0,0,0
2018-02-04T19:00:00,32.105614,32.105614,25.481950,1,0.000000,0,0,0
2018-02-04T20:00:00,32.807571,32.807571,25.487792,1,0.000000,0,0,0
2018-02-04T21:00:00,33.046664,33.046664,25.493638,1,0.000000,0,0,0
2018-02-04T22:00:00,35.748694,35.748694,25.499488,1,0.000000,0,0,0
2018-02-04T23:00:00,39.258337,39.258337,25.505342,1,0.000000,0,0,0
2018-02-05T00:00:00,27.919122,27.919122,25.511200,2,0.000000,0,0,0
2018-02-05T01:00:00,29.618586,29.618586,25.517062,2,0.000000,0,0,0
2018-02-05T02:00:00,30.441481,30.441481,25.522928,2,0.000000,0,0,0
2018-02-05T03:00:00,33.712899,33.712899,25.528798,2,0.000000,0,0,0
2018-02-05T04:00:00,36.626273,36.626273,25.534672,2,0.000000,0,0,0
2018-02-05T05:00:00,28.978317,28.978317,25.540550,2,0.000000,0,0,0
2018-02-05T06:00:00,29.357628,29.357628,25.546432,2,0.000000,0,0,0
2018-02-05T07:00:00,29.582002,29.582002,25.552318,2,0.000000,0,0,0
2018-02-05T08:00:00,27.162315,27.162315,25.558208,2,0.000000,0,0,0
2018-02-05T09:00:00,24.245535,24.245535,25.564102,2,0.000000,0,0,0
2018-02-05T10:00:00,23.887831,23.887831,25.570000,2,0.000000,0,0,0
2018-02-05T11:00:00,23.394421,23.394421,25.575902,2,0.000000,0,0,0
2018-02-05T12:00:00,35.841341,35.841341,25.581808,1,0.000000,0,0,0
2018-02-05T13:00:00,35.245869,35.245869,25.587718,1,0.000000,0,0,0
2018-02-05T14:00:00,28.958768,28.958768,25.593632,1,0.000000,0,0,0
2018-02-05T15:00:00,26.468129,26.468129,25.599550,1,0.000000,0,0,0
2018-02-05T16:00:00,21.570796,21.570796,25.605472,3,0.000000,0,0,0
2018-02-05T17:00:00,31.143156,31.143156,25.611398,3,0.000000,0,0,0
2018-02-05T18:00:00,36.428700,36.428700,25.617328,3,0.000000,0,0,0
2018-02-05T19:00:00,18.814705,18.814705,25.623262,2,0.000000,0,0,0
2018-02-05T20:00:00,23.261163,23.261163,25.629200,2,0.000000,0,0,0
2018-02-05T21:00:00,24.141778,24.141778,25.635142,2,0.000000,0,0,0
2018-02-05T22:00:00,23.852617,23.852617,25.641088,2,0.000000,0,0,0
2018-02-05T23:00:00,25.801306,25.801306,25.647038,2,0.000000,0,0,0
2018-02-06T00:00:00,27.475580,27.475580,25.652992,2,0.000000,0,0,0
2018-02-06T01:00:00,42.814659,42.814659,25.658950,1,0.000000,0,0,0
2018-02-06T02:00:00,46.903136,46.903136,25.664912,1,0.000000,0,0,0
2018-02-06T03:00:00,45.898576,45.898576,25.670878,1,0.000000,0,0,0
2018-02-06T04:00:00,43.736373,43.736373,25.676848,1,0.000000,0,0,0
2018-02-06T05:00:00,45.136853,45.136853,25.682822,1,0.000000,0,0,0
2018-02-06T06:00:00,37.857585,37.857585,25.688800,1,0.000000,0,0,0
2018-02-06T07:00:00,36.776869,36.776869,25.694782,1,0.000000,0,0,0
2018-02-06T08:00:00,40.368951,40.368951,25.700768,1,0.000000,0,0,0
2018-02-06T09:00:00,40.132716,40.132716,25.706758,1,0.000000,0,0,0
2018-02-06T10:00:00,37.871341,37.871341,25.712752,1,0.000000,0,0,0
2018-02-06T11:00:00,33.118797,33.118797,25.718750,1,0.000000,0,0,0
2018-02-06T12:00:00,34.221030,34.221030,25.724752,1,0.000000,0,0,0
2018-02-06T13:00:00,32.864698,32.864698,25.730758,1,0.000000,0,0,0
2018-02-06T14:00:00,33.042053,33.042053,25.736768,1,0.000000,0,0,0
2018-02-06T15:00:00,37.169640,37.169640,25.742782,1,0.000000,0,0,0
2018-02-06T16:00:00,35.058135,35.058135,25.748800,1,0.000000,0,0,0
2018-02-06T17:00:00,33.381266,33.381266,25.754822,1,0.000000,0,0,0
2018-02-06T18:00:00,33.408878,33.408878,25.760848,1,0.000000,0,0,0
2018-02-06T19:00:00,22.051907,22.051907,25.766878,0,0.000000,0,0,0
2018-02-06T20:00:00,25.360081,25.360081,25.772912,0,0.000000,0,0,0
2018-02-06T21:00:00,28.393916,28.393916,25.778950,0,0.000000,0,0,0
2018-02-06T22:00:00,30.643216,30.643216,25.784992,0,0.000000,0,0,0
2018-02-06T23:00:00,32.796101,32.796101,25.791038,0,0.000000,0,0,0
2018-02-07T00:00:00,33.404667,33.404667,25.797088,0,0.000000,0,0,0
2018-02-07T01:00:00,35.768421,35.768421,25.803142,0,0.000000,0,0,0
2018-02-07T02:00:00,39.414435,39.414435,25.809200,0,0.000000,0,0,0
2018-02-07T03:00:00,38.693123,38.693123,25.815262,0,0.000000,0,0,0
2018-02-07T04:00:00,41.335927,41.335927,25.821328,0,0.000000,0,0,0
2018-02-07T05:00:00,41.979233,41.979233,25.827398,0,0.000000,0,0,0
2018-02-07T06:00:00,40.069041,40.069041,25.833472,0,0.000000,0,0,0
2018-02-07T07:00:00,39.875509,39.875509,25.839550,0,0.000000,0,0,0
2018-02-07T08:00:00,37.805409,37.805409,25.845632,0,0.000000,0,0,0
2018-02-07T09:00:00,35.110198,35.110198,25.851718,0,0.000000,0,0,0
2018-02-07T10:00:00,32.939640,32.939640,25.857808,0,0.000000,0,0,0
2018-02-07T11:00:00,29.659650,29.659650,25.863902,0,0.000000,0,0,0
2018-02-07T12:00:00,26.390059,26.390059,25.870000,0,0.000000,0,0,0
2018-02-07T13:00:00,43.182202,43.182202,25.876102,3,0.000000,0,0,0
2018-02-07T14:00:00,21.885302,21.885302,25.882208,3,0.000000,0,0,0
2018-02-07T15:00:00,24.603255,24.603255,25.888318,3,0.000000,0,0,0
2018-02-07T16:00:00,31.727289,31.727289,25.894432,3,0.000000,0,0,0
2018-02-07T17:00:00,39.597398,39.597398,25.900550,3,0.000000,0,0,0
2018-02-07T18:00:00,44.897978,44.897978,25.906672,3,0.000000,0,0,0
2018-02-07T19:00:00,43.527476,43.527476,25.912798,3,0.000000,0,0,0
2018-02-07T20:00:00,27.894653,27.894653,25.918928,3,0.000000,0,0,0
2018-02-07T21:00:00,18.647531,18.647531,25.925062,0,0.000000,0,0,0
2018-02-07T22:00:00,26.372911,26.372911,25.931200,0,0.000000,0,0,0
2018-02-07T23:00:00,31.409228,31.409228,25.937342,0,0.000000,0,0,0
2018-02-08T00:00:00,32.606972,32.606972,25.943488,0,0.000000,0,0,0
2018-02-08T01:00:00,34.217594,34.217594,25.949638,0,0.000000,0,0,0
2018-02-08T02:00:00,35.618163,35.618163,25.955792,0,0.000000,0,0,0
2018-02-08T03:00:00,38.436254,38.436254,25.961950,0,0.000000,0,0,0
2018-02-08T04:00:00,37.151044,37.151044,25.968112,0,0.000000,0,0,0
2018-02-08T05:00:00,34.299674,34.299674,25.974278,0,0.000000,0,0,0
2018-02-08T06:00:00,31.976120,31.976120,25.980448,0,0.000000,0,0,0
2018-02-08T07:00:00,31.159933,31.159933,25.986622,0,0.000000,0,0,0
2018-02-08T08:00:00,30.688221,30.688221,25.992800,0,0.000000,0,0,0
2018-02-08T09:00:00,26.883203,26.883203,25.998982,0,0.000000,0,0,0
2018-02-08T10:00:00,26.128266,26.128266,26.005168,0,0.000000,0,0,0
2018-02-08T11:00:00,23.669729,23.669729,26.011358,0,0.000000,0,0,0
2018-02-08T12:00:00,20.149649,20.149649,26.017552,0,0.000000,0,0,0
2018-02-08T13:00:00,17.597790,17.597790,26.023750,0,0.000000,0,0,0
2018-02-08T14:00:00,15.927031,15.927031,26.029952,0,0.000000,0,0,0
2018-02-08T15:00:00,16.994108,16.994108,26.036158,0,0.000000,0,0,0
2018-02-08T16:00:00,17.363946,17.363946,26.042368,0,0.000000,0,0,0
2018-02-08T17:00:00,17.276353,17.276353,26.048582,0,0.000000,0,0,0
2018-02-08T18:00:00,21.742381,21.742381,26.054800,0,0.000000,0,0,0
2018-02-08T19:00:00,20.712423,20.712423,26.061022,0,0.000000,0,0,0
2018-02-08T20:00:00,18.857706,18.857706,26.067248,0,0.000000,0,0,0
2018-02-08T21:00:00,21.004755,21.004755,26.073478,0,0.000000,0,0,0
2018-02-08T22:00:00,13.552209,13.552209,26.079712,0,0.000000,0,0,0
2018-02-08T23:00:00,18.889278,18.889278,26.085950,0,0.000000,0,0,0
2018-02-09T00:00:00,18.776380,18.776380,26.092192,2,0.000000,0,0,0
2018-02-09T01:00:00,22.879000,22.879000,26.098438,2,0.000000,0,0,0
2018-02-09T02:00:00,25.387784,25.387784,26.104688,2,0.000000,0,0,0
2018-02-09T03:00:00,27.034377,27.034377,26.110942,2,0.000000,0,0,0
2018-02-09T04:00:00,25.312360,25.312360,26.117200,2,0.000000,0,0,0
2018-02-09T05:00:00,24.642039,24.642039,26.123462,2,0.000000,0,0,0
2018-02-09T06:00:00,23.722153,23.722153,26.129728,2,0.000000,0,0,0
2018-02-09T07:00:00,17.691000,17.691000,26.135998,2,0.000000,0,0,0
2018-02-09T08:00:00,17.604154,17.604154,26.142272,2,0.000000,0,0,0
2018-02-09T09:00:00,19.685865,19.685865,26.148550,2,0.000000,0,0,0
2018-02-09T10:00:00,17.809177,17.809177,26.154832,2,0.000000,0,0,0
2018-02-09T11:00:00,16.450721,16.450721,26.161118,2,0.000000,0,0,0
2018-02-09T12:00:00,15.597269,15.597269,26.167408,2,0.000000,0,0,0
2018-02-09T13:00:00,15.786780,15.786780,26.173702,2,0.000000,0,0,0
2018-02-09T14:00:00,12.585713,12.585713,26.180000,2,0.000000,0,0,0
2018-02-09T15:00:00,8.506387,8.506387,26.186302,2,0.000000,0,0,0
2018-02-09T16:00:00,31.589143,31.589143,26.192608,3,0.000000,0,0,0
2018-02-09T17:00:00,38.359352,38.359352,26.198918,3,0.000000,0,0,0
2018-02-09T18:00:00,38.017977,38.017977,26.205232,3,0.000000,0,0,0
2018-02-09T19:00:00,38.440808,38.440808,26.211550,3,0.000000,0,0,0
2018-02-09T20:00:00,37.951781,37.951781,26.217872,3,0.000000,0,0,0
2018-02-09T21:00:00,18.276614,18.276614,26.224198,0,0.000000,0,0,0
2018-02-09T22:00:00,21.025376,21.025376,26.230528,0,0.000000,0,0,0
2018-02-09T23:00:00,22.524825,22.524825,26.236862,0,0.000000,0,0,0
2018-02-10T00:00:00,24.231661,24.231661,26.243200,0,0.000000,0,0,0
2018-02-10T01:00:00,22.166992,22.166992,26.249542,0,0.000000,0,0,0
2018-02-10T02:00:00,27.321391,27.321391,26.255888,0,0.000000,0,0,0
2018-02-10T03:00:00,33.136044,33.136044,26.262238,0,0.000000,0,0,0
2018-02-10T04:00:00,42.921980,42.921980,26.268592,1,0.000000,0,0,0
2018-02-10T05:00:00,37.798267,37.798267,26.274950,1,0.000000,0,0,0
2018-02-10T06:00:00,38.215378,38.215378,26.281312,1,0.000000,0,0,0
2018-02-10T07:00:00,28.388260,28.388260,26.287678,0,0.000000,0,0,0
2018-02-10T08:00:00,31.602170,31.602170,26.294048,0,0.000000,0,0,0
2018-02-10T09:00:00,30.383686,30.383686,26.300422,0,0.000000,0,0,0
2018-02-10T10:00:00,23.621847,23.621847,26.306800,0,0.000000,0,0,0
2018-02-10T11:00:00,25.862930,25.862930,26.313182,0,0.000000,0,0,0
2018-02-10T12:00:00,26.261421,26.261421,26.319568,0,0.000000,0,0,0
2018-02-10T13:00:00,25.701582,25.701582,26.325958,0,0.000000,0,0,0
2018-02-10T14:00:00,24.397808,24.397808,26.332352,0,0.000000,0,0,0
2018-02-10T15:00:00,24.143170,24.143170,26.338750,0,0.000000,0,0,0
2018-02-10T16:00:00,22.460980,22.460980,26.345152,0,0.000000,0,0,0
2018-02-10T17:00:00,24.883011,24.883011,26.351558,0,0.000000,0,0,0
2018-02-10T18:00:00,31.061959,31.061959,26.357968,1,0.000000,0,0,0
2018-02-10T19:00:00,30.248837,30.248837,26.364382,1,0.000000,0,0,0
2018-02-10T20:00:00,27.472662,27.472662,26.370800,1,-4.854139,0,0,0
2018-02-10T21:00:00,28.960014,28.960014,26.377222,1,-3.500832,0,0,0
2018-02-10T22:00:00,33.118892,33.118892,26.383648,1,-2.524820,0,0,0
2018-02-10T23:00:00,34.223965,34.223965,26.390078,1,-1.820914,0,0,0
2018-02-11T00:00:00,40.956066,40.956066,26.396512,1,-1.313254,0,0,0
2018-02-11T01:00:00,40.192299,40.192299,26.402950,1,-0.947126,0,0,0
2018-02-11T02:00:00,41.538733,41.538733,26.409392,1,-0.683072,0,0,0
2018-02-11T03:00:00,29.073752,29.073752,26.415838,2,-0.492636,0,0,0
2018-02-11T04:00:00,35.031153,35.031153,26.422288,2,-0.355292,0,0,0
2018-02-11T05:00:00,35.404597,35.404597,26.428742,2,-0.256238,0,0,0
2018-02-11T06:00:00,31.554004,31.554004,26.435200,2,-0.184800,0,0,0
2018-02-11T07:00:00,29.132782,29.132782,26.441662,2,-0.133279,0,0,0
2018-02-11T08:00:00,27.936797,27.936797,26.448128,2,-0.096122,0,0,0
2018-02-11T09:00:00,26.106400,26.106400,26.454598,2,-0.069323,0,0,0
2018-02-11T10:00:00,24.121213,24.121213,26.461072,2,-0.049996,0,0,0
2018-02-11T11:00:00,23.456858,23.456858,26.467550,2,-0.036058,0,0,0
2018-02-11T12:00:00,34.620908,34.620908,26.474032,1,0.000000,0,0,0
2018-02-11T13:00:00,67.942195,67.942195,26.480518,1,0.000000,0,0,0
2018-02-11T14:00:00,57.086138,57.086138,26.487008,1,0.000000,0,0,0
2018-02-11T15:00:00,28.048095,28.048095,26.493502,2,0.000000,0,0,0
2018-02-11T16:00:00,18.145801,18.145801,26.500000,2,0.000000,0,0,0
2018-02-11T17:00:00,17.482008,17.482008,26.506502,2,0.000000,0,0,0
2018-02-11T18:00:00,15.645839,15.645839,26.513008,2,0.000000,0,0,0
2018-02-11T19:00:00,17.718539,17.718539,26.519518,2,0.000000,0,0,0
2018-02-11T20:00:00,43.772832,43.772832,26.526032,3,0.000000,0,0,0
2018-02-11T21:00:00,55.264771,55.264771,26.532550,3,0.000000,0,0,0
2018-02-11T22:00:00,52.595836,52.595836,26.539072,3,0.000000,0,0,0
2018-02-11T23:00:00,51.039851,51.039851,26.545598,3,0.000000,0,0,0
2018-02-12T00:00:00,28.694476,28.694476,26.552128,2,0.000000,0,0,0
2018-02-12T01:00:00,26.804232,26.804232,26.558662,2,0.000000,0,0,0
2018-02-12T02:00:00,28.151948,28.151948,26.565200,2,0.000000,0,0,0
2018-02-12T03:00:00,30.514756,30.514756,26.571742,2,0.000000,0,0,0
2018-02-12T04:00:00,31.590712,31.590712,26.578288,2,0.000000,0,0,0
2018-02-12T05:00:00,32.688826,32.688826,26.584838,2,0.000000,0,0,0
2018-02-12T06:00:00,37.903177,37.903177,26.591392,0,-1.948463,0,0,0
2018-02-12T07:00:00,38.229316,38.229316,26.597950,0,-1.620920,0,0,0
2018-02-12T08:00:00,71.002253,71.002253,26.604512,0,33.659896,0,0,1
2018-02-12T09:00:00,59.842975,59.842975,26.611078,0,25.150847,0,0,1
2018-02-12T10:00:00,50.800246,50.800246,26.617648,0,19.716732,0,0,1
2018-02-12T11:00:00,41.891496,41.891496,26.624222,0,14.796762,0,0,1
2018-02-12T12:00:00,36.044327,36.044327,26.630800,0,11.104485,0,0,1
2018-02-12T13:00:00,38.165576,38.165576,26.637382,0,8.333552,0,0,1
2018-02-12T14:00:00,32.632160,32.632160,26.643968,0,6.254058,0,0,0
2018-02-12T15:00:00,29.038003,29.038003,26.650558,0,4.693466,0,0,0
2018-02-12T16:00:00,27.411170,27.411170,26.657152,0,3.522292,0,0,0
2018-02-12T17:00:00,25.537942,25.537942,26.663750,0,2.643365,0,0,0
2018-02-12T18:00:00,21.718699,21.718699,26.670352,0,0.000000,0,0,0
2018-02-12T19:00:00,27.225629,27.225629,26.676958,0,0.000000,0,0,0
2018-02-12T20:00:00,28.744404,28.744404,26.683568,0,0.000000,0,0,0
2018-02-12T21:00:00,28.807112,28.807112,26.690182,0,0.000000,0,0,0
2018-02-12T22:00:00,28.797243,28.797243,26.696800,0,0.000000,0,0,0
2018-02-12T23:00:00,29.823514,29.823514,26.703422,0,0.000000,0,0,0
2018-02-13T00:00:00,31.988844,31.988844,26.710048,0,0.000000,0,0,0
2018-02-13T01:00:00,28.155172,28.155172,26.716678,0,0.000000,0,0,0
2018-02-13T02:00:00,30.317157,30.317157,26.723312,0,0.000000,0,0,0
2018-02-13T03:00:00,32.807837,32.807837,26.729950,0,0.000000,0,0,0
2018-02-13T04:00:00,33.831425,33.831425,26.736592,0,0.000000,0,0,0
2018-02-13T05:00:00,33.840166,33.840166,26.743238,0,0.000000,0,0,0
2018-02-13T06:00:00,35.229242,35.229242,26.749888,0,0.000000,0,0,0
2018-02-13T07:00:00,35.852640,35.852640,26.756542,0,0.000000,0,0,0
2018-02-13T08:00:00,36.585893,36.585893,26.763200,0,0.000000,0,0,0
2018-02-13T09:00:00,39.269276,39.269276,26.769862,0,0.000000,0,0,0
2018-02-13T10:00:00,35.795593,35.795593,26.776528,0,0.000000,0,0,0
2018-02-13T11:00:00,33.837722,33.837722,26.783198,0,0.000000,0,0,0
2018-02-13T12:00:00,31.500956,31.500956,26.789872,0,0.000000,0,0,0
2018-02-13T13:00:00,27.126320,27.126320,26.796550,0,0.000000,0,0,0
2018-02-13T14:00:00,26.677495,26.677495,26.803232,0,0.000000,0,0,0
2018-02-13T15:00:00,27.772666,27.772666,26.809918,0,0.000000,0,0,0
2018-02-13T16:00:00,25.640676,25.640676,26.816608,0,0.000000,0,0,0
2018-02-13T17:00:00,34.279070,34.279070,26.823302,1,0.000000,0,0,0
2018-02-13T18:00:00,26.003772,26.003772,26.830000,0,0.000000,0,0,0
2018-02-13T19:00:00,27.566060,27.566060,26.836702,0,0.000000,0,0,0
2018-02-13T20:00:00,27.381979,27.381979,26.843408,0,0.000000,0,0,0
2018-02-13T21:00:00,29.860997,29.860997,26.850118,0,0.000000,0,0,0
2018-02-13T22:00:00,35.583501,35.583501,26.856832,0,0.000000,0,0,0
2018-02-13T23:00:00,45.096226,45.096226,26.863550,1,0.000000,0,0,0
2018-02-14T00:00:00,43.384199,43.384199,26.870272,1,0.000000,0,0,0
2018-02-14T01:00:00,44.677614,44.677614,26.876998,1,0.000000,0,0,0
2018-02-14T02:00:00,45.412168,45.412168,26.883728,1,0.000000,0,0,0
2018-02-14T03:00:00,45.308111,45.308111,26.890462,1,0.000000,0,0,0
2018-02-14T04:00:00,46.117618,46.117618,26.897200,1,0.000000,0,0,0
2018-02-14T05:00:00,49.764909,49.764909,26.903942,1,0.000000,0,0,0
2018-02-14T06:00:00,49.508192,49.508192,26.910688,1,0.000000,0,0,0
2018-02-14T07:00:00,48.355835,48.355835,26.917438,1,0.000000,0,0,0
2018-02-14T08:00:00,46.051322,46.051322,26.924192,1,0.000000,0,0,0
2018-02-14T09:00:00,42.034321,42.034321,26.930950,1,0.000000,0,0,0
2018-02-14T10:00:00,39.146214,39.146214,26.937712,1,0.000000,0,0,0
2018-02-14T11:00:00,37.473415,37.473415,26.944478,1,0.000000,0,0,0
2018-02-14T12:00:00,37.351062,37.351062,26.951248,1,0.000000,0,0,0
2018-02-14T13:00:00,36.002081,36.002081,26.958022,1,0.000000,0,0,0
2018-02-14T14:00:00,45.848110,45.848110,26.964800,3,0.000000,0,0,0
2018-02-14T15:00:00,37.557724,37.557724,26.971582,3,0.000000,0,0,0
2018-02-14T16:00:00,30.080352,30.080352,26.978368,3,0.000000,0,0,0
2018-02-14T17:00:00,39.069671,39.069671,26.985158,3,0.000000,0,0,0
2018-02-14T18:00:00,20.485313,20.485313,26.991952,2,0.000000,0,0,0
2018-02-14T19:00:00,18.218378,18.218378,26.998750,2,0.000000,0,0,0
2018-02-14T20:00:00,17.121350,17.121350,27.005552,2,0.000000,0,0,0
2018-02-14T21:00:00,17.080051,17.080051,27.012358,2,0.000000,0,0,0
2018-02-14T22:00:00,17.406854,17.406854,27.019168,2,0.000000,0,0,0
2018-02-14T23:00:00,19.672945,19.672945,27.025982,2,0.000000,0,0,0
2018-02-15T00:00:00,22.135698,22.135698,27.032800,2,0.000000,0,0,0
2018-02-15T01:00:00,25.323127,25.323127,27.039622,2,0.000000,0,0,0
2018-02-15T02:00:00,25.132974,25.132974,27.046448,2,0.000000,0,0,0
2018-02-15T03:00:00,25.019150,25.019150,27.053278,2,0.000000,0,0,0
2018-02-15T04:00:00,25.410868,25.410868,27.060112,2,0.000000,0,0,0
2018-02-15T05:00:00,24.861999,24.861999,27.066950,2,0.000000,0,0,0
2018-02-15T06:00:00,26.279748,26.279748,27.073792,2,0.000000,0,0,0
2018-02-15T07:00:00,27.215671,27.215671,27.080638,2,0.000000,0,0,0
2018-02-15T08:00:00,26.512523,26.512523,27.087488,2,0.000000,0,0,0
2018-02-15T09:00:00,24.506095,24.506095,27.094342,2,0.000000,0,0,0
2018-02-15T10:00:00,24.451312,24.451312,27.101200,2,0.000000,0,0,0
2018-02-15T11:00:00,21.538857,21.538857,27.108062,2,0.000000,0,0,0
2018-02-15T12:00:00,32.430641,32.430641,27.114928,1,0.000000,0,0,0
2018-02-15T13:00:00,30.331161,30.331161,27.121798,1,0.000000,0,0,0
2018-02-15T14:00:00,28.968049,28.968049,27.128672,1,0.000000,0,0,0
2018-02-15T15:00:00,26.228489,26.228489,27.135550,1,0.000000,0,0,0
2018-02-15T16:00:00,25.381284,25.381284,27.142432,1,0.000000,0,0,0
2018-02-15T17:00:00,24.464505,24.464505,27.149318,1,0.000000,0,0,0
2018-02-15T18:00:00,25.417095,25.417095,27.156208,1,0.000000,0,0,0
2018-02-15T19:00:00,24.567055,24.567055,27.163102,1,0.000000,0,0,0
2018-02-15T20:00:00,26.750395,26.750395,27.163102,1,0.000000,0,0,0
2018-02-15T21:00:00,26.696863,26.696863,27.162400,1,0.000000,0,0,0
2018-02-15T22:00:00,29.829953,29.829953,27.161694,1,0.000000,0,0,0
2018-02-15T23:00:00,30.126931,30.126931,27.160984,1,0.000000,0,0,0
2018-02-16T00:00:00,32.312416,32.312416,27.160270,1,0.000000,0,0,0
2018-02-16T01:00:00,32.024722,32.024722,27.159552,1,0.000000,0,0,0
2018-02-16T02:00:00,34.679410,34.679410,27.158830,1,0.000000,0,0,0
2018-02-16T03:00:00,38.648316,38.648316,27.158104,1,0.000000,0,0,0
2018-02-16T04:00:00,25.103062,25.103062,27.157374,2,0.000000,0,0,0
2018-02-16T05:00:00,26.473375,26.473375,27.156640,2,0.000000,0,0,0
2018-02-16T06:00:00,-8.091810,-8.091810,27.155902,2,-31.874359,0,0,1
2018-02-16T07:00:00,-0.443414,-0.443414,27.155160,2,-24.302442,0,0,1
2018-02-16T08:00:00,7.168552,7.168552,27.154414,2,-18.529272,0,0,1
2018-02-16T09:00:00,11.219712,11.219712,27.153664,2,-14.127548,0,0,1
2018-02-16T10:00:00,13.543552,13.543552,27.152910,2,-10.771477,0,0,1
2018-02-16T11:00:00,16.235129,16.235129,27.152152,2,-8.212657,0,0,1
2018-02-16T12:00:00,11.682326,11.682326,27.151390,2,-6.261698,0,0,0
2018-02-16T13:00:00,13.069551,13.069551,27.150624,2,-4.774200,0,0,0
2018-02-16T14:00:00,12.778077,12.778077,27.149854,2,-3.640064,0,0,0
2018-02-16T15:00:00,12.701126,12.701126,27.149080,2,-2.775348,0,0,0
2018-02-16T16:00:00,13.182286,13.182286,27.148302,2,-2.116050,0,0,0
2018-02-16T17:00:00,12.317707,12.317707,27.147520,2,-1.613371,0,0,0
2018-02-16T18:00:00,36.913745,36.913745,27.146734,3,-1.230107,0,0,0
2018-02-16T19:00:00,37.450816,37.450816,27.145944,3,-0.937889,0,0,0
2018-02-16T20:00:00,23.795307,23.795307,27.145150,3,-0.715088,0,0,0
2018-02-16T21:00:00,18.978691,18.978691,27.144352,3,-0.545215,0,0,0
2018-02-16T22:00:00,18.986772,18.986772,27.143550,0,-0.415697,0,0,0
2018-02-16T23:00:00,27.440403,27.440403,27.142744,0,0.000000,0,0,0
2018-02-17T00:00:00,27.121539,27.121539,27.141934,0,0.000000,0,0,0
2018-02-17T01:00:00,29.203380,29.203380,27.141120,0,0.000000,0,0,0
2018-02-17T02:00:00,31.066339,31.066339,27.140302,0,0.000000,0,0,0
2018-02-17T03:00:00,32.150573,32.150573,27.139480,0,0.000000,0,0,0
2018-02-17T04:00:00,34.231429,34.231429,27.138654,0,0.000000,0,0,0
2018-02-17T05:00:00,36.715878,36.715878,27.137824,0,0.000000,0,0,0
2018-02-17T06:00:00,36.270304,36.270304,27.136990,0,0.000000,0,0,0
2018-02-17T07:00:00,38.350668,38.350668,27.136152,0,0.000000,0,0,0
2018-02-17T08:00:00,35.513580,35.513580,27.135310,0,0.000000,0,0,0
2018-02-17T09:00:00,32.305955,32.305955,27.134464,0,0.000000,0,0,0
2018-02-17T10:00:00,34.850637,34.850637,27.133614,0,0.000000,0,0,0
2018-02-17T11:00:00,35.132498,35.132498,27.132760,0,0.000000,0,0,0
2018-02-17T12:00:00,31.562846,31.562846,27.131902,0,0.000000,0,0,0
2018-02-17T13:00:00,29.865192,29.865192,27.131040,0,0.000000,0,0,0
2018-02-17T14:00:00,26.313875,26.313875,27.130174,0,0.000000,0,0,0
2018-02-17T15:00:00,26.183043,26.183043,27.129304,0,0.000000,0,0,0
2018-02-17T16:00:00,24.264702,24.264702,27.128430,0,0.000000,0,0,0
2018-02-17T17:00:00,25.295886,25.295886,27.127552,0,0.000000,0,0,0
2018-02-17T18:00:00,22.345190,22.345190,27.126670,0,0.000000,0,0,0
2018-02-17T19:00:00,22.581041,22.581041,27.125784,0,0.000000,0,0,0
2018-02-17T20:00:00,22.098387,22.098387,27.124894,0,0.000000,0,0,0
2018-02-17T21:00:00,17.076744,17.076744,27.124000,0,0.000000,0,0,0
2018-02-17T22:00:00,21.786477,21.786477,27.123102,0,0.000000,0,0,0
2018-02-17T23:00:00,22.228308,22.228308,27.122200,0,0.000000,0,0,0
2018-02-18T00:00:00,19.841069,19.841069,27.121294,0,0.000000,0,0,0
2018-02-18T01:00:00,22.703056,22.703056,27.120384,0,0.000000,0,0,0
2018-02-18T02:00:00,28.360894,28.360894,27.119470,0,0.000000,0,0,0
2018-02-18T03:00:00,33.186786,33.186786,27.118552,0,0.000000,0,0,0
2018-02-18T04:00:00,32.502635,32.502635,27.117630,0,0.000000,0,0,0
2018-02-18T05:00:00,31.921203,31.921203,27.116704,0,0.000000,0,0,0
2018-02-18T06:00:00,27.478955,27.478955,27.115774,0,0.000000,0,0,0
2018-02-18T07:00:00,33.419813,33.419813,27.114840,0,0.000000,0,0,0
2018-02-18T08:00:00,6.340492,6.340492,27.113902,0,-21.005877,0,0,1
2018-02-18T09:00:00,12.930623,12.930623,27.112960,0,-16.316698,0,0,1
2018-02-18T10:00:00,19.327320,19.327320,27.112014,0,-12.674292,0,0,1
2018-02-18T11:00:00,24.974501,24.974501,27.111064,0,-9.844988,0,0,1
2018-02-18T12:00:00,24.461417,24.461417,27.110110,0,-7.647273,0,0,1
2018-02-18T13:00:00,24.411908,24.411908,27.109152,0,-5.940159,0,0,0
2018-02-18T14:00:00,24.783743,24.783743,27.108190,0,-4.614127,0,0,0
2018-02-18T15:00:00,20.424636,20.424636,27.107224,0,-3.584107,0,0,0
2018-02-18T16:00:00,15.006264,15.006264,27.106254,0,-2.784020,0,0,0
2018-02-18T17:00:00,30.418127,30.418127,27.105280,0,-2.162539,0,0,0
2018-02-18T18:00:00,28.150090,28.150090,27.104302,0,-1.679791,0,0,0
2018-02-18T19:00:00,24.466918,24.466918,27.103320,0,-1.304808,0,0,0
2018-02-18T20:00:00,21.796541,21.796541,27.102334,0,-1.013534,0,0,0
2018-02-18T21:00:00,22.082665,22.082665,27.101344,0,-0.787281,0,0,0
2018-02-18T22:00:00,24.894804,24.894804,27.100350,0,0.000000,0,0,0
2018-02-18T23:00:00,27.214879,27.214879,27.099352,0,0.000000,0,0,0
2018-02-19T00:00:00,30.072318,30.072318,27.098350,0,0.000000,0,0,0
2018-02-19T01:00:00,33.612667,33.612667,27.097344,0,0.000000,0,0,0
2018-02-19T02:00:00,30.136559,30.136559,27.096334,0,0.000000,0,0,0
2018-02-19T03:00:00,30.356006,30.356006,27.095320,0,0.000000,0,0,0
2018-02-19T04:00:00,30.818226,30.818226,27.094302,0,0.000000,0,0,0
2018-02-19T05:00:00,34.507548,34.507548,27.093280,0,0.000000,0,0,0
2018-02-19T06:00:00,35.496111,35.496111,27.092254,0,0.000000,0,0,0
2018-02-19T07:00:00,36.915377,36.915377,27.091224,0,0.000000,0,0,0
2018-02-19T08:00:00,35.415890,35.415890,27.090190,0,0.000000,0,0,0
2018-02-19T09:00:00,31.265942,31.265942,27.089152,0,0.000000,0,0,0
2018-02-19T10:00:00,34.673319,34.673319,27.088110,0,0.000000,0,0,0
2018-02-19T11:00:00,33.182253,33.182253,27.087064,0,0.000000,0,0,0
2018-02-19T12:00:00,30.295691,30.295691,27.086014,0,0.000000,0,0,0
2018-02-19T13:00:00,29.076131,29.076131,27.084960,0,0.000000,0,0,0
2018-02-19T14:00:00,29.946433,29.946433,27.083902,0,0.000000,0,0,0
2018-02-19T15:00:00,32.825803,32.825803,27.082840,0,0.000000,0,0,0
2018-02-19T16:00:00,29.406069,29.406069,27.081774,0,0.000000,0,0,0
2018-02-19T17:00:00,26.818282,26.818282,27.080704,0,0.000000,0,0,0
2018-02-19T18:00:00,25.698242,25.698242,27.079630,0,0.000000,0,0,0
2018-02-19T19:00:00,26.992747,26.992747,27.078552,0,0.000000,0,0,0
2018-02-19T20:00:00,27.557962,27.557962,27.077470,0,0.000000,0,0,0
2018-02-19T21:00:00,28.067781,28.067781,27.076384,0,0.000000,0,0,0
2018-02-19T22:00:00,29.606042,29.606042,27.075294,0,0.000000,0,0,0
2018-02-19T23:00:00,32.949929,32.949929,27.074200,0,0.000000,0,0,0
2018-02-20T00:00:00,29.402332,29.402332,27.073102,0,0.000000,0,0,0
2018-02-20T01:00:00,27.228777,27.228777,27.072000,0,0.000000,0,0,0
2018-02-20T02:00:00,32.053379,32.053379,27.070894,0,0.000000,0,0,0
2018-02-20T03:00:00,38.811102,38.811102,27.069784,0,0.000000,0,0,0
2018-02-20T04:00:00,37.669498,37.669498,27.068670,0,0.000000,0,0,0
2018-02-20T05:00:00,41.216722,41.216722,27.067552,0,0.000000,0,0,0
2018-02-20T06:00:00,39.962121,39.962121,27.066430,0,0.000000,0,0,0
2018-02-20T07:00:00,43.427754,43.427754,27.065304,0,0.000000,0,0,0
2018-02-20T08:00:00,41.557568,41.557568,27.064174,0,0.000000,0,0,0
2018-02-20T09:00:00,40.077426,40.077426,27.063040,0,0.000000,0,0,0
2018-02-20T10:00:00,38.858165,38.858165,27.061902,0,0.000000,0,0,0
2018-02-20T11:00:00,37.172334,37.172334,27.060760,0,0.000000,0,0,0
2018-02-20T12:00:00,42.713862,42.713862,27.059614,0,0.000000,0,0,0
2018-02-20T13:00:00,37.436120,37.436120,27.058464,0,0.000000,0,0,0
2018-02-20T14:00:00,31.973684,31.973684,27.057310,0,0.000000,0,0,0
2018-02-20T15:00:00,29.654680,29.654680,27.056152,0,0.000000,0,0,0
2018-02-20T16:00:00,27.302020,27.302020,27.054990,0,0.000000,0,0,0
2018-02-20T17:00:00,26.342135,26.342135,27.053824,0,0.000000,0,0,0
2018-02-20T18:00:00,26.620317,26.620317,27.052654,0,0.000000,0,0,0
2018-02-20T19:00:00,25.978868,25.978868,27.051480,0,0.000000,0,0,0
2018-02-20T20:00:00,24.658122,24.658122,27.050302,0,0.000000,0,0,0
2018-02-20T21:00:00,24.211123,24.211123,27.049120,0,0.000000,0,0,0
2018-02-20T22:00:00,22.157961,22.157961,27.047934,0,0.000000,0,0,0
2018-02-20T23:00:00,23.630239,23.630239,27.046744,0,0.000000,0,0,0
2018-02-21T00:00:00,25.943540,25.943540,27.045550,0,0.000000,0,0,0
2018-02-21T01:00:00,27.476483,27.476483,27.044352,0,0.000000,0,0,0
2018-02-21T02:00:00,28.984054,28.984054,27.043150,0,0.000000,0,0,0
2018-02-21T03:00:00,31.861201,31.861201,27.041944,0,0.000000,0,0,0
2018-02-21T04:00:00,33.020634,33.020634,27.040734,0,0.000000,0,0,0
2018-02-21T05:00:00,28.608861,28.608861,27.039520,0,0.000000,0,0,0
2018-02-21T06:00:00,32.083054,32.083054,27.038302,0,0.000000,0,0,0
2018-02-21T07:00:00,33.232365,33.232365,27.037080,0,0.000000,0,0,0
2018-02-21T08:00:00,33.470242,33.470242,27.035854,0,0.000000,0,0,0
2018-02-21T09:00:00,33.135361,33.135361,27.034624,0,0.000000,0,0,0
2018-02-21T10:00:00,29.549831,29.549831,27.033390,0,0.000000,0,0,0
2018-02-21T11:00:00,36.766448,36.766448,27.032152,0,0.000000,0,0,0
2018-02-21T12:00:00,35.518155,35.518155,27.030910,0,0.000000,0,0,0
2018-02-21T13:00:00,31.005840,31.005840,27.029664,0,0.000000,0,0,0
2018-02-21T14:00:00,27.679240,27.679240,27.028414,0,0.000000,0,0,0
2018-02-21T15:00:00,24.663338,24.663338,27.027160,0,0.000000,0,0,0
2018-02-21T16:00:00,23.558014,23.558014,27.025902,0,0.000000,0,0,0
2018-02-21T17:00:00,23.220567,23.220567,27.024640,0,0.000000,0,0,0
2018-02-21T18:00:00,24.054162,24.054162,27.023374,0,0.000000,0,0,0
2018-02-21T19:00:00,21.550787,21.550787,27.022104,0,0.000000,0,0,0
2018-02-21T20:00:00,20.179706,20.179706,27.020830,0,0.000000,0,0,0
2018-02-21T21:00:00,21.084502,21.084502,27.019552,0,0.000000,0,0,0
2018-02-21T22:00:00,22.056375,22.056375,27.018270,0,0.000000,0,0,0
2018-02-21T23:00:00,23.900002,23.900002,27.016984,0,0.000000,0,0,0
2018-02-22T00:00:00,23.291733,23.291733,27.015694,0,0.000000,0,0,0
2018-02-22T01:00:00,26.136411,26.136411,27.014400,0,0.000000,0,0,0
2018-02-22T02:00:00,25.982179,25.982179,27.013102,0,0.000000,0,0,0
2018-02-22T03:00:00,28.280306,28.280306,27.011800,0,0.000000,0,0,0
2018-02-22T04:00:00,30.111179,30.111179,27.010494,0,0.000000,0,0,0
2018-02-22T05:00:00,25.706871,25.706871,27.009184,0,0.000000,0,0,0
2018-02-22T06:00:00,27.702633,27.702633,27.007870,0,0.000000,0,0,0
2018-02-22T07:00:00,30.995241,30.995241,27.006552,0,0.000000,0,0,0
2018-02-22T08:00:00,35.056639,35.056639,27.005230,0,0.000000,0,0,0
2018-02-22T09:00:00,34.049953,34.049953,27.003904,0,0.000000,0,0,0
2018-02-22T10:00:00,32.454171,32.454171,27.002574,0,0.000000,0,0,0
2018-02-22T11:00:00,32.859020,32.859020,27.001240,0,0.000000,0,0,0
2018-02-22T12:00:00,31.872101,31.872101,26.999902,0,0.000000,0,0,0
2018-02-22T13:00:00,30.087960,30.087960,26.998560,0,0.000000,0,0,0
2018-02-22T14:00:00,29.363762,29.363762,26.997214,0,0.000000,0,0,0
2018-02-22T15:00:00,28.637792,28.637792,26.995864,0,0.000000,0,0,0
2018-02-22T16:00:00,25.505375,25.505375,26.994510,0,0.000000,0,0,0
2018-02-22T17:00:00,23.538332,23.538332,26.993152,0,0.000000,0,0,0
2018-02-22T18:00:00,21.639019,21.639019,26.991790,0,0.000000,0,0,0
2018-02-22T19:00:00,23.229015,23.229015,26.990424,0,0.000000,0,0,0
2018-02-22T20:00:00,23.015737,23.015737,26.989054,0,0.000000,0,0,0
2018-02-22T21:00:00,22.757873,22.757873,26.987680,0,0.000000,0,0,0
2018-02-22T22:00:00,22.498561,22.498561,26.986302,0,0.000000,0,0,0
2018-02-22T23:00:00,22.879616,22.879616,26.984920,0,0.000000,0,0,0
2018-02-23T00:00:00,24.255958,24.255958,26.983534,0,0.000000,0,0,0
2018-02-23T01:00:00,25.405596,25.405596,26.982144,0,0.000000,0,0,0
2018-02-23T02:00:00,21.860051,21.860051,26.980750,0,0.000000,0,0,0
2018-02-23T03:00:00,25.279324,25.279324,26.979352,0,0.000000,0,0,0
2018-02-23T04:00:00,30.798666,30.798666,26.977950,0,0.000000,0,0,0
2018-02-23T05:00:00,34.071110,34.071110,26.976544,0,0.000000,0,0,0
2018-02-23T06:00:00,33.293023,33.293023,26.975134,0,0.000000,0,0,0
2018-02-23T07:00:00,35.781018,35.781018,26.973720,0,0.000000,0,0,0
2018-02-23T08:00:00,34.523481,34.523481,26.972302,0,0.000000,0,0,0
2018-02-23T09:00:00,27.587877,27.587877,26.970880,0,0.000000,0,0,0
2018-02-23T10:00:00,29.237918,29.237918,26.969454,0,0.000000,0,0,0
2018-02-23T11:00:00,29.665568,29.665568,26.968024,0,0.000000,0,0,0
2018-02-23T12:00:00,26.480096,26.480096,26.966590,0,0.000000,0,0,0
2018-02-23T13:00:00,27.703886,27.703886,26.965152,0,0.000000,0,0,0
2018-02-23T14:00:00,27.442527,27.442527,26.963710,0,0.000000,0,0,0
2018-02-23T15:00:00,24.474847,24.474847,26.962264,0,0.000000,0,0,0
2018-02-23T16:00:00,21.892436,21.892436,26.960814,0,0.000000,0,0,0
2018-02-23T17:00:00,19.577309,19.577309,26.959360,0,0.000000,0,0,0
2018-02-23T18:00:00,21.678859,21.678859,26.957902,0,0.000000,0,0,0
2018-02-23T19:00:00,22.129297,22.129297,26.956440,0,0.000000,0,0,0
2018-02-23T20:00:00,18.930920,18.930920,26.954974,0,0.000000,0,0,0
2018-02-23T21:00:00,25.416675,25.416675,26.953504,1,0.000000,0,0,0
2018-02-23T22:00:00,26.192517,26.192517,26.952030,1,0.000000,0,0,0
2018-02-23T23:00:00,27.946540,27.946540,26.950552,1,0.000000,0,0,0
2018-02-24T00:00:00,31.846859,31.846859,26.949070,1,0.000000,0,0,0
2018-02-24T01:00:00,16.787881,16.787881,26.947584,2,0.000000,0,0,0
2018-02-24T02:00:00,19.459224,19.459224,26.946094,2,0.000000,0,0,0
2018-02-24T03:00:00,20.197797,20.197797,26.944600,2,0.000000,0,0,0
2018-02-24T04:00:00,22.206571,22.206571,26.943102,2,0.000000,0,0,0
2018-02-24T05:00:00,20.197754,20.197754,26.941600,2,0.000000,0,0,0
2018-02-24T06:00:00,20.943846,20.943846,26.940094,2,0.000000,0,0,0
2018-02-24T07:00:00,22.329270,22.329270,26.938584,2,0.000000,0,0,0
2018-02-24T08:00:00,22.205374,22.205374,26.937070,2,0.000000,0,0,0
2018-02-24T09:00:00,21.917423,21.917423,26.935552,2,0.000000,0,0,0
2018-02-24T10:00:00,22.977448,22.977448,26.934030,2,0.000000,0,0,0
2018-02-24T11:00:00,23.139360,23.139360,26.932504,2,0.000000,0,0,0
2018-02-24T12:00:00,20.634161,20.634161,26.930974,2,0.000000,0,0,0
2018-02-24T13:00:00,17.346160,17.346160,26.929440,2,0.000000,0,0,0
2018-02-24T14:00:00,18.041193,18.041193,26.927902,2,0.000000,0,0,0
2018-02-24T15:00:00,18.227695,18.227695,26.926360,2,0.000000,0,0,0
2018-02-24T16:00:00,15.976565,15.976565,26.924814,2,0.000000,0,0,0
2018-02-24T17:00:00,14.864051,14.864051,26.923264,2,0.000000,0,0,0
2018-02-24T18:00:00,16.392053,16.392053,26.921710,2,0.000000,0,0,0
2018-02-24T19:00:00,14.775489,14.775489,26.920152,2,0.000000,0,0,0
2018-02-24T20:00:00,15.090803,15.090803,26.918590,2,0.000000,0,0,0
2018-02-24T21:00:00,26.238053,26.238053,26.917024,1,0.000000,0,0,0
2018-02-24T22:00:00,26.180708,26.180708,26.915454,1,0.000000,0,0,0
2018-02-24T23:00:00,34.811196,34.811196,26.913880,1,0.000000,0,0,0
2018-02-25T00:00:00,-3.530709,-3.530709,26.912302,1,-32.783734,0,0,1
2018-02-25T01:00:00,26.184757,26.184757,26.910720,1,-24.797837,0,0,1
2018-02-25T02:00:00,30.084116,30.084116,26.909134,1,-18.757251,0,0,1
2018-02-25T03:00:00,23.521862,23.521862,26.907544,0,-14.188111,0,0,1
2018-02-25T04:00:00,0.093869,0.093869,26.905950,0,-10.731982,0,0,1
2018-02-25T05:00:00,9.520546,9.520546,26.904352,0,-8.117744,0,0,1
2018-02-25T06:00:00,20.210485,20.210485,26.902750,0,-6.140316,0,0,0
2018-02-25T07:00:00,28.585277,28.585277,26.901144,0,-4.644576,0,0,0
2018-02-25T08:00:00,31.203471,31.203471,26.899534,0,-3.513189,0,0,0
2018-02-25T09:00:00,30.756457,30.756457,26.897920,0,-2.657400,0,0,0
2018-02-25T10:00:00,31.490618,31.490618,26.896302,0,-2.010075,0,0,0
2018-02-25T11:00:00,29.682876,29.682876,26.894680,0,-1.520434,0,0,0
2018-02-25T12:00:00,30.415101,30.415101,26.893054,0,-1.150067,0,0,0
2018-02-25T13:00:00,34.079404,34.079404,26.891424,0,-0.869918,0,0,0
2018-02-25T14:00:00,33.352258,33.352258,26.889790,0,-0.658012,0,0,0
2018-02-25T15:00:00,31.625515,31.625515,26.888152,0,-0.497725,0,0,0
2018-02-25T16:00:00,28.464160,28.464160,26.886510,0,-0.376482,0,0,0
2018-02-25T17:00:00,15.923301,15.923301,26.884864,0,-0.284774,0,0,0
2018-02-25T18:00:00,17.160426,17.160426,26.883214,0,0.000000,0,0,0
2018-02-25T19:00:00,23.224349,23.224349,26.881560,0,0.000000,0,0,0
2018-02-25T20:00:00,25.320025,25.320025,26.879902,0,0.000000,0,0,0
2018-02-25T21:00:00,20.228819,20.228819,26.878240,0,0.000000,0,0,0
2018-02-25T22:00:00,20.589627,20.589627,26.876574,0,0.000000,0,0,0
2018-02-25T23:00:00,27.578795,27.578795,26.874904,0,0.000000,0,0,0
2018-02-26T00:00:00,34.272623,34.272623,26.873230,0,0.000000,0,0,0
2018-02-26T01:00:00,34.558978,34.558978,26.871552,0,0.000000,0,0,0
2018-02-26T02:00:00,31.873991,31.873991,26.869870,0,0.000000,0,0,0
2018-02-26T03:00:00,39.668791,39.668791,26.868184,1,0.000000,0,0,0
2018-02-26T04:00:00,44.688811,44.688811,26.866494,3,0.000000,0,0,0
2018-02-26T05:00:00,55.641553,55.641553,26.864800,3,0.000000,0,0,0
2018-02-26T06:00:00,49.998360,49.998360,26.863102,3,0.000000,0,0,0
2018-02-26T07:00:00,39.449917,39.449917,26.861400,3,0.000000,0,0,0
2018-02-26T08:00:00,41.472791,41.472791,26.859694,3,0.000000,0,0,0
2018-02-26T09:00:00,42.432477,42.432477,26.857984,3,0.000000,0,0,0
2018-02-26T10:00:00,23.639842,23.639842,26.856270,3,0.000000,0,0,0
2018-02-26T11:00:00,33.002572,33.002572,26.854552,3,0.000000,0,0,0
2018-02-26T12:00:00,18.171716,18.171716,26.852830,2,0.000000,0,0,0
2018-02-26T13:00:00,22.210493,22.210493,26.851104,2,0.000000,0,0,0
2018-02-26T14:00:00,21.536903,21.536903,26.849374,2,0.000000,0,0,0
2018-02-26T15:00:00,18.816640,18.816640,26.847640,2,0.000000,0,0,0
2018-02-26T16:00:00,16.611615,16.611615,26.845902,2,0.000000,0,0,0
2018-02-26T17:00:00,16.701081,16.701081,26.844160,2,0.000000,0,0,0
2018-02-26T18:00:00,14.625922,14.625922,26.842414,2,0.000000,0,0,0
2018-02-26T19:00:00,16.060542,16.060542,26.840664,2,0.000000,0,0,0
2018-02-26T20:00:00,14.728885,14.728885,26.838910,2,0.000000,0,0,0
2018-02-26T21:00:00,16.182943,16.182943,26.837152,2,0.000000,0,0,0
2018-02-26T22:00:00,19.254680,19.254680,26.835390,2,0.000000,0,0,0
2018-02-26T23:00:00,21.387806,21.387806,26.833624,2,0.000000,0,0,0
2018-02-27T00:00:00,20.076748,20.076748,26.831854,2,0.000000,0,0,0
2018-02-27T01:00:00,19.263164,19.263164,26.830080,2,0.000000,0,0,0
2018-02-27T02:00:00,22.826052,22.826052,26.828302,2,0.000000,0,0,0
2018-02-27T03:00:00,25.729162,25.729162,26.826520,2,0.000000,0,0,0
2018-02-27T04:00:00,28.283464,28.283464,26.824734,2,0.000000,0,0,0
2018-02-27T05:00:00,29.019226,29.019226,26.822944,2,0.000000,0,0,0
2018-02-27T06:00:00,36.485517,36.485517,26.821150,0,0.000000,0,0,0
2018-02-27T07:00:00,35.426227,35.426227,26.819352,0,0.000000,0,0,0
2018-02-27T08:00:00,35.988071,35.988071,26.817550,0,0.000000,0,0,0
2018-02-27T09:00:00,38.727354,38.727354,26.815744,0,0.000000,0,0,0
2018-02-27T10:00:00,47.357176,47.357176,26.813934,3,0.000000,0,0,0
2018-02-27T11:00:00,44.986236,44.986236,26.812120,3,0.000000,0,0,0
2018-02-27T12:00:00,30.057684,30.057684,26.810302,0,0.000000,0,0,0
2018-02-27T13:00:00,29.782551,29.782551,26.808480,0,0.000000,0,0,0
2018-02-27T14:00:00,29.129095,29.129095,26.806654,0,0.000000,0,0,0
2018-02-27T15:00:00,29.425493,29.425493,26.804824,0,0.000000,0,0,0
2018-02-27T16:00:00,29.464898,29.464898,26.802990,0,0.000000,0,0,0
2018-02-27T17:00:00,27.656949,27.656949,26.801152,0,0.000000,0,0,0
2018-02-27T18:00:00,27.161052,27.161052,26.799310,0,0.000000,0,0,0
2018-02-27T19:00:00,26.250056,26.250056,26.797464,0,0.000000,0,0,0
2018-02-27T20:00:00,25.599928,25.599928,26.795614,0,0.000000,0,0,0
2018-02-27T21:00:00,27.819247,27.819247,26.793760,0,0.000000,0,0,0
2018-02-27T22:00:00,28.623371,28.623371,26.791902,0,0.000000,0,0,0
2018-02-27T23:00:00,26.869538,26.869538,26.790040,0,0.000000,0,0,0
2018-02-28T00:00:00,28.918556,28.918556,26.788174,0,0.000000,0,0,0
2018-02-28T01:00:00,34.644152,34.644152,26.786304,0,0.000000,0,0,0
2018-02-28T02:00:00,33.107282,33.107282,26.784430,0,0.000000,0,0,0
2018-02-28T03:00:00,32.929056,32.929056,26.782552,0,0.000000,0,0,0
2018-02-28T04:00:00,36.288215,36.288215,26.780670,0,0.000000,0,0,0
2018-02-28T05:00:00,36.883755,36.883755,26.778784,0,0.000000,0,0,0
2018-02-28T06:00:00,37.469044,37.469044,26.776894,0,0.000000,0,0,0
2018-02-28T07:00:00,30.792999,30.792999,26.775000,0,0.000000,0,0,0
2018-02-28T08:00:00,30.153536,30.153536,26.773102,0,0.000000,0,0,0
2018-02-28T09:00:00,31.171703,31.171703,26.771200,0,0.000000,0,0,0
2018-02-28T10:00:00,31.118987,31.118987,26.769294,0,0.000000,0,0,0
2018-02-28T11:00:00,30.092516,30.092516,26.767384,0,0.000000,0,0,0
2018-02-28T12:00:00,27.636047,27.636047,26.765470,0,0.000000,0,0,0
2018-02-28T13:00:00,26.543411,26.543411,26.763552,0,0.000000,0,0,0
2018-02-28T14:00:00,26.188400,26.188400,26.761630,0,0.000000,0,0,0
2018-02-28T15:00:00,21.921917,21.921917,26.759704,0,0.000000,0,0,0
2018-02-28T16:00:00,20.822121,20.822121,26.757774,0,0.000000,0,0,0
2018-02-28T17:00:00,18.602196,18.602196,26.755840,0,0.000000,0,0,0
2018-02-28T18:00:00,19.205917,19.205917,26.753902,0,0.000000,0,0,0
2018-02-28T19:00:00,17.796727,17.796727,26.751960,0,0.000000,0,0,0
2018-02-28T20:00:00,18.553974,18.553974,26.750014,0,0.000000,0,0,0
2018-02-28T21:00:00,19.877607,19.877607,26.748064,0,0.000000,0,0,0
2018-02-28T22:00:00,21.679077,21.679077,26.746110,0,0.000000,0,0,0
2018-02-28T23:00:00,23.182278,23.182278,26.744152,0,0.000000,0,0,0
2018-03-01T00:00:00,24.124341,24.124341,26.742190,0,0.000000,0,0,0
2018-03-01T01:00:00,24.278555,24.278555,26.740224,0,0.000000,0,0,0
2018-03-01T02:00:00,25.228841,25.228841,26.738254,0,0.000000,0,0,0
2018-03-01T03:00:00,22.310220,22.310220,26.736280,2,0.000000,0,0,0
2018-03-01T04:00:00,38.738955,38.738955,26.734302,1,0.000000,0,0,0
2018-03-01T05:00:00,33.532844,33.532844,26.732320,1,0.000000,0,0,0
2018-03-01T06:00:00,33.406537,33.406537,26.730334,1,0.000000,0,0,0
2018-03-01T07:00:00,47.905874,47.905874,26.728344,3,0.000000,0,0,0
2018-03-01T08:00:00,46.903511,46.903511,26.726350,3,0.000000,0,0,0
2018-03-01T09:00:00,47.639304,47.639304,26.724352,3,0.000000,0,0,0
2018-03-01T10:00:00,41.011216,41.011216,26.722350,3,0.000000,0,0,0
2018-03-01T11:00:00,41.526347,41.526347,26.720344,3,0.000000,0,0,0
2018-03-01T12:00:00,45.516371,45.516371,26.718334,3,0.000000,0,0,0
2018-03-01T13:00:00,43.311148,43.311148,26.716320,3,0.000000,0,0,0
2018-03-01T14:00:00,25.305836,25.305836,26.714302,0,0.000000,0,0,0
2018-03-01T15:00:00,22.386908,22.386908,26.712280,0,0.000000,0,0,0
2018-03-01T16:00:00,22.247573,22.247573,26.710254,0,0.000000,0,0,0
2018-03-01T17:00:00,20.588016,20.588016,26.708224,0,0.000000,0,0,0
2018-03-01T18:00:00,19.223948,19.223948,26.706190,0,0.000000,0,0,0
2018-03-01T19:00:00,20.470018,20.470018,26.704152,0,0.000000,0,0,0
2018-03-01T20:00:00,21.315869,21.315869,26.702110,0,0.000000,0,0,0
2018-03-01T21:00:00,24.304151,24.304151,26.700064,0,0.000000,0,0,0
2018-03-01T22:00:00,24.670522,24.670522,26.698014,0,0.000000,0,0,0
2018-03-01T23:00:00,25.898715,25.898715,26.695960,0,0.000000,0,0,0
2018-03-02T00:00:00,26.751834,26.751834,26.693902,0,0.000000,0,0,0
2018-03-02T01:00:00,26.806426,26.806426,26.691840,0,0.000000,0,0,0
2018-03-02T02:00:00,28.288450,28.288450,26.689774,0,0.000000,0,0,0
2018-03-02T03:00:00,30.322628,30.322628,26.687704,0,0.000000,0,0,0
2018-03-02T04:00:00,34.485731,34.485731,26.685630,0,0.000000,0,0,0
2018-03-02T05:00:00,37.679777,37.679777,26.683552,0,0.000000,0,0,0
2018-03-02T06:00:00,36.037745,36.037745,26.681470,0,0.000000,0,0,0
2018-03-02T07:00:00,32.893047,32.893047,26.679384,0,0.000000,0,0,0
2018-03-02T08:00:00,31.588453,31.588453,26.677294,0,0.000000,0,0,0
2018-03-02T09:00:00,30.369786,30.369786,26.675200,0,0.000000,0,0,0
2018-03-02T10:00:00,28.876055,28.876055,26.673102,0,0.000000,0,0,0
2018-03-02T11:00:00,26.235858,26.235858,26.671000,0,0.000000,0,0,0
2018-03-02T12:00:00,24.602549,24.602549,26.668894,0,0.000000,0,0,0
2018-03-02T13:00:00,20.954602,20.954602,26.666784,0,0.000000,0,0,0
2018-03-02T14:00:00,20.716313,20.716313,26.664670,0,0.000000,0,0,0
2018-03-02T15:00:00,20.698459,20.698459,26.662552,0,0.000000,0,0,0
2018-03-02T16:00:00,13.540227,13.540227,26.660430,2,0.000000,0,0,0
2018-03-02T17:00:00,13.598173,13.598173,26.658304,2,0.000000,0,0,0
2018-03-02T18:00:00,13.305378,13.305378,26.656174,2,0.000000,0,0,0
2018-03-02T19:00:00,14.676868,14.676868,26.654040,2,0.000000,0,0,0
2018-03-02T20:00:00,15.493671,15.493671,26.651902,2,0.000000,0,0,0
2018-03-02T21:00:00,15.346372,15.346372,26.649760,2,0.000000,0,0,0
2018-03-02T22:00:00,15.622615,15.622615,26.647614,2,0.000000,0,0,0
2018-03-02T23:00:00,16.147858,16.147858,26.645464,2,0.000000,0,0,0
2018-03-03T00:00:00,17.376356,17.376356,26.643310,2,0.000000,0,0,0
2018-03-03T01:00:00,19.001746,19.001746,26.641152,2,0.000000,0,0,0
2018-03-03T02:00:00,13.997066,13.997066,26.638990,2,0.000000,0,0,0
2018-03-03T03:00:00,15.200637,15.200637,26.636824,2,0.000000,0,0,0
2018-03-03T04:00:00,17.795672,17.795672,26.634654,2,0.000000,0,0,0
2018-03-03T05:00:00,17.589802,17.589802,26.632480,2,0.000000,0,0,0
2018-03-03T06:00:00,19.813360,19.813360,26.630302,2,0.000000,0,0,0
2018-03-03T07:00:00,4.825197,15.123858,26.628120,3,0.000000,0,1,0
2018-03-03T08:00:00,6.092911,23.877316,26.625934,3,0.000000,0,1,0
2018-03-03T09:00:00,8.230893,31.764575,26.623744,3,0.000000,0,1,0
2018-03-03T10:00:00,8.637892,29.551795,26.621550,3,0.000000,0,1,0
2018-03-03T11:00:00,7.654894,27.734339,26.619352,3,0.000000,0,1,0
2018-03-03T12:00:00,10.559543,37.138440,26.617150,3,0.000000,0,1,0
2018-03-03T13:00:00,9.544862,33.489046,26.614944,3,0.000000,0,1,0
2018-03-03T14:00:00,8.571777,30.887367,26.612734,1,0.000000,0,1,0
2018-03-03T15:00:00,8.238610,29.708355,26.610520,1,0.000000,0,1,0
2018-03-03T16:00:00,7.393384,26.127385,26.608302,1,0.000000,0,1,0
2018-03-03T17:00:00,7.179687,24.843235,26.606080,1,0.000000,0,1,0
2018-03-03T18:00:00,7.912221,26.252644,26.603854,1,0.000000,0,1,0
2018-03-03T19:00:00,7.733915,26.990197,26.601624,1,0.000000,0,1,0
2018-03-03T20:00:00,8.009434,31.249293,26.599390,1,0.000000,0,1,0
2018-03-03T21:00:00,9.150911,32.007363,26.597152,1,0.000000,0,1,0
2018-03-03T22:00:00,15.660234,57.692701,26.594910,1,19.619910,0,1,1
2018-03-03T23:00:00,15.407649,55.665360,26.592664,1,16.469744,0,1,1
2018-03-04T00:00:00,14.277215,51.023191,26.590414,1,13.825367,0,1,1
2018-03-04T01:00:00,12.035249,44.011930,26.588160,1,11.605571,0,1,1
2018-03-04T02:00:00,10.567192,37.115584,26.585902,0,9.742185,0,1,1
2018-03-04T03:00:00,11.602401,39.896287,26.583640,0,8.177983,0,1,1
2018-03-04T04:00:00,11.765661,40.553418,26.581374,0,6.864929,0,1,0
2018-03-04T05:00:00,12.355649,42.708153,26.579104,3,5.762698,0,1,0
2018-03-04T06:00:00,14.647959,51.148377,26.576830,3,4.837441,0,1,0
2018-03-04T07:00:00,19.806021,69.960374,26.574552,3,4.060743,0,1,0
2018-03-04T08:00:00,17.512818,60.343060,26.572270,3,3.408752,0,1,0
2018-03-04T09:00:00,47.142858,47.142858,26.569984,1,2.861444,0,0,0
2018-03-04T10:00:00,40.829837,40.829837,26.567694,1,2.402011,0,0,0
2018-03-04T11:00:00,32.926262,32.926262,26.565400,1,2.016345,0,0,0
2018-03-04T12:00:00,31.065377,31.065377,26.563102,1,0.000000,0,0,0
2018-03-04T13:00:00,35.737121,35.737121,26.560800,1,0.000000,0,0,0
2018-03-04T14:00:00,20.599526,20.599526,26.558494,2,0.000000,0,0,0
2018-03-04T15:00:00,18.897507,18.897507,26.556184,2,0.000000,0,0,0
2018-03-04T16:00:00,20.563768,20.563768,26.553870,2,0.000000,0,0,0
2018-03-04T17:00:00,19.970697,19.970697,26.551552,2,0.000000,0,0,0
2018-03-04T18:00:00,32.063306,32.063306,26.549230,1,0.000000,0,0,0
2018-03-04T19:00:00,34.478593,34.478593,26.546904,1,0.000000,0,0,0
2018-03-04T20:00:00,37.819291,37.819291,26.544574,1,0.000000,0,0,0
2018-03-04T21:00:00,40.660332,40.660332,26.542240,1,0.000000,0,0,0
2018-03-04T22:00:00,41.520930,41.520930,26.539902,1,0.000000,0,0,0
2018-03-04T23:00:00,36.830241,36.830241,26.537560,1,0.000000,0,0,0
2018-03-05T00:00:00,36.953914,36.953914,26.535214,1,0.000000,0,0,0
2018-03-05T01:00:00,34.537731,34.537731,26.532864,1,0.000000,0,0,0
2018-03-05T02:00:00,21.483002,21.483002,26.530510,2,0.000000,0,0,0
2018-03-05T03:00:00,21.791530,21.791530,26.528152,2,0.000000,0,0,0
2018-03-05T04:00:00,22.802959,22.802959,26.525790,2,0.000000,0,0,0
2018-03-05T05:00:00,24.462316,24.462316,26.523424,2,0.000000,0,0,0
2018-03-05T06:00:00,24.778505,24.778505,26.521054,2,0.000000,0,0,0
2018-03-05T07:00:00,24.391909,24.391909,26.518680,2,0.000000,0,0,0
2018-03-05T08:00:00,22.988120,22.988120,26.516302,2,0.000000,0,0,0
2018-03-05T09:00:00,27.153975,27.153975,26.513920,2,4.596470,0,0,0
2018-03-05T10:00:00,25.521092,25.521092,26.511534,2,3.933614,0,0,0
2018-03-05T11:00:00,23.990729,23.990729,26.509144,2,3.366348,0,0,0
2018-03-05T12:00:00,23.170455,23.170455,26.506750,2,2.880888,0,0,0
2018-03-05T13:00:00,23.589142,23.589142,26.504352,2,2.465436,0,0,0
2018-03-05T14:00:00,19.970152,19.970152,26.501950,2,2.109896,0,0,0
2018-03-05T15:00:00,19.585207,19.585207,26.499544,2,1.805628,0,0,0
2018-03-05T16:00:00,18.210849,18.210849,26.497134,2,1.545239,0,0,0
2018-03-05T17:00:00,19.181912,19.181912,26.494720,2,1.322400,0,0,0
2018-03-05T18:00:00,39.915692,39.915692,26.492302,3,0.000000,0,0,0
2018-03-05T19:00:00,48.258599,48.258599,26.489880,3,0.000000,0,0,0
2018-03-05T20:00:00,57.619245,57.619245,26.487454,3,0.000000,0,0,0
2018-03-05T21:00:00,43.267299,43.267299,26.485024,3,0.000000,0,0,0
2018-03-05T22:00:00,26.584632,26.584632,26.482590,2,0.000000,0,0,0
2018-03-05T23:00:00,26.792756,26.792756,26.480152,2,0.000000,0,0,0
2018-03-06T00:00:00,26.760439,26.760439,26.477710,2,0.000000,0,0,0
2018-03-06T01:00:00,27.343755,27.343755,26.475264,2,0.000000,0,0,0
2018-03-06T02:00:00,27.978545,27.978545,26.472814,2,0.000000,0,0,0
2018-03-06T03:00:00,49.636892,49.636892,26.470360,1,0.000000,0,0,0
2018-03-06T04:00:00,48.856624,48.856624,26.467902,1,0.000000,0,0,0
2018-03-06T05:00:00,50.131557,50.131557,26.465440,1,0.000000,0,0,0
2018-03-06T06:00:00,51.127144,51.127144,26.462974,1,0.000000,0,0,0
2018-03-06T07:00:00,51.810527,51.810527,26.460504,1,0.000000,0,0,0
2018-03-06T08:00:00,50.271177,50.271177,26.458030,1,0.000000,0,0,0
2018-03-06T09:00:00,40.895384,40.895384,26.455552,1,0.000000,0,0,0
2018-03-06T10:00:00,38.617020,38.617020,26.453070,1,0.000000,0,0,0
2018-03-06T11:00:00,37.447628,37.447628,26.450584,1,0.000000,0,0,0
2018-03-06T12:00:00,36.362960,36.362960,26.448094,1,0.000000,0,0,0
2018-03-06T13:00:00,34.333520,34.333520,26.445600,1,0.000000,0,0,0
2018-03-06T14:00:00,38.452257,38.452257,26.443102,1,0.000000,0,0,0
2018-03-06T15:00:00,40.573561,40.573561,26.440600,1,0.000000,0,0,0
2018-03-06T16:00:00,37.871323,37.871323,26.438094,1,0.000000,0,0,0
2018-03-06T17:00:00,33.440440,33.440440,26.435584,1,0.000000,0,0,0
2018-03-06T18:00:00,35.067670,35.067670,26.433070,1,0.000000,0,0,0
2018-03-06T19:00:00,35.382187,35.382187,26.430552,1,0.000000,0,0,0
2018-03-06T20:00:00,36.297589,36.297589,26.428030,1,0.000000,0,0,0
2018-03-06T21:00:00,27.734694,27.734694,26.425504,0,0.000000,0,0,0
2018-03-06T22:00:00,27.620337,27.620337,26.422974,0,0.000000,0,0,0
2018-03-06T23:00:00,25.921301,25.921301,26.420440,0,0.000000,0,0,0
2018-03-07T00:00:00,31.488124,31.488124,26.417902,0,0.000000,0,0,0
2018-03-07T01:00:00,31.986455,31.986455,26.415360,0,0.000000,0,0,0
2018-03-07T02:00:00,29.894855,29.894855,26.412814,0,0.000000,0,0,0
2018-03-07T03:00:00,34.930580,34.930580,26.410264,0,0.000000,0,0,0
2018-03-07T04:00:00,30.638372,30.638372,26.407710,0,0.000000,0,0,0
2018-03-07T05:00:00,37.869010,37.869010,26.405152,3,0.000000,0,0,0
2018-03-07T06:00:00,34.184265,34.184265,26.402590,3,0.000000,0,0,0
2018-03-07T07:00:00,40.196649,40.196649,26.400024,3,0.000000,0,0,0
2018-03-07T08:00:00,43.891265,43.891265,26.397454,3,0.000000,0,0,0
2018-03-07T09:00:00,33.129400,33.129400,26.394880,3,0.000000,0,0,0
2018-03-07T10:00:00,22.904507,22.904507,26.392302,1,0.000000,0,0,0
2018-03-07T11:00:00,20.129616,20.129616,26.389720,2,0.000000,0,0,0
2018-03-07T12:00:00,19.048167,19.048167,26.387134,2,0.000000,0,0,0
2018-03-07T13:00:00,15.477298,15.477298,26.384544,2,0.000000,0,0,0
2018-03-07T14:00:00,13.855911,13.855911,26.381950,2,0.000000,0,0,0
2018-03-07T15:00:00,11.739346,11.739346,26.379352,2,0.000000,0,0,0
2018-03-07T16:00:00,11.108799,11.108799,26.376750,2,0.000000,0,0,0
2018-03-07T17:00:00,12.215923,12.215923,26.374144,2,0.000000,0,0,0
2018-03-07T18:00:00,13.202166,13.202166,26.371534,2,0.000000,0,0,0
2018-03-07T19:00:00,14.792109,14.792109,26.368920,2,0.000000,0,0,0
2018-03-07T20:00:00,16.229561,16.229561,26.366302,2,0.000000,0,0,0
2018-03-07T21:00:00,17.500811,17.500811,26.363680,2,0.000000,0,0,0
2018-03-07T22:00:00,18.461878,18.461878,26.361054,2,0.000000,0,0,0
2018-03-07T23:00:00,34.528765,34.528765,26.358424,1,0.000000,0,0,0
2018-03-08T00:00:00,32.724363,32.724363,26.355790,1,0.000000,0,0,0
2018-03-08T01:00:00,33.353481,33.353481,26.353152,1,0.000000,0,0,0
2018-03-08T02:00:00,37.162141,37.162141,26.350510,1,0.000000,0,0,0
2018-03-08T03:00:00,39.710641,39.710641,26.347864,1,0.000000,0,0,0
2018-03-08T04:00:00,35.423324,35.423324,26.345214,1,0.000000,0,0,0
2018-03-08T05:00:00,40.387712,40.387712,26.342560,1,0.000000,0,0,0
2018-03-08T06:00:00,28.542621,28.542621,26.339902,2,0.000000,0,0,0
2018-03-08T07:00:00,27.110767,27.110767,26.337240,2,0.000000,0,0,0
2018-03-08T08:00:00,24.601175,24.601175,26.334574,2,0.000000,0,0,0
2018-03-08T09:00:00,22.106997,22.106997,26.331904,2,0.000000,0,0,0
2018-03-08T10:00:00,20.387043,20.387043,26.329230,2,0.000000,0,0,0
2018-03-08T11:00:00,19.513286,19.513286,26.326552,2,0.000000,0,0,0
2018-03-08T12:00:00,19.135783,19.135783,26.323870,2,0.000000,0,0,0
2018-03-08T13:00:00,17.064881,17.064881,26.321184,2,0.000000,0,0,0
2018-03-08T14:00:00,17.512768,17.512768,26.318494,2,0.000000,0,0,0
2018-03-08T15:00:00,16.785523,16.785523,26.315800,2,0.000000,0,0,0
2018-03-08T16:00:00,17.450201,17.450201,26.313102,2,0.000000,0,0,0
2018-03-08T17:00:00,16.798885,16.798885,26.310400,2,0.000000,0,0,0
2018-03-08T18:00:00,19.562676,19.562676,26.307694,2,0.000000,0,0,0
2018-03-08T19:00:00,18.309378,18.309378,26.304984,2,0.000000,0,0,0
2018-03-08T20:00:00,17.302384,17.302384,26.302270,2,0.000000,0,0,0
2018-03-08T21:00:00,17.183431,17.183431,26.299552,2,0.000000,0,0,0
2018-03-08T22:00:00,15.246783,15.246783,26.296830,2,0.000000,0,0,0
2018-03-08T23:00:00,16.988830,16.988830,26.294104,2,0.000000,0,0,0
2018-03-09T00:00:00,21.172930,21.172930,26.291374,2,0.000000,0,0,0
2018-03-09T01:00:00,26.354018,26.354018,26.288640,0,0.000000,0,0,0
2018-03-09T02:00:00,27.119509,27.119509,26.285902,0,0.000000,0,0,0
2018-03-09T03:00:00,29.529819,29.529819,26.283160,0,0.000000,0,0,0
2018-03-09T04:00:00,30.196396,30.196396,26.280414,0,0.000000,0,0,0
2018-03-09T05:00:00,26.382823,26.382823,26.277664,0,0.000000,0,0,0
2018-03-09T06:00:00,32.401137,32.401137,26.274910,0,0.000000,0,0,0
2018-03-09T07:00:00,29.764507,29.764507,26.272152,0,0.000000,0,0,0
2018-03-09T08:00:00,26.654969,26.654969,26.269390,0,0.000000,0,0,0
2018-03-09T09:00:00,23.781422,23.781422,26.266624,0,0.000000,0,0,0
2018-03-09T10:00:00,21.981085,21.981085,26.263854,0,0.000000,0,0,0
2018-03-09T11:00:00,21.354215,21.354215,26.261080,0,0.000000,0,0,0
2018-03-09T12:00:00,32.303601,32.303601,26.258302,1,0.000000,0,0,0
2018-03-09T13:00:00,28.146796,28.146796,26.255520,1,0.000000,0,0,0
2018-03-09T14:00:00,26.017425,26.017425,26.252734,1,0.000000,0,0,0
2018-03-09T15:00:00,24.793314,24.793314,26.249944,1,0.000000,0,0,0
2018-03-09T16:00:00,24.719100,24.719100,26.247150,1,0.000000,0,0,0
2018-03-09T17:00:00,23.853754,23.853754,26.244352,1,0.000000,0,0,0
2018-03-09T18:00:00,26.015391,26.015391,26.241550,1,0.000000,0,0,0
2018-03-09T19:00:00,22.086844,22.086844,26.238744,1,0.000000,0,0,0
2018-03-09T20:00:00,20.280329,20.280329,26.235934,1,0.000000,0,0,0
2018-03-09T21:00:00,18.668781,18.668781,26.233120,1,0.000000,0,0,0
2018-03-09T22:00:00,17.784745,17.784745,26.230302,1,0.000000,0,0,0
2018-03-09T23:00:00,23.111855,23.111855,26.227480,1,0.000000,0,0,0
2018-03-10T00:00:00,30.119900,30.119900,26.224654,1,0.000000,0,0,0
2018-03-10T01:00:00,38.131874,38.131874,26.221824,1,3.465675,0,0,0
2018-03-10T02:00:00,39.341848,39.341848,26.218990,1,2.918335,0,0,0
2018-03-10T03:00:00,27.669651,27.669651,26.216152,2,2.457437,0,0,0
2018-03-10T04:00:00,27.109625,27.109625,26.213310,2,2.069330,0,0,0
2018-03-10T05:00:00,8.746305,8.746305,26.210464,2,-15.932533,0,0,1
2018-03-10T06:00:00,12.807963,12.807963,26.207614,2,-11.581294,0,0,1
2018-03-10T07:00:00,15.394590,15.394590,26.204760,2,-8.397560,0,0,1
2018-03-10T08:00:00,17.023505,17.023505,26.201902,2,-6.071226,0,0,0
2018-03-10T09:00:00,15.031703,15.031703,26.199040,2,-4.374068,0,0,0
2018-03-10T10:00:00,13.584768,13.584768,26.196174,2,-3.138200,0,0,0
2018-03-10T11:00:00,13.660607,13.660607,26.193304,2,-2.240185,0,0,0
2018-03-10T12:00:00,15.771801,15.771801,26.190430,2,-1.589321,0,0,0
2018-03-10T13:00:00,16.380577,16.380577,26.187552,2,-1.119007,0,0,0
2018-03-10T14:00:00,15.034889,15.034889,26.184670,2,-0.780374,0,0,0
2018-03-10T15:00:00,15.783983,15.783983,26.181784,2,-0.537601,0,0,0
2018-03-10T16:00:00,15.635260,15.635260,26.178894,2,-0.364456,0,0,0
2018-03-10T17:00:00,17.542109,17.542109,26.176000,2,-0.241753,0,0,0
2018-03-10T18:00:00,16.863428,16.863428,26.173102,2,-0.341986,0,0,0
2018-03-10T19:00:00,15.560242,15.560242,26.170200,2,-0.252471,0,0,0
2018-03-10T20:00:00,14.015708,14.015708,26.167294,2,0.000000,0,0,0
2018-03-10T21:00:00,16.250053,16.250053,26.164384,2,0.000000,0,0,0
2018-03-10T22:00:00,18.179719,18.179719,26.161470,2,0.000000,0,0,0
2018-03-10T23:00:00,18.448816,18.448816,26.158552,2,0.000000,0,0,0
2018-03-11T00:00:00,19.167364,19.167364,26.155630,2,0.000000,0,0,0
2018-03-11T01:00:00,20.401892,20.401892,26.152704,2,0.000000,0,0,0
2018-03-11T02:00:00,25.386454,25.386454,26.149774,0,0.000000,0,0,0
2018-03-11T03:00:00,32.607375,32.607375,26.146840,1,0.000000,0,0,0
2018-03-11T04:00:00,33.423303,33.423303,26.143902,1,0.000000,0,0,0
2018-03-11T05:00:00,19.630853,19.630853,26.140960,2,0.000000,0,0,0
2018-03-11T06:00:00,20.039817,20.039817,26.138014,2,0.000000,0,0,0
2018-03-11T07:00:00,22.382770,22.382770,26.135064,2,0.000000,0,0,0
2018-03-11T08:00:00,32.371946,32.371946,26.132110,1,0.000000,0,0,0
2018-03-11T09:00:00,33.232842,33.232842,26.129152,1,0.000000,0,0,0
2018-03-11T10:00:00,27.113327,27.113327,26.126190,1,0.000000,0,0,0
2018-03-11T11:00:00,27.572327,27.572327,26.123224,1,0.000000,0,0,0
2018-03-11T12:00:00,19.733217,19.733217,26.120254,1,0.000000,0,0,0
2018-03-11T13:00:00,19.969481,19.969481,26.117280,1,0.000000,0,0,0
2018-03-11T14:00:00,26.338423,26.338423,26.114302,1,0.000000,0,0,0
2018-03-11T15:00:00,31.280882,31.280882,26.111320,1,0.000000,0,0,0
2018-03-11T16:00:00,31.597041,31.597041,26.108334,1,0.000000,0,0,0
2018-03-11T17:00:00,30.651717,30.651717,26.105344,1,0.000000,0,0,0
2018-03-11T18:00:00,30.669999,30.669999,26.102350,1,0.000000,0,0,0
2018-03-11T19:00:00,33.229747,33.229747,26.099352,1,0.000000,0,0,0
2018-03-11T20:00:00,33.585951,33.585951,26.096350,1,0.000000,0,0,0
2018-03-11T21:00:00,35.325585,35.325585,26.093344,1,0.000000,0,0,0
2018-03-11T22:00:00,35.153501,35.153501,26.090334,1,0.000000,0,0,0
2018-03-11T23:00:00,36.982431,36.982431,26.087320,1,0.000000,0,0,0
2018-03-12T00:00:00,35.998351,35.998351,26.084302,1,0.000000,0,0,0
2018-03-12T01:00:00,45.046209,45.046209,26.081280,1,0.000000,0,0,0
2018-03-12T02:00:00,41.866525,41.866525,26.078254,1,0.000000,0,0,0
2018-03-12T03:00:00,43.406818,43.406818,26.075224,1,0.000000,0,0,0
2018-03-12T04:00:00,54.462093,54.462093,26.072190,3,0.000000,0,0,0
2018-03-12T05:00:00,45.280100,45.280100,26.069152,3,0.000000,0,0,0
2018-03-12T06:00:00,24.881299,24.881299,26.066110,2,0.000000,0,0,0
2018-03-12T07:00:00,27.487067,27.487067,26.063064,3,0.000000,0,0,0
2018-03-12T08:00:00,35.542480,35.542480,26.060014,3,0.000000,0,0,0
2018-03-12T09:00:00,42.587050,42.587050,26.056960,3,0.000000,0,0,0
2018-03-12T10:00:00,41.951062,41.951062,26.053902,3,0.000000,0,0,0
2018-03-12T11:00:00,48.525972,48.525972,26.050840,3,0.000000,0,0,0
2018-03-12T12:00:00,54.750758,54.750758,26.047774,3,0.000000,0,0,0
2018-03-12T13:00:00,45.112748,45.112748,26.044704,3,0.000000,0,0,0
2018-03-12T14:00:00,30.234365,30.234365,26.041630,3,0.000000,0,0,0
2018-03-12T15:00:00,30.778760,30.778760,26.038552,3,0.000000,0,0,0
2018-03-12T16:00:00,26.106983,26.106983,26.035470,0,5.566709,0,0,0
2018-03-12T17:00:00,26.391243,26.391243,26.032384,0,3.471728,0,0,0
2018-03-12T18:00:00,26.653938,26.653938,26.029294,0,2.165175,0,0,0
2018-03-12T19:00:00,25.419051,25.419051,26.026200,0,1.350331,0,0,0
2018-03-12T20:00:00,23.411151,23.411151,26.023102,0,0.842146,0,0,0
2018-03-12T21:00:00,24.242139,24.242139,26.020000,0,0.525212,0,0,0
2018-03-12T22:00:00,22.574983,22.574983,26.016894,0,0.327553,0,0,0
2018-03-12T23:00:00,25.916476,25.916476,26.013784,0,0.204281,0,0,0
2018-03-13T00:00:00,27.290454,27.290454,26.010670,0,0.127402,0,0,0
2018-03-13T01:00:00,30.931313,30.931313,26.007552,0,0.079455,0,0,0
2018-03-13T02:00:00,38.866797,38.866797,26.004430,3,0.049553,0,0,0
2018-03-13T03:00:00,43.884439,43.884439,26.001304,3,0.030904,0,0,0
2018-03-13T04:00:00,47.437366,47.437366,25.998174,3,0.019274,0,0,0
2018-03-13T05:00:00,49.015866,49.015866,25.995040,3,0.012020,0,0,0
2018-03-13T06:00:00,49.335508,49.335508,25.991902,3,0.007497,0,0,0
2018-03-13T07:00:00,50.164176,50.164176,25.988760,3,0.004675,0,0,0
2018-03-13T08:00:00,44.337402,44.337402,25.985614,3,0.002916,0,0,0
2018-03-13T09:00:00,45.193553,45.193553,25.982464,3,0.000000,0,0,0
2018-03-13T10:00:00,27.364909,27.364909,25.979310,3,0.000000,0,0,0
2018-03-13T11:00:00,33.486718,33.486718,25.976152,3,0.000000,0,0,0
2018-03-13T12:00:00,30.494143,30.494143,25.972990,3,0.000000,0,0,0
2018-03-13T13:00:00,40.928224,40.928224,25.969824,3,0.000000,0,0,0
2018-03-13T14:00:00,39.489108,39.489108,25.966654,3,0.000000,0,0,0
2018-03-13T15:00:00,51.218240,51.218240,25.963480,3,0.000000,0,0,0
2018-03-13T16:00:00,56.551033,56.551033,25.960302,3,0.000000,0,0,0
2018-03-13T17:00:00,46.374991,46.374991,25.957120,3,0.000000,0,0,0
2018-03-13T18:00:00,27.032597,27.032597,25.953934,0,0.000000,0,0,0
2018-03-13T19:00:00,23.062759,23.062759,25.950744,0,0.000000,0,0,0
2018-03-13T20:00:00,28.270982,28.270982,25.947550,1,0.000000,0,0,0
2018-03-13T21:00:00,31.467843,31.467843,25.944352,1,0.000000,0,0,0
2018-03-13T22:00:00,34.215405,34.215405,25.941150,1,0.000000,0,0,0
2018-03-13T23:00:00,32.698019,32.698019,25.937944,1,0.000000,0,0,0
2018-03-14T00:00:00,33.051174,33.051174,25.934734,1,0.000000,0,0,0
2018-03-14T01:00:00,35.365320,35.365320,25.931520,1,0.000000,0,0,0
2018-03-14T02:00:00,33.727047,33.727047,25.928302,1,0.000000,0,0,0
2018-03-14T03:00:00,39.584543,39.584543,25.925080,1,0.000000,0,0,0
2018-03-14T04:00:00,33.394128,33.394128,25.921854,1,0.000000,0,0,0
2018-03-14T05:00:00,34.155008,34.155008,25.918624,1,0.000000,0,0,0
2018-03-14T06:00:00,36.917186,36.917186,25.915390,1,0.000000,0,0,0
2018-03-14T07:00:00,45.677854,45.677854,25.912152,1,0.000000,0,0,0
2018-03-14T08:00:00,32.202566,32.202566,25.908910,0,0.000000,0,0,0
2018-03-14T09:00:00,32.243757,32.243757,25.905664,1,0.000000,0,0,0
2018-03-14T10:00:00,29.694196,29.694196,25.902414,1,0.000000,0,0,0
2018-03-14T11:00:00,23.754309,23.754309,25.899160,0,0.000000,0,0,0
2018-03-14T12:00:00,21.447827,21.447827,25.895902,0,0.000000,0,0,0
2018-03-14T13:00:00,20.176728,20.176728,25.892640,0,0.000000,0,0,0
2018-03-14T14:00:00,19.169119,19.169119,25.889374,0,0.000000,0,0,0
2018-03-14T15:00:00,19.614969,19.614969,25.886104,0,0.000000,0,0,0
2018-03-14T16:00:00,16.183466,16.183466,25.882830,0,0.000000,0,0,0
2018-03-14T17:00:00,15.849107,15.849107,25.879552,0,0.000000,0,0,0
2018-03-14T18:00:00,38.981888,38.981888,25.876270,0,19.843732,0,0,1
2018-03-14T19:00:00,36.874116,36.874116,25.872984,0,16.563976,0,0,1
2018-03-14T20:00:00,31.578727,31.578727,25.869694,0,13.826295,0,0,1
2018-03-14T21:00:00,34.989124,34.989124,25.866400,0,11.541096,0,0,1
2018-03-14T22:00:00,36.539142,36.539142,25.863102,0,9.633593,0,0,1
2018-03-14T23:00:00,33.112505,33.112505,25.859800,0,8.041360,0,0,1
2018-03-15T00:00:00,33.526352,33.526352,25.856494,0,6.712291,0,0,0
2018-03-15T01:00:00,32.183973,32.183973,25.853184,0,5.602889,0,0,0
2018-03-15T02:00:00,31.594942,31.594942,25.849870,0,4.676848,0,0,0
2018-03-15T03:00:00,40.230983,40.230983,25.846552,0,3.903862,0,0,0
2018-03-15T04:00:00,41.865314,41.865314,25.843230,0,3.258635,0,0,0
2018-03-15T05:00:00,36.795136,36.795136,25.839904,0,2.720050,0,0,0
2018-03-15T06:00:00,36.041144,36.041144,25.836574,0,2.270483,0,0,0
2018-03-15T07:00:00,33.181466,33.181466,25.833240,0,1.895219,0,0,0
2018-03-15T08:00:00,30.998008,30.998008,25.829902,0,1.581979,0,0,0
2018-03-15T09:00:00,28.192503,28.192503,25.826560,0,1.320511,0,0,0
2018-03-15T10:00:00,24.892311,24.892311,25.823214,0,1.102258,0,0,0
2018-03-15T11:00:00,21.578334,21.578334,25.819864,0,0.920077,0,0,0
2018-03-15T12:00:00,27.530796,27.530796,25.816510,0,0.000000,0,0,0
2018-03-15T13:00:00,27.864563,27.864563,25.813152,0,0.000000,0,0,0
2018-03-15T14:00:00,24.191381,24.191381,25.809790,0,0.000000,0,0,0
2018-03-15T15:00:00,20.481932,20.481932,25.806424,0,0.000000,0,0,0
2018-03-15T16:00:00,12.504016,12.504016,25.803054,2,0.000000,0,0,0
2018-03-15T17:00:00,9.004677,9.004677,25.799680,2,0.000000,0,0,0
2018-03-15T18:00:00,8.698463,8.698463,25.796302,2,0.000000,0,0,0
2018-03-15T19:00:00,9.830885,9.830885,25.792920,2,0.000000,0,0,0
2018-03-15T20:00:00,13.073427,13.073427,25.789534,2,0.000000,0,0,0
2018-03-15T21:00:00,13.131263,13.131263,25.786144,2,0.000000,0,0,0
2018-03-15T22:00:00,12.791531,12.791531,25.782750,2,0.000000,0,0,0
2018-03-15T23:00:00,14.144505,14.144505,25.779352,2,0.000000,0,0,0
2018-03-16T00:00:00,14.472131,14.472131,25.775950,2,0.000000,0,0,0
2018-03-16T01:00:00,15.028426,15.028426,25.772544,2,0.000000,0,0,0
2018-03-16T02:00:00,14.823056,14.823056,25.769134,2,0.000000,0,0,0
2018-03-16T03:00:00,16.900504,16.900504,25.765720,2,0.000000,0,0,0
2018-03-16T04:00:00,18.030178,18.030178,25.762302,2,0.000000,0,0,0
2018-03-16T05:00:00,47.374071,47.374071,25.758880,3,0.000000,0,0,0
2018-03-16T06:00:00,46.787649,46.787649,25.755454,3,0.000000,0,0,0
2018-03-16T07:00:00,48.089361,48.089361,25.752024,3,0.000000,0,0,0
2018-03-16T08:00:00,57.220450,57.220450,25.748590,3,0.000000,0,0,0
2018-03-16T09:00:00,47.374455,47.374455,25.745152,3,0.000000,0,0,0
2018-03-16T10:00:00,29.589929,29.589929,25.741710,3,0.000000,0,0,0
2018-03-16T11:00:00,39.626080,39.626080,25.738264,3,5.243078,0,0,0
2018-03-16T12:00:00,35.166460,35.166460,25.734814,3,4.133911,0,0,0
2018-03-16T13:00:00,41.478353,41.478353,25.731360,3,3.259388,0,0,0
2018-03-16T14:00:00,35.850242,35.850242,25.727902,3,2.569868,0,0,0
2018-03-16T15:00:00,31.912302,31.912302,25.724440,3,2.026216,0,0,0
2018-03-16T16:00:00,31.496995,31.496995,25.720974,3,1.597573,0,0,0
2018-03-16T17:00:00,34.801873,34.801873,25.717504,3,1.259608,0,0,0
2018-03-16T18:00:00,35.484257,35.484257,25.714030,3,0.993140,0,0,0
2018-03-16T19:00:00,29.731163,29.731163,25.710552,3,0.783042,0,0,0
2018-03-16T20:00:00,11.119219,11.119219,25.707070,2,0.617391,0,0,0
2018-03-16T21:00:00,13.107812,13.107812,25.703584,2,0.486783,0,0,0
2018-03-16T22:00:00,15.132175,15.132175,25.700094,2,0.383804,0,0,0
2018-03-16T23:00:00,18.753445,18.753445,25.696600,2,0.302611,0,0,0
2018-03-17T00:00:00,23.750843,23.750843,25.693102,2,0.238594,0,0,0
2018-03-17T01:00:00,23.387556,23.387556,25.689600,2,0.188120,0,0,0
2018-03-17T02:00:00,23.183422,23.183422,25.686094,2,0.148323,0,0,0
2018-03-17T03:00:00,41.000267,41.000267,25.682584,1,0.116946,0,0,0
2018-03-17T04:00:00,37.589670,37.589670,25.679070,1,0.000000,0,0,0
2018-03-17T05:00:00,36.262079,36.262079,25.675552,1,0.000000,0,0,0
2018-03-17T06:00:00,33.899326,33.899326,25.672030,1,0.000000,0,0,0
2018-03-17T07:00:00,34.905767,34.905767,25.668504,1,0.000000,0,0,0
2018-03-17T08:00:00,29.977283,29.977283,25.664974,0,0.000000,0,0,0
2018-03-17T09:00:00,27.683919,27.683919,25.661440,0,0.000000,0,0,0
2018-03-17T10:00:00,23.713357,23.713357,25.657902,0,0.000000,0,0,0
2018-03-17T11:00:00,23.495388,23.495388,25.654360,0,0.000000,0,0,0
2018-03-17T12:00:00,22.174159,22.174159,25.650814,0,0.000000,0,0,0
2018-03-17T13:00:00,17.913837,17.913837,25.647264,0,0.000000,0,0,0
2018-03-17T14:00:00,16.026027,16.026027,25.643710,0,0.000000,0,0,0
2018-03-17T15:00:00,17.933726,17.933726,25.640152,0,0.000000,0,0,0
2018-03-17T16:00:00,21.349401,21.349401,25.636590,1,0.000000,0,0,0
2018-03-17T17:00:00,21.151501,21.151501,25.633024,1,0.000000,0,0,0
2018-03-17T18:00:00,20.310168,20.310168,25.629454,1,0.000000,0,0,0
2018-03-17T19:00:00,21.626964,21.626964,25.625880,1,0.000000,0,0,0
2018-03-17T20:00:00,22.881565,22.881565,25.622302,1,0.000000,0,0,0
2018-03-17T21:00:00,27.498136,27.498136,25.618720,1,0.000000,0,0,0
2018-03-17T22:00:00,31.208563,31.208563,25.615134,1,0.000000,0,0,0
2018-03-17T23:00:00,28.429127,28.429127,25.611544,1,0.000000,0,0,0
2018-03-18T00:00:00,15.857110,15.857110,25.607950,2,0.000000,0,0,0
2018-03-18T01:00:00,16.882003,16.882003,25.604352,2,0.000000,0,0,0
2018-03-18T02:00:00,23.117424,23.117424,25.600750,2,0.000000,0,0,0
2018-03-18T03:00:00,27.558656,27.558656,25.597144,2,0.000000,0,0,0
2018-03-18T04:00:00,27.622984,27.622984,25.593534,2,0.000000,0,0,0
2018-03-18T05:00:00,26.403830,26.403830,25.589920,2,0.000000,0,0,0
2018-03-18T06:00:00,55.358698,55.358698,25.586302,3,0.000000,0,0,0
2018-03-18T07:00:00,50.471219,50.471219,25.582680,3,0.000000,0,0,0
2018-03-18T08:00:00,49.462582,49.462582,25.579054,3,0.000000,0,0,0
2018-03-18T09:00:00,34.842219,34.842219,25.575424,3,0.000000,0,0,0
2018-03-18T10:00:00,38.350708,38.350708,25.571790,3,0.000000,0,0,0
2018-03-18T11:00:00,42.843401,42.843401,25.568152,3,0.000000,0,0,0
2018-03-18T12:00:00,35.121733,35.121733,25.564510,3,0.000000,0,0,0
2018-03-18T13:00:00,23.334839,23.334839,25.560864,0,0.000000,0,0,0
2018-03-18T14:00:00,23.962390,23.962390,25.557214,0,0.000000,0,0,0
2018-03-18T15:00:00,22.788659,22.788659,25.553560,0,0.000000,0,0,0
2018-03-18T16:00:00,16.413806,16.413806,25.549902,2,0.000000,0,0,0
2018-03-18T17:00:00,17.159714,17.159714,25.546240,2,0.000000,0,0,0
2018-03-18T18:00:00,33.638070,33.638070,25.542574,3,0.000000,0,0,0
2018-03-18T19:00:00,28.180126,28.180126,25.538904,3,0.000000,0,0,0
2018-03-18T20:00:00,19.147452,19.147452,25.535230,3,0.000000,0,0,0
2018-03-18T21:00:00,-43.043892,-43.043892,25.531552,3,0.000000,0,0,0
2018-03-18T22:00:00,-16.851586,-16.851586,25.527870,3,0.000000,0,0,0
2018-03-18T23:00:00,13.515403,13.515403,25.524184,3,0.000000,0,0,0
2018-03-19T00:00:00,43.902798,43.902798,25.520494,3,0.000000,0,0,0
2018-03-19T01:00:00,37.531130,37.531130,25.516800,2,0.000000,0,0,0
2018-03-19T02:00:00,30.340629,30.340629,25.513102,2,0.000000,0,0,0
2018-03-19T03:00:00,23.070756,23.070756,25.509400,2,0.000000,0,0,0
2018-03-19T04:00:00,20.478176,20.478176,25.505694,2,0.000000,0,0,0
2018-03-19T05:00:00,21.404193,21.404193,25.501984,2,0.000000,0,0,0
2018-03-19T06:00:00,23.647862,23.647862,25.498270,2,0.000000,0,0,0
2018-03-19T07:00:00,23.929718,23.929718,25.494552,2,0.000000,0,0,0
2018-03-19T08:00:00,24.734670,24.734670,25.490830,2,0.000000,0,0,0
2018-03-19T09:00:00,24.921417,24.921417,25.487104,2,0.000000,0,0,0
2018-03-19T10:00:00,24.657054,24.657054,25.483374,2,0.000000,0,0,0
2018-03-19T11:00:00,23.855008,23.855008,25.479640,2,0.000000,0,0,0
2018-03-19T12:00:00,20.322478,20.322478,25.475902,2,0.000000,0,0,0
2018-03-19T13:00:00,19.438748,19.438748,25.472160,2,0.000000,0,0,0
2018-03-19T14:00:00,21.334233,21.334233,25.468414,2,0.000000,0,0,0
2018-03-19T15:00:00,34.838241,34.838241,25.464664,1,0.000000,0,0,0
2018-03-19T16:00:00,34.665700,34.665700,25.460910,1,0.000000,0,0,0
2018-03-19T17:00:00,34.844065,34.844065,25.457152,1,0.000000,0,0,0
2018-03-19T18:00:00,33.202350,33.202350,25.453390,1,0.000000,0,0,0
2018-03-19T19:00:00,35.308579,35.308579,25.449624,1,0.000000,0,0,0
2018-03-19T20:00:00,36.648760,36.648760,25.445854,1,0.000000,0,0,0
2018-03-19T21:00:00,36.243532,36.243532,25.442080,1,0.000000,0,0,0
2018-03-19T22:00:00,37.294976,37.294976,25.438302,1,0.000000,0,0,0
2018-03-19T23:00:00,37.443970,37.443970,25.434520,1,0.000000,0,0,0
2018-03-20T00:00:00,23.127114,23.127114,25.430734,2,0.000000,0,0,0
2018-03-20T01:00:00,29.553456,29.553456,25.426944,2,0.000000,0,0,0
2018-03-20T02:00:00,28.215533,28.215533,25.423150,2,0.000000,0,0,0
2018-03-20T03:00:00,35.518216,35.518216,25.419352,0,0.000000,0,0,0
2018-03-20T04:00:00,35.461612,35.461612,25.415550,0,0.000000,0,0,0
2018-03-20T05:00:00,32.372089,32.372089,25.411744,0,0.000000,0,0,0
2018-03-20T06:00:00,28.283916,28.283916,25.407934,0,0.000000,0,0,0
2018-03-20T07:00:00,27.812990,27.812990,25.404120,0,0.000000,0,0,0
2018-03-20T08:00:00,28.319467,28.319467,25.400302,0,0.000000,0,0,0
2018-03-20T09:00:00,29.150538,29.150538,25.396480,0,0.000000,0,0,0
2018-03-20T10:00:00,29.715781,29.715781,25.392654,0,0.000000,0,0,0
2018-03-20T11:00:00,23.994987,23.994987,25.388824,0,0.000000,0,0,0
2018-03-20T12:00:00,23.620970,23.620970,25.384990,0,0.000000,0,0,0
2018-03-20T13:00:00,24.369407,24.369407,25.381152,0,0.000000,0,0,0
2018-03-20T14:00:00,23.016424,23.016424,25.377310,0,0.000000,0,0,0
2018-03-20T15:00:00,24.096251,24.096251,25.373464,0,0.000000,0,0,0
2018-03-20T16:00:00,21.147167,21.147167,25.369614,0,0.000000,0,0,0
2018-03-20T17:00:00,21.938138,21.938138,25.365760,0,0.000000,0,0,0
2018-03-20T18:00:00,22.274838,22.274838,25.361902,0,0.000000,0,0,0
2018-03-20T19:00:00,23.094695,23.094695,25.358040,0,0.000000,0,0,0
2018-03-20T20:00:00,25.038717,25.038717,25.354174,0,0.000000,0,0,0
2018-03-20T21:00:00,25.957423,25.957423,25.350304,0,0.000000,0,0,0
2018-03-20T22:00:00,18.136364,18.136364,25.346430,0,0.000000,0,0,0
2018-03-20T23:00:00,19.616954,19.616954,25.342552,0,0.000000,0,0,0
2018-03-21T00:00:00,22.013506,22.013506,25.338670,0,0.000000,0,0,0
2018-03-21T01:00:00,28.914043,28.914043,25.334784,0,0.000000,0,0,0
2018-03-21T02:00:00,29.606571,29.606571,25.330894,0,0.000000,0,0,0
2018-03-21T03:00:00,33.090774,33.090774,25.327000,0,0.000000,0,0,0
2018-03-21T04:00:00,31.711975,31.711975,25.323102,0,0.000000,0,0,0
2018-03-21T05:00:00,31.066247,31.066247,25.319200,0,0.000000,0,0,0
2018-03-21T06:00:00,27.775941,27.775941,25.315294,0,0.000000,0,0,0
2018-03-21T07:00:00,29.934084,29.934084,25.311384,0,0.000000,0,0,0
2018-03-21T08:00:00,29.815301,29.815301,25.307470,0,0.000000,0,0,0
2018-03-21T09:00:00,29.384881,29.384881,25.303552,0,0.000000,0,0,0
2018-03-21T10:00:00,33.676253,33.676253,25.299630,0,0.000000,0,0,0
2018-03-21T11:00:00,32.328951,32.328951,25.295704,0,0.000000,0,0,0
2018-03-21T12:00:00,29.160897,29.160897,25.291774,0,0.000000,0,0,0
2018-03-21T13:00:00,24.590023,24.590023,25.287840,0,0.000000,0,0,0
2018-03-21T14:00:00,23.354060,23.354060,25.283902,0,0.000000,0,0,0
2018-03-21T15:00:00,21.602628,21.602628,25.279960,0,0.000000,0,0,0
2018-03-21T16:00:00,18.614158,18.614158,25.276014,0,0.000000,0,0,0
2018-03-21T17:00:00,14.156309,14.156309,25.272064,0,0.000000,0,0,0
2018-03-21T18:00:00,13.373573,13.373573,25.268110,0,0.000000,0,0,0
2018-03-21T19:00:00,14.045914,14.045914,25.264152,0,0.000000,0,0,0
2018-03-21T20:00:00,13.222671,13.222671,25.260190,0,0.000000,0,0,0
2018-03-21T21:00:00,13.434682,13.434682,25.256224,0,0.000000,0,0,0
2018-03-21T22:00:00,16.957945,16.957945,25.252254,0,0.000000,0,0,0
2018-03-21T23:00:00,17.864905,17.864905,25.248280,0,0.000000,0,0,0
2018-03-22T00:00:00,22.269198,22.269198,25.244302,0,0.000000,0,0,0
2018-03-22T01:00:00,24.026826,24.026826,25.240320,0,0.000000,0,0,0
2018-03-22T02:00:00,23.749604,23.749604,25.236334,0,0.000000,0,0,0
2018-03-22T03:00:00,22.317038,22.317038,25.232344,0,0.000000,0,0,0
2018-03-22T04:00:00,20.219232,20.219232,25.228350,0,0.000000,0,0,0
2018-03-22T05:00:00,26.163353,26.163353,25.224352,0,0.000000,0,0,0
2018-03-22T06:00:00,28.435458,28.435458,25.220350,0,0.000000,0,0,0
2018-03-22T07:00:00,31.624514,31.624514,25.216344,0,0.000000,0,0,0
2018-03-22T08:00:00,33.022096,33.022096,25.212334,0,0.000000,0,0,0
2018-03-22T09:00:00,29.306375,29.306375,25.208320,0,0.000000,0,0,0
2018-03-22T10:00:00,28.313014,28.313014,25.204302,0,0.000000,0,0,0
2018-03-22T11:00:00,27.245843,27.245843,25.200280,0,0.000000,0,0,0
2018-03-22T12:00:00,25.716562,25.716562,25.196254,0,0.000000,0,0,0
2018-03-22T13:00:00,25.366306,25.366306,25.192224,0,0.000000,0,0,0
2018-03-22T14:00:00,22.196504,22.196504,25.188190,0,0.000000,0,0,0
2018-03-22T15:00:00,27.407265,27.407265,25.184152,0,0.000000,0,0,0
2018-03-22T16:00:00,38.184472,38.184472,25.180110,3,0.000000,0,0,0
2018-03-22T17:00:00,32.229238,32.229238,25.176064,3,0.000000,0,0,0
2018-03-22T18:00:00,25.095317,25.095317,25.172014,1,0.000000,0,0,0
2018-03-22T19:00:00,8.474821,8.474821,25.167960,2,0.000000,0,0,0
2018-03-22T20:00:00,18.915654,18.915654,25.163902,1,0.000000,0,0,0
2018-03-22T21:00:00,20.458585,20.458585,25.159840,1,0.000000,0,0,0
2018-03-22T22:00:00,19.780239,19.780239,25.155774,1,0.000000,0,0,0
2018-03-22T23:00:00,21.430951,21.430951,25.151704,1,0.000000,0,0,0
2018-03-23T00:00:00,10.692407,10.692407,25.147630,2,0.000000,0,0,0
2018-03-23T01:00:00,11.524080,11.524080,25.143552,2,0.000000,0,0,0
2018-03-23T02:00:00,11.451489,11.451489,25.139470,2,0.000000,0,0,0
2018-03-23T03:00:00,34.018486,34.018486,25.135384,3,0.000000,0,0,0
2018-03-23T04:00:00,36.113230,36.113230,25.131294,3,0.000000,0,0,0
2018-03-23T05:00:00,39.388856,39.388856,25.127200,3,0.000000,0,0,0
2018-03-23T06:00:00,49.819038,49.819038,25.123102,3,0.000000,0,0,0
2018-03-23T07:00:00,42.907140,42.907140,25.119000,3,0.000000,0,0,0
2018-03-23T08:00:00,39.917728,39.917728,25.114894,3,0.000000,0,0,0
2018-03-23T09:00:00,34.218526,34.218526,25.110784,3,0.000000,0,0,0
2018-03-23T10:00:00,21.092442,21.092442,25.106670,3,-11.771100,0,0,1
2018-03-23T11:00:00,31.191508,31.191508,25.102552,3,-9.474471,0,0,1
2018-03-23T12:00:00,39.927545,39.927545,25.098430,3,-7.625931,0,0,1
2018-03-23T13:00:00,37.902381,37.902381,25.094304,3,-6.138055,0,0,0
2018-03-23T14:00:00,45.603055,45.603055,25.090174,3,-4.940475,0,0,0
2018-03-23T15:00:00,51.211808,51.211808,25.086040,3,-3.976551,0,0,0
2018-03-23T16:00:00,52.671903,52.671903,25.081902,3,-3.200696,0,0,0
2018-03-23T17:00:00,42.003542,42.003542,25.077760,3,-2.576217,0,0,0
2018-03-23T18:00:00,19.521628,19.521628,25.073614,0,-2.073578,0,0,0
2018-03-23T19:00:00,16.437392,16.437392,25.069464,0,-1.669007,0,0,0
2018-03-23T20:00:00,14.031677,14.031677,25.065310,0,-1.343371,0,0,0
2018-03-23T21:00:00,13.899351,13.899351,25.061152,0,-1.081270,0,0,0
2018-03-23T22:00:00,14.643537,14.643537,25.056990,0,-0.870306,0,0,0
2018-03-23T23:00:00,17.239194,17.239194,25.052824,0,-0.700503,0,0,0
2018-03-24T00:00:00,18.380259,18.380259,25.048654,0,0.000000,0,0,0
2018-03-24T01:00:00,19.650796,19.650796,25.044480,0,0.000000,0,0,0
2018-03-24T02:00:00,20.384952,20.384952,25.040302,0,0.000000,0,0,0
2018-03-24T03:00:00,18.612772,18.612772,25.036120,0,0.000000,0,0,0
2018-03-24T04:00:00,18.892290,18.892290,25.031934,0,0.000000,0,0,0
2018-03-24T05:00:00,20.884450,20.884450,25.027744,0,0.000000,0,0,0
2018-03-24T06:00:00,21.543809,21.543809,25.023550,0,0.000000,0,0,0
2018-03-24T07:00:00,22.944599,22.944599,25.019352,0,0.000000,0,0,0
2018-03-24T08:00:00,21.186723,21.186723,25.015150,0,0.000000,0,0,0
2018-03-24T09:00:00,21.509999,21.509999,25.010944,0,0.000000,0,0,0
2018-03-24T10:00:00,22.728424,22.728424,25.006734,0,0.000000,0,0,0
2018-03-24T11:00:00,21.992925,21.992925,25.002520,0,0.000000,0,0,0
2018-03-24T12:00:00,22.438820,22.438820,24.998302,0,0.000000,0,0,0
2018-03-24T13:00:00,22.195856,22.195856,24.994080,0,0.000000,0,0,0
2018-03-24T14:00:00,22.576230,22.576230,24.989854,0,0.000000,0,0,0
2018-03-24T15:00:00,26.460565,26.460565,24.985624,0,0.000000,0,0,0
2018-03-24T16:00:00,23.561261,23.561261,24.981390,0,0.000000,0,0,0
2018-03-24T17:00:00,20.307475,20.307475,24.977152,0,0.000000,0,0,0
2018-03-24T18:00:00,18.219854,18.219854,24.972910,0,0.000000,0,0,0
2018-03-24T19:00:00,17.323746,17.323746,24.968664,0,0.000000,0,0,0
2018-03-24T20:00:00,18.393568,18.393568,24.964414,0,0.000000,0,0,0
2018-03-24T21:00:00,20.496265,20.496265,24.960160,0,0.000000,0,0,0
2018-03-24T22:00:00,21.793930,21.793930,24.955902,0,0.000000,0,0,0
2018-03-24T23:00:00,21.724861,21.724861,24.951640,0,0.000000,0,0,0
2018-03-25T00:00:00,22.323645,22.323645,24.947374,0,0.000000,0,0,0
2018-03-25T01:00:00,24.200353,24.200353,24.943104,0,0.000000,0,0,0
2018-03-25T02:00:00,27.547232,27.547232,24.938830,0,0.000000,0,0,0
2018-03-25T03:00:00,25.818448,25.818448,24.934552,0,0.000000,0,0,0
2018-03-25T04:00:00,24.313917,24.313917,24.930270,0,0.000000,0,0,0
2018-03-25T05:00:00,24.728369,24.728369,24.925984,0,0.000000,0,0,0
2018-03-25T06:00:00,26.430664,26.430664,24.921694,0,0.000000,0,0,0
2018-03-25T07:00:00,27.684467,27.684467,24.917400,0,0.000000,0,0,0
2018-03-25T08:00:00,31.086080,31.086080,24.913102,0,0.000000,0,0,0
2018-03-25T09:00:00,34.294607,34.294607,24.908800,0,0.000000,0,0,0
2018-03-25T10:00:00,31.839436,31.839436,24.904494,0,0.000000,0,0,0
2018-03-25T11:00:00,29.309659,29.309659,24.900184,0,0.000000,0,0,0
2018-03-25T12:00:00,25.155032,25.155032,24.895870,0,0.000000,0,0,0
2018-03-25T13:00:00,21.652194,21.652194,24.891552,0,0.000000,0,0,0
2018-03-25T14:00:00,26.717279,26.717279,24.887230,1,0.000000,0,0,0
2018-03-25T15:00:00,27.886342,27.886342,24.882904,1,0.000000,0,0,0
2018-03-25T16:00:00,28.503045,28.503045,24.878574,1,0.000000,0,0,0
2018-03-25T17:00:00,29.439329,29.439329,24.874240,1,0.000000,0,0,0
2018-03-25T18:00:00,28.783978,28.783978,24.869902,1,0.000000,0,0,0
2018-03-25T19:00:00,27.031064,27.031064,24.865560,1,0.000000,0,0,0
2018-03-25T20:00:00,13.274347,13.274347,24.861214,2,0.000000,0,0,0
2018-03-25T21:00:00,14.824825,14.824825,24.856864,2,0.000000,0,0,0
2018-03-25T22:00:00,16.683496,16.683496,24.852510,2,0.000000,0,0,0
2018-03-25T23:00:00,18.376969,18.376969,24.848152,2,0.000000,0,0,0
2018-03-26T00:00:00,21.406136,21.406136,24.843790,2,0.000000,0,0,0
2018-03-26T01:00:00,19.950501,19.950501,24.839424,2,0.000000,0,0,0
2018-03-26T02:00:00,22.806428,22.806428,24.835054,2,0.000000,0,0,0
2018-03-26T03:00:00,29.363954,29.363954,24.830680,2,0.000000,0,0,0
2018-03-26T04:00:00,31.294321,31.294321,24.826302,2,0.000000,0,0,0
2018-03-26T05:00:00,26.625287,26.625287,24.821920,2,0.000000,0,0,0
2018-03-26T06:00:00,27.351627,27.351627,24.817534,2,0.000000,0,0,0
2018-03-26T07:00:00,26.346278,26.346278,24.813144,2,0.000000,0,0,0
2018-03-26T08:00:00,31.532666,31.532666,24.808750,2,0.000000,0,0,0
2018-03-26T09:00:00,30.161988,30.161988,24.804352,2,0.000000,0,0,0
2018-03-26T10:00:00,24.181640,24.181640,24.799950,2,0.000000,0,0,0
2018-03-26T11:00:00,20.050749,20.050749,24.795544,2,0.000000,0,0,0
2018-03-26T12:00:00,19.856345,19.856345,24.791134,2,0.000000,0,0,0
2018-03-26T13:00:00,19.364797,19.364797,24.786720,2,0.000000,0,0,0
2018-03-26T14:00:00,18.287917,18.287917,24.782302,2,0.000000,0,0,0
2018-03-26T15:00:00,18.980171,18.980171,24.777880,2,0.000000,0,0,0
2018-03-26T16:00:00,16.676917,16.676917,24.773454,2,0.000000,0,0,0
2018-03-26T17:00:00,15.124897,15.124897,24.769024,2,0.000000,0,0,0
2018-03-26T18:00:00,15.273172,15.273172,24.764590,2,0.000000,0,0,0
2018-03-26T19:00:00,16.232127,16.232127,24.760152,2,0.000000,0,0,0
2018-03-26T20:00:00,15.115942,15.115942,24.755710,2,0.000000,0,0,0
2018-03-26T21:00:00,15.060110,15.060110,24.751264,2,0.000000,0,0,0
2018-03-26T22:00:00,14.617751,14.617751,24.746814,2,0.000000,0,0,0
2018-03-26T23:00:00,16.552679,16.552679,24.742360,2,0.000000,0,0,0
2018-03-27T00:00:00,18.021844,18.021844,24.737902,2,0.000000,0,0,0
2018-03-27T01:00:00,20.941051,20.941051,24.733440,2,0.000000,0,0,0
2018-03-27T02:00:00,22.890568,22.890568,24.728974,2,0.000000,0,0,0
2018-03-27T03:00:00,25.692185,25.692185,24.724504,2,0.000000,0,0,0
2018-03-27T04:00:00,25.767659,25.767659,24.720030,2,0.000000,0,0,0
2018-03-27T05:00:00,25.442147,25.442147,24.715552,2,0.000000,0,0,0
2018-03-27T06:00:00,27.308840,27.308840,24.711070,2,0.000000,0,0,0
2018-03-27T07:00:00,35.720232,35.720232,24.706584,2,0.000000,0,0,0
2018-03-27T08:00:00,31.639683,31.639683,24.702094,2,0.000000,0,0,0
2018-03-27T09:00:00,28.856353,28.856353,24.697600,2,0.000000,0,0,0
2018-03-27T10:00:00,27.409563,27.409563,24.693102,2,0.000000,0,0,0
2018-03-27T11:00:00,30.276345,30.276345,24.688600,0,0.000000,0,0,0
2018-03-27T12:00:00,28.793486,28.793486,24.684094,0,0.000000,0,0,0
2018-03-27T13:00:00,33.888479,33.888479,24.679584,1,0.000000,0,0,0
2018-03-27T14:00:00,29.701216,29.701216,24.675070,1,0.000000,0,0,0
2018-03-27T15:00:00,42.346691,42.346691,24.670552,3,0.000000,0,0,0
2018-03-27T16:00:00,34.154257,34.154257,24.666030,3,0.000000,0,0,0
2018-03-27T17:00:00,33.110377,33.110377,24.661504,3,0.000000,0,0,0
2018-03-27T18:00:00,42.032361,42.032361,24.656974,3,0.000000,0,0,0
2018-03-27T19:00:00,41.391539,41.391539,24.652440,3,0.000000,0,0,0
2018-03-27T20:00:00,33.049518,33.049518,24.647902,3,0.000000,0,0,0
2018-03-27T21:00:00,19.798513,19.798513,24.643360,3,0.000000,0,0,0
2018-03-27T22:00:00,20.974842,20.974842,24.638814,3,0.000000,0,0,0
2018-03-27T23:00:00,23.063464,23.063464,24.634264,3,0.000000,0,0,0
2018-03-28T00:00:00,29.615061,29.615061,24.629710,3,0.000000,0,0,0
2018-03-28T01:00:00,42.616757,42.616757,24.625152,3,0.000000,0,0,0
2018-03-28T02:00:00,41.348659,41.348659,24.620590,3,0.000000,0,0,0
2018-03-28T03:00:00,35.017569,35.017569,24.616024,3,0.000000,0,0,0
2018-03-28T04:00:00,50.958959,50.958959,24.611454,3,0.000000,0,0,0
2018-03-28T05:00:00,31.765254,31.765254,24.606880,2,0.000000,0,0,0
2018-03-28T06:00:00,69.697665,69.697665,24.602302,3,0.000000,0,0,0
2018-03-28T07:00:00,55.898206,55.898206,24.597720,3,0.000000,0,0,0
2018-03-28T08:00:00,38.683691,38.683691,24.593134,3,0.000000,0,0,0
2018-03-28T09:00:00,31.498514,31.498514,24.588544,3,0.000000,0,0,0
2018-03-28T10:00:00,42.371217,42.371217,24.583950,3,0.000000,0,0,0
2018-03-28T11:00:00,32.196206,32.196206,24.579352,3,0.000000,0,0,0
2018-03-28T12:00:00,41.778226,41.778226,24.574750,3,0.000000,0,0,0
2018-03-28T13:00:00,43.439255,43.439255,24.570144,3,0.000000,0,0,0
2018-03-28T14:00:00,35.132902,35.132902,24.565534,3,0.000000,0,0,0
2018-03-28T15:00:00,35.934272,35.934272,24.560920,3,0.000000,0,0,0
2018-03-28T16:00:00,34.453934,34.453934,24.556302,3,0.000000,0,0,0
2018-03-28T17:00:00,30.081828,30.081828,24.551680,3,0.000000,0,0,0
2018-03-28T18:00:00,15.698904,15.698904,24.547054,3,0.000000,0,0,0
2018-03-28T19:00:00,22.987833,22.987833,24.542424,3,0.000000,0,0,0
2018-03-28T20:00:00,27.403937,27.403937,24.537790,3,0.000000,0,0,0
2018-03-28T21:00:00,31.389145,31.389145,24.533152,3,0.000000,0,0,0
2018-03-28T22:00:00,27.763688,27.763688,24.528510,3,0.000000,0,0,0
2018-03-28T23:00:00,28.614481,28.614481,24.523864,3,0.000000,0,0,0
2018-03-29T00:00:00,40.250506,40.250506,24.519214,3,0.000000,0,0,0
2018-03-29T01:00:00,36.184064,36.184064,24.514560,3,0.000000,0,0,0
2018-03-29T02:00:00,36.203486,36.203486,24.509902,3,0.000000,0,0,0
2018-03-29T03:00:00,-5.129423,-5.129423,24.505240,3,0.000000,0,0,0
2018-03-29T04:00:00,8.882605,8.882605,24.500574,3,0.000000,0,0,0
2018-03-29T05:00:00,33.850414,33.850414,24.495904,3,0.000000,0,0,0
2018-03-29T06:00:00,28.868571,28.868571,24.491230,3,0.000000,0,0,0
2018-03-29T07:00:00,19.946556,19.946556,24.486552,3,0.000000,0,0,0
2018-03-29T08:00:00,30.907428,30.907428,24.481870,3,0.000000,0,0,0
2018-03-29T09:00:00,30.429640,30.429640,24.477184,3,0.000000,0,0,0
2018-03-29T10:00:00,34.567973,34.567973,24.472494,3,0.000000,0,0,0
2018-03-29T11:00:00,37.516205,37.516205,24.467800,3,0.000000,0,0,0
2018-03-29T12:00:00,45.152683,45.152683,24.463102,3,0.000000,0,0,0
2018-03-29T13:00:00,26.489688,26.489688,24.458400,3,0.000000,0,0,0
2018-03-29T14:00:00,27.135005,27.135005,24.453694,3,0.000000,0,0,0
2018-03-29T15:00:00,13.369858,13.369858,24.448984,0,0.000000,0,0,0
2018-03-29T16:00:00,5.045923,5.045923,24.444270,0,0.000000,0,0,0
2018-03-29T17:00:00,3.437618,3.437618,24.439552,0,0.000000,0,0,0
2018-03-29T18:00:00,12.197426,12.197426,24.434830,1,0.000000,0,0,0
2018-03-29T19:00:00,14.513665,14.513665,24.430104,1,0.000000,0,0,0
2018-03-29T20:00:00,24.468126,24.468126,24.425374,1,0.000000,0,0,0
2018-03-29T21:00:00,21.030300,21.030300,24.420640,1,0.000000,0,0,0
2018-03-29T22:00:00,19.993615,19.993615,24.415902,1,0.000000,0,0,0
2018-03-29T23:00:00,18.500953,18.500953,24.411160,1,0.000000,0,0,0
2018-03-30T00:00:00,17.878048,17.878048,24.406414,1,0.000000,0,0,0
2018-03-30T01:00:00,16.145301,16.145301,24.401664,0,0.000000,0,0,0
2018-03-30T02:00:00,22.561792,22.561792,24.396910,0,0.000000,0,0,0
2018-03-30T03:00:00,22.924177,22.924177,24.392152,0,0.000000,0,0,0
2018-03-30T04:00:00,24.225846,24.225846,24.387390,0,0.000000,0,0,0
2018-03-30T05:00:00,20.429303,20.429303,24.382624,0,0.000000,0,0,0
2018-03-30T06:00:00,23.402870,23.402870,24.377854,0,0.000000,0,0,0
2018-03-30T07:00:00,26.871240,26.871240,24.373080,0,0.000000,0,0,0
2018-03-30T08:00:00,26.855847,26.855847,24.368302,0,0.000000,0,0,0
2018-03-30T09:00:00,26.186400,26.186400,24.363520,0,0.000000,0,0,0
2018-03-30T10:00:00,24.018205,24.018205,24.358734,0,0.000000,0,0,0
2018-03-30T11:00:00,22.826033,22.826033,24.353944,0,0.000000,0,0,0
2018-03-30T12:00:00,20.475376,20.475376,24.349150,0,0.000000,0,0,0
2018-03-30T13:00:00,19.435880,19.435880,24.344352,0,0.000000,0,0,0
2018-03-30T14:00:00,11.312384,11.312384,24.339550,2,0.000000,0,0,0
2018-03-30T15:00:00,16.380913,16.380913,24.334744,0,0.000000,0,0,0
2018-03-30T16:00:00,11.951151,11.951151,24.329934,0,0.000000,0,0,0
2018-03-30T17:00:00,9.547928,9.547928,24.325120,0,0.000000,0,0,0
2018-03-30T18:00:00,10.186629,10.186629,24.320302,0,0.000000,0,0,0
2018-03-30T19:00:00,9.164946,9.164946,24.315480,0,0.000000,0,0,0
2018-03-30T20:00:00,4.440256,4.440256,24.310654,0,-5.983942,0,0,0
2018-03-30T21:00:00,6.328668,6.328668,24.305824,0,-4.377906,0,0,0
2018-03-30T22:00:00,8.794553,8.794553,24.300990,0,-3.202916,0,0,0
2018-03-30T23:00:00,11.639408,11.639408,24.296152,0,-2.343282,0,0,0
2018-03-31T00:00:00,13.779407,13.779407,24.291310,0,-1.714366,0,0,0
2018-03-31T01:00:00,13.653496,13.653496,24.286464,0,-1.254246,0,0,0
2018-03-31T02:00:00,18.534852,18.534852,24.281614,0,-0.917618,0,0,0
2018-03-31T03:00:00,22.588586,22.588586,24.276760,0,-0.671337,0,0,0
2018-03-31T04:00:00,24.687257,24.687257,24.271902,0,-0.491156,0,0,0
2018-03-31T05:00:00,25.118574,25.118574,24.267040,0,-0.359335,0,0,0
2018-03-31T06:00:00,27.926247,27.926247,24.262174,0,-0.262892,0,0,0
2018-03-31T07:00:00,42.008319,42.008319,24.257304,3,-0.192334,0,0,0
2018-03-31T08:00:00,38.213180,38.213180,24.252430,3,-0.140714,0,0,0
2018-03-31T09:00:00,25.782493,25.782493,24.247552,3,-0.102947,0,0,0
2018-03-31T10:00:00,23.207527,23.207527,24.242670,3,-0.075317,0,0,0
2018-03-31T11:00:00,28.057510,28.057510,24.237784,3,0.000000,0,0,0
2018-03-31T12:00:00,34.315668,34.315668,24.232894,3,0.000000,0,0,0
2018-03-31T13:00:00,35.030331,35.030331,24.228000,3,0.000000,0,0,0
2018-03-31T14:00:00,13.563091,13.563091,24.223102,2,0.000000,0,0,0
2018-03-31T15:00:00,9.282916,9.282916,24.218200,2,0.000000,0,0,0
2018-03-31T16:00:00,6.187822,6.187822,24.213294,2,0.000000,0,0,0
2018-03-31T17:00:00,19.751423,19.751423,24.208384,1,0.000000,0,0,0
2018-03-31T18:00:00,9.391470,9.391470,24.203470,0,0.000000,0,0,0
2018-03-31T19:00:00,9.777217,9.777217,24.198552,0,0.000000,0,0,0
2018-03-31T20:00:00,10.323942,10.323942,24.193630,0,0.000000,0,0,0
2018-03-31T21:00:00,12.408794,12.408794,24.188704,0,0.000000,0,0,0
2018-03-31T22:00:00,12.803193,12.803193,24.183774,0,0.000000,0,0,0
2018-03-31T23:00:00,15.827851,15.827851,24.178840,0,0.000000,0,0,0
2018-04-01T00:00:00,21.626077,21.626077,24.173902,0,0.000000,0,0,0
2018-04-01T01:00:00,26.564007,26.564007,24.168960,0,0.000000,0,0,0
2018-04-01T02:00:00,28.391139,28.391139,24.164014,0,0.000000,0,0,0
2018-04-01T03:00:00,28.313698,28.313698,24.159064,0,0.000000,0,0,0
2018-04-01T04:00:00,32.297692,32.297692,24.154110,0,0.000000,0,0,0
2018-04-01T05:00:00,34.861044,34.861044,24.149152,0,0.000000,0,0,0
2018-04-01T06:00:00,34.560190,34.560190,24.144190,0,0.000000,0,0,0
2018-04-01T07:00:00,33.539482,33.539482,24.139224,0,0.000000,0,0,0
2018-04-01T08:00:00,29.272068,29.272068,24.134254,0,0.000000,0,0,0
2018-04-01T09:00:00,24.937813,24.937813,24.129280,0,0.000000,0,0,0
2018-04-01T10:00:00,23.674210,23.674210,24.124302,0,0.000000,0,0,0
2018-04-01T11:00:00,20.429393,20.429393,24.119320,0,0.000000,0,0,0
2018-04-01T12:00:00,21.032270,21.032270,24.114334,0,0.000000,0,0,0
2018-04-01T13:00:00,21.164653,21.164653,24.109344,0,0.000000,0,0,0
2018-04-01T14:00:00,19.320721,19.320721,24.104350,0,0.000000,0,0,0
2018-04-01T15:00:00,18.213303,18.213303,24.099352,0,0.000000,0,0,0
2018-04-01T16:00:00,23.923047,23.923047,24.094350,1,0.000000,0,0,0
2018-04-01T17:00:00,21.153412,21.153412,24.089344,1,0.000000,0,0,0
2018-04-01T18:00:00,20.433421,20.433421,24.084334,1,0.000000,0,0,0
2018-04-01T19:00:00,23.541626,23.541626,24.079320,1,0.000000,0,0,0
2018-04-01T20:00:00,24.427000,24.427000,24.074302,1,0.000000,0,0,0
2018-04-01T21:00:00,24.588060,24.588060,24.069280,1,0.000000,0,0,0
2018-04-01T22:00:00,27.183309,27.183309,24.064254,1,0.000000,0,0,0
2018-04-01T23:00:00,29.862904,29.862904,24.059224,1,0.000000,0,0,0
2018-04-02T00:00:00,32.628180,32.628180,24.054190,1,0.000000,0,0,0
2018-04-02T01:00:00,35.955741,35.955741,24.049152,1,0.000000,0,0,0
2018-04-02T02:00:00,37.777488,37.777488,24.044110,1,0.000000,0,0,0
2018-04-02T03:00:00,35.117962,35.117962,24.039064,1,0.000000,0,0,0
2018-04-02T04:00:00,38.700650,38.700650,24.034014,1,0.000000,0,0,0
2018-04-02T05:00:00,40.001653,40.001653,24.028960,1,0.000000,0,0,0
2018-04-02T06:00:00,51.466187,51.466187,24.023902,3,0.000000,0,0,0
2018-04-02T07:00:00,56.411973,56.411973,24.018840,3,0.000000,0,0,0
2018-04-02T08:00:00,35.261530,35.261530,24.013774,3,0.000000,0,0,0
2018-04-02T09:00:00,36.438524,36.438524,24.008704,3,0.000000,0,0,0
2018-04-02T10:00:00,23.742615,23.742615,24.003630,0,0.000000,0,0,0
2018-04-02T11:00:00,24.663473,24.663473,23.998552,0,0.000000,0,0,0
2018-04-02T12:00:00,27.335213,27.335213,23.993470,0,0.000000,0,0,0
2018-04-02T13:00:00,25.218181,25.218181,23.988384,0,0.000000,0,0,0
2018-04-02T14:00:00,21.567659,21.567659,23.983294,0,0.000000,0,0,0
2018-04-02T15:00:00,27.568858,27.568858,23.978200,1,0.000000,0,0,0
2018-04-02T16:00:00,26.538667,26.538667,23.973102,1,0.000000,0,0,0
2018-04-02T17:00:00,25.100850,25.100850,23.968000,1,0.000000,0,0,0
2018-04-02T18:00:00,16.854476,16.854476,23.962894,0,0.000000,0,0,0
2018-04-02T19:00:00,19.546290,19.546290,23.957784,0,0.000000,0,0,0
2018-04-02T20:00:00,35.633293,35.633293,23.952670,3,0.000000,0,0,0
2018-04-02T21:00:00,31.580015,31.580015,23.947552,3,0.000000,0,0,0
2018-04-02T22:00:00,38.836248,38.836248,23.942430,3,0.000000,0,0,0
2018-04-02T23:00:00,44.356380,44.356380,23.937304,3,0.000000,0,0,0
2018-04-03T00:00:00,41.572306,41.572306,23.932174,3,0.000000,0,0,0
2018-04-03T01:00:00,56.865287,56.865287,23.927040,3,0.000000,0,0,0
2018-04-03T02:00:00,55.097052,55.097052,23.921902,3,0.000000,0,0,0
2018-04-03T03:00:00,44.605696,44.605696,23.916760,1,0.000000,0,0,0
2018-04-03T04:00:00,41.812549,41.812549,23.911614,1,0.000000,0,0,0
2018-04-03T05:00:00,46.597711,46.597711,23.906464,1,0.000000,0,0,0
2018-04-03T06:00:00,46.001585,46.001585,23.901310,1,0.000000,0,0,0
2018-04-03T07:00:00,43.596099,43.596099,23.896152,1,0.000000,0,0,0
2018-04-03T08:00:00,37.097987,37.097987,23.890990,1,0.000000,0,0,0
2018-04-03T09:00:00,36.372722,36.372722,23.885824,1,0.000000,0,0,0
2018-04-03T10:00:00,36.519181,36.519181,23.880654,1,0.000000,0,0,0
2018-04-03T11:00:00,40.642958,40.642958,23.875480,1,0.000000,0,0,0
2018-04-03T12:00:00,36.243724,36.243724,23.870302,1,0.000000,0,0,0
2018-04-03T13:00:00,27.859859,27.859859,23.865120,1,0.000000,0,0,0
2018-04-03T14:00:00,20.647535,20.647535,23.859934,0,0.000000,0,0,0
2018-04-03T15:00:00,19.037057,19.037057,23.854744,0,0.000000,0,0,0
2018-04-03T16:00:00,15.668151,15.668151,23.849550,0,0.000000,0,0,0
2018-04-03T17:00:00,16.624556,16.624556,23.844352,0,0.000000,0,0,0
2018-04-03T18:00:00,17.143909,17.143909,23.839150,0,0.000000,0,0,0
2018-04-03T19:00:00,15.696864,15.696864,23.833944,0,0.000000,0,0,0
2018-04-03T20:00:00,17.290854,17.290854,23.828734,0,0.000000,0,0,0
2018-04-03T21:00:00,18.953474,18.953474,23.823520,0,0.000000,0,0,0
2018-04-03T22:00:00,21.282096,21.282096,23.818302,0,0.000000,0,0,0
2018-04-03T23:00:00,25.000775,25.000775,23.813080,0,0.000000,0,0,0
2018-04-04T00:00:00,25.907523,25.907523,23.807854,0,0.000000,0,0,0
2018-04-04T01:00:00,29.351221,29.351221,23.802624,0,0.000000,0,0,0
2018-04-04T02:00:00,31.156543,31.156543,23.797390,0,0.000000,0,0,0
2018-04-04T03:00:00,30.620320,30.620320,23.792152,0,0.000000,0,0,0
2018-04-04T04:00:00,32.483260,32.483260,23.786910,0,0.000000,0,0,0
2018-04-04T05:00:00,34.354985,34.354985,23.781664,0,0.000000,0,0,0
2018-04-04T06:00:00,31.582849,31.582849,23.776414,0,0.000000,0,0,0
2018-04-04T07:00:00,30.428722,30.428722,23.771160,0,0.000000,0,0,0
2018-04-04T08:00:00,28.594190,28.594190,23.765902,0,0.000000,0,0,0
2018-04-04T09:00:00,24.935633,24.935633,23.760640,0,0.000000,0,0,0
2018-04-04T10:00:00,16.398843,16.398843,23.755374,2,0.000000,0,0,0
2018-04-04T11:00:00,13.745990,13.745990,23.750104,2,0.000000,0,0,0
2018-04-04T12:00:00,12.830722,12.830722,23.744830,2,0.000000,0,0,0
2018-04-04T13:00:00,10.125802,10.125802,23.739552,2,0.000000,0,0,0
2018-04-04T14:00:00,7.409399,7.409399,23.734270,2,0.000000,0,0,0
2018-04-04T15:00:00,6.527357,6.527357,23.728984,2,0.000000,0,0,0
2018-04-04T16:00:00,8.808703,8.808703,23.723694,2,0.000000,0,0,0
2018-04-04T17:00:00,22.085928,22.085928,23.718400,1,0.000000,0,0,0
2018-04-04T18:00:00,25.322628,25.322628,23.718400,1,0.000000,0,0,0
2018-04-04T19:00:00,28.281073,28.281073,23.722202,1,0.000000,0,0,0
2018-04-04T20:00:00,24.564298,24.564298,23.726008,1,0.000000,0,0,0
2018-04-04T21:00:00,27.551838,27.551838,23.729818,1,0.000000,0,0,0
2018-04-04T22:00:00,28.498996,28.498996,23.733632,1,0.000000,0,0,0
2018-04-04T23:00:00,32.438004,32.438004,23.737450,1,0.000000,0,0,0
2018-04-05T00:00:00,31.342696,31.342696,23.741272,1,0.000000,0,0,0
2018-04-05T01:00:00,36.641079,36.641079,23.745098,1,0.000000,0,0,0
2018-04-05T02:00:00,36.629757,36.629757,23.748928,1,0.000000,0,0,0
2018-04-05T03:00:00,35.830077,35.830077,23.752762,1,0.000000,0,0,0
2018-04-05T04:00:00,30.698181,30.698181,23.756600,1,0.000000,0,0,0
2018-04-05T05:00:00,18.003464,18.003464,23.760442,2,0.000000,0,0,0
2018-04-05T06:00:00,17.517497,17.517497,23.764288,2,0.000000,0,0,0
2018-04-05T07:00:00,19.109562,19.109562,23.768138,2,0.000000,0,0,0
2018-04-05T08:00:00,17.084239,17.084239,23.771992,2,0.000000,0,0,0
2018-04-05T09:00:00,13.501035,13.501035,23.775850,2,0.000000,0,0,0
2018-04-05T10:00:00,12.511907,12.511907,23.779712,2,0.000000,0,0,0
2018-04-05T11:00:00,13.169370,13.169370,23.783578,2,0.000000,0,0,0
2018-04-05T12:00:00,9.178003,9.178003,23.787448,2,0.000000,0,0,0
2018-04-05T13:00:00,30.018914,30.018914,23.791322,3,0.000000,0,0,0
2018-04-05T14:00:00,-7.422694,-7.422694,23.795200,2,0.000000,0,0,0
2018-04-05T15:00:00,-6.079640,-6.079640,23.799082,2,0.000000,0,0,0
2018-04-05T16:00:00,-0.750853,-0.750853,23.802968,2,0.000000,0,0,0
2018-04-05T17:00:00,5.201977,5.201977,23.806858,2,0.000000,0,0,0
2018-04-05T18:00:00,7.773551,7.773551,23.810752,2,0.000000,0,0,0
2018-04-05T19:00:00,7.767441,7.767441,23.814650,2,0.000000,0,0,0
2018-04-05T20:00:00,6.594555,6.594555,23.818552,2,0.000000,0,0,0
2018-04-05T21:00:00,9.148993,9.148993,23.822458,2,0.000000,0,0,0
2018-04-05T22:00:00,11.804504,11.804504,23.826368,2,0.000000,0,0,0
2018-04-05T23:00:00,14.682384,14.682384,23.830282,2,0.000000,0,0,0
2018-04-06T00:00:00,15.347801,15.347801,23.834200,2,0.000000,0,0,0
2018-04-06T01:00:00,19.761803,19.761803,23.838122,2,0.000000,0,0,0
2018-04-06T02:00:00,18.525414,18.525414,23.842048,2,0.000000,0,0,0
2018-04-06T03:00:00,14.997185,14.997185,23.845978,2,0.000000,0,0,0
2018-04-06T04:00:00,15.865769,15.865769,23.849912,2,0.000000,0,0,0
2018-04-06T05:00:00,19.584490,19.584490,23.853850,2,0.000000,0,0,0
2018-04-06T06:00:00,17.181149,17.181149,23.857792,2,0.000000,0,0,0
2018-04-06T07:00:00,14.776653,14.776653,23.861738,2,0.000000,0,0,0
2018-04-06T08:00:00,13.739639,13.739639,23.865688,2,0.000000,0,0,0
2018-04-06T09:00:00,11.057570,11.057570,23.869642,2,0.000000,0,0,0
2018-04-06T10:00:00,10.133749,10.133749,23.873600,2,0.000000,0,0,0
2018-04-06T11:00:00,9.387332,9.387332,23.877562,2,0.000000,0,0,0
2018-04-06T12:00:00,10.025799,10.025799,23.881528,2,0.000000,0,0,0
2018-04-06T13:00:00,8.207360,8.207360,23.885498,2,0.000000,0,0,0
2018-04-06T14:00:00,6.725972,6.725972,23.889472,2,0.000000,0,0,0
2018-04-06T15:00:00,5.635501,5.635501,23.893450,2,0.000000,0,0,0
2018-04-06T16:00:00,5.647360,5.647360,23.897432,2,0.000000,0,0,0
2018-04-06T17:00:00,5.210629,5.210629,23.901418,2,0.000000,0,0,0
2018-04-06T18:00:00,5.064231,5.064231,23.905408,2,0.000000,0,0,0
2018-04-06T19:00:00,5.927092,5.927092,23.909402,2,0.000000,0,0,0
2018-04-06T20:00:00,8.211007,8.211007,23.913400,2,0.000000,0,0,0
2018-04-06T21:00:00,8.878648,8.878648,23.917402,2,0.000000,0,0,0
2018-04-06T22:00:00,9.969463,9.969463,23.921408,2,0.000000,0,0,0
2018-04-06T23:00:00,9.383366,9.383366,23.925418,2,0.000000,0,0,0
2018-04-07T00:00:00,10.912088,10.912088,23.929432,2,0.000000,0,0,0
2018-04-07T01:00:00,17.293472,17.293472,23.933450,2,0.000000,0,0,0
2018-04-07T02:00:00,31.893933,31.893933,23.937472,1,0.000000,0,0,0
2018-04-07T03:00:00,37.144166,37.144166,23.941498,3,0.000000,0,0,0
2018-04-07T04:00:00,17.507074,17.507074,23.945528,3,0.000000,0,0,0
2018-04-07T05:00:00,31.677138,31.677138,23.949562,3,0.000000,0,0,0
2018-04-07T06:00:00,44.515383,44.515383,23.953600,3,0.000000,0,0,0
2018-04-07T07:00:00,64.922266,64.922266,23.957642,3,0.000000,0,0,0
2018-04-07T08:00:00,51.520738,51.520738,23.961688,3,0.000000,0,0,0
2018-04-07T09:00:00,50.965170,50.965170,23.965738,3,0.000000,0,0,0
2018-04-07T10:00:00,47.910350,47.910350,23.969792,3,0.000000,0,0,0
2018-04-07T11:00:00,34.878047,34.878047,23.973850,3,0.000000,0,0,0
2018-04-07T12:00:00,35.698289,35.698289,23.977912,3,0.000000,0,0,0
2018-04-07T13:00:00,34.333733,34.333733,23.981978,3,0.000000,0,0,0
2018-04-07T14:00:00,21.032280,21.032280,23.986048,3,0.000000,0,0,0
2018-04-07T15:00:00,15.056294,15.056294,23.990122,1,0.000000,0,0,0
2018-04-07T16:00:00,16.475204,16.475204,23.994200,1,0.000000,0,0,0
2018-04-07T17:00:00,16.780578,16.780578,23.998282,1,0.000000,0,0,0
2018-04-07T18:00:00,19.946693,19.946693,24.002368,1,0.000000,0,0,0
2018-04-07T19:00:00,20.103284,20.103284,24.006458,1,0.000000,0,0,0
2018-04-07T20:00:00,15.059038,15.059038,24.010552,0,0.000000,0,0,0
2018-04-07T21:00:00,7.893308,7.893308,24.014650,2,0.000000,0,0,0
2018-04-07T22:00:00,10.928600,10.928600,24.018752,2,0.000000,0,0,0
2018-04-07T23:00:00,14.179546,14.179546,24.022858,2,0.000000,0,0,0
2018-04-08T00:00:00,17.146501,17.146501,24.026968,2,0.000000,0,0,0
2018-04-08T01:00:00,18.372259,18.372259,24.031082,2,0.000000,0,0,0
2018-04-08T02:00:00,21.406929,21.406929,24.035200,2,0.000000,0,0,0
2018-04-08T03:00:00,31.569803,31.569803,24.039322,0,0.000000,0,0,0
2018-04-08T04:00:00,32.052174,32.052174,24.043448,0,0.000000,0,0,0
2018-04-08T05:00:00,33.999088,33.999088,24.047578,0,0.000000,0,0,0
2018-04-08T06:00:00,31.754092,31.754092,24.051712,0,0.000000,0,0,0
2018-04-08T07:00:00,31.173287,31.173287,24.055850,0,0.000000,0,0,0
2018-04-08T08:00:00,28.133158,28.133158,24.059992,0,0.000000,0,0,0
2018-04-08T09:00:00,27.032788,27.032788,24.064138,0,0.000000,0,0,0
2018-04-08T10:00:00,24.451719,24.451719,24.068288,0,0.000000,0,0,0
2018-04-08T11:00:00,20.446411,20.446411,24.072442,0,0.000000,0,0,0
2018-04-08T12:00:00,17.522328,17.522328,24.076600,0,0.000000,0,0,0
2018-04-08T13:00:00,14.229603,14.229603,24.080762,0,0.000000,0,0,0
2018-04-08T14:00:00,13.213291,13.213291,24.084928,0,0.000000,0,0,0
2018-04-08T15:00:00,10.449537,10.449537,24.089098,0,0.000000,0,0,0
2018-04-08T16:00:00,6.237593,6.237593,24.093272,0,0.000000,0,0,0
2018-04-08T17:00:00,8.629964,8.629964,24.097450,0,0.000000,0,0,0
2018-04-08T18:00:00,23.369452,23.369452,24.101632,1,0.000000,0,0,0
2018-04-08T19:00:00,25.713234,25.713234,24.105818,1,0.000000,0,0,0
2018-04-08T20:00:00,5.649891,5.649891,24.110008,2,0.000000,0,0,0
2018-04-08T21:00:00,10.699427,10.699427,24.114202,2,0.000000,0,0,0
2018-04-08T22:00:00,16.590021,16.590021,24.118400,2,0.000000,0,0,0
2018-04-08T23:00:00,21.379365,21.379365,24.122602,2,0.000000,0,0,0
2018-04-09T00:00:00,23.485035,23.485035,24.126808,2,0.000000,0,0,0
2018-04-09T01:00:00,30.206015,30.206015,24.131018,2,0.000000,0,0,0
2018-04-09T02:00:00,31.993213,31.993213,24.135232,2,0.000000,0,0,0
2018-04-09T03:00:00,37.793535,37.793535,24.139450,2,7.158470,0,0,0
2018-04-09T04:00:00,34.952401,34.952401,24.143672,2,5.943760,0,0,0
2018-04-09T05:00:00,31.842589,31.842589,24.147898,2,4.935172,0,0,0
2018-04-09T06:00:00,29.555240,29.555240,24.152128,2,4.097730,0,0,0
2018-04-09T07:00:00,26.530225,26.530225,24.156362,2,3.402393,0,0,0
2018-04-09T08:00:00,24.747975,24.747975,24.160600,2,2.825046,0,0,0
2018-04-09T09:00:00,19.180011,19.180011,24.164842,2,2.345668,0,0,0
2018-04-09T10:00:00,17.349537,17.349537,24.169088,2,1.947635,0,0,0
2018-04-09T11:00:00,17.450406,17.450406,24.173338,2,1.617144,0,0,0
2018-04-09T12:00:00,17.821867,17.821867,24.177592,2,1.342733,0,0,0
2018-04-09T13:00:00,40.339160,40.339160,24.181850,3,1.114887,0,0,0
2018-04-09T14:00:00,40.566346,40.566346,24.186112,3,0.000000,0,0,0
2018-04-09T15:00:00,38.788812,38.788812,24.190378,3,0.000000,0,0,0
2018-04-09T16:00:00,30.479036,30.479036,24.194648,3,0.000000,0,0,0
2018-04-09T17:00:00,35.602276,35.602276,24.198922,3,0.000000,0,0,0
2018-04-09T18:00:00,34.534475,34.534475,24.203200,3,0.000000,0,0,0
2018-04-09T19:00:00,58.792466,58.792466,24.207482,3,0.000000,0,0,0
2018-04-09T20:00:00,53.906245,53.906245,24.211768,3,0.000000,0,0,0
2018-04-09T21:00:00,38.238705,38.238705,24.216058,3,0.000000,0,0,0
2018-04-09T22:00:00,41.070986,41.070986,24.220352,3,0.000000,0,0,0
2018-04-09T23:00:00,41.773034,41.773034,24.224650,3,0.000000,0,0,0
2018-04-10T00:00:00,29.084132,29.084132,24.228952,0,0.000000,0,0,0
2018-04-10T01:00:00,30.951231,30.951231,24.233258,0,0.000000,0,0,0
2018-04-10T02:00:00,32.258271,32.258271,24.237568,0,0.000000,0,0,0
2018-04-10T03:00:00,32.722580,32.722580,24.241882,0,0.000000,0,0,0
2018-04-10T04:00:00,22.058344,22.058344,24.246200,0,0.000000,0,0,0
2018-04-10T05:00:00,26.186948,26.186948,24.250522,0,0.000000,0,0,0
2018-04-10T06:00:00,28.938226,28.938226,24.254848,0,0.000000,0,0,0
2018-04-10T07:00:00,35.996720,35.996720,24.259178,0,0.000000,0,0,0
2018-04-10T08:00:00,36.762271,36.762271,24.263512,0,0.000000,0,0,0
2018-04-10T09:00:00,35.787901,35.787901,24.267850,0,0.000000,0,0,0
2018-04-10T10:00:00,32.756929,32.756929,24.272192,0,0.000000,0,0,0
2018-04-10T11:00:00,52.912145,52.912145,24.276538,0,0.000000,0,0,0
2018-04-10T12:00:00,42.861968,42.861968,24.280888,0,0.000000,0,0,0
2018-04-10T13:00:00,24.409164,24.409164,24.285242,0,0.000000,0,0,0
2018-04-10T14:00:00,18.442985,18.442985,24.289600,0,0.000000,0,0,0
2018-04-10T15:00:00,17.357104,17.357104,24.293962,0,0.000000,0,0,0
2018-04-10T16:00:00,19.448057,19.448057,24.298328,0,0.000000,0,0,0
2018-04-10T17:00:00,17.770854,17.770854,24.302698,0,0.000000,0,0,0
2018-04-10T18:00:00,18.516934,18.516934,24.307072,0,0.000000,0,0,0
2018-04-10T19:00:00,16.967053,16.967053,24.311450,0,0.000000,0,0,0
2018-04-10T20:00:00,17.996138,17.996138,24.315832,0,0.000000,0,0,0
2018-04-10T21:00:00,21.066385,21.066385,24.320218,0,0.000000,0,0,0
2018-04-10T22:00:00,23.540884,23.540884,24.324608,0,0.000000,0,0,0
2018-04-10T23:00:00,24.896221,24.896221,24.329002,0,0.000000,0,0,0
2018-04-11T00:00:00,26.417750,26.417750,24.333400,0,0.000000,0,0,0
2018-04-11T01:00:00,31.190902,31.190902,24.337802,0,0.000000,0,0,0
2018-04-11T02:00:00,31.738939,31.738939,24.342208,0,0.000000,0,0,0
2018-04-11T03:00:00,34.382637,34.382637,24.346618,0,0.000000,0,0,0
2018-04-11T04:00:00,33.271930,33.271930,24.351032,0,0.000000,0,0,0
2018-04-11T05:00:00,34.928357,34.928357,24.355450,0,0.000000,0,0,0
2018-04-11T06:00:00,39.470226,39.470226,24.359872,0,0.000000,0,0,0
2018-04-11T07:00:00,33.197712,33.197712,24.364298,0,0.000000,0,0,0
2018-04-11T08:00:00,29.350564,29.350564,24.368728,0,0.000000,0,0,0
2018-04-11T09:00:00,32.255776,32.255776,24.373162,0,0.000000,0,0,0
2018-04-11T10:00:00,31.152899,31.152899,24.377600,0,0.000000,0,0,0
2018-04-11T11:00:00,27.194982,27.194982,24.382042,0,0.000000,0,0,0
2018-04-11T12:00:00,20.379134,20.379134,24.386488,0,0.000000,0,0,0
2018-04-11T13:00:00,15.793604,15.793604,24.390938,0,0.000000,0,0,0
2018-04-11T14:00:00,13.276564,13.276564,24.395392,0,0.000000,0,0,0
2018-04-11T15:00:00,12.054681,12.054681,24.399850,0,0.000000,0,0,0
2018-04-11T16:00:00,4.100790,4.100790,24.404312,0,0.000000,0,0,0
2018-04-11T17:00:00,6.392368,6.392368,24.408778,0,0.000000,0,0,0
2018-04-11T18:00:00,9.031536,9.031536,24.413248,0,0.000000,0,0,0
2018-04-11T19:00:00,31.510291,31.510291,24.417722,3,0.000000,0,0,0
2018-04-11T20:00:00,36.012471,36.012471,24.422200,3,0.000000,0,0,0
2018-04-11T21:00:00,82.169247,82.169247,24.426682,3,0.000000,0,0,0
2018-04-11T22:00:00,68.528404,68.528404,24.431168,3,0.000000,0,0,0
2018-04-11T23:00:00,52.323760,52.323760,24.435658,3,0.000000,0,0,0
2018-04-12T00:00:00,42.175526,42.175526,24.440152,3,0.000000,0,0,0
2018-04-12T01:00:00,26.227311,26.227311,24.444650,0,0.000000,0,0,0
2018-04-12T02:00:00,29.403369,29.403369,24.449152,0,0.000000,0,0,0
2018-04-12T03:00:00,23.885159,23.885159,24.453658,0,-2.574768,0,0,0
2018-04-12T04:00:00,25.459337,25.459337,24.458168,0,-2.067444,0,0,0
2018-04-12T05:00:00,22.235396,22.235396,24.462682,0,-1.660081,0,0,0
2018-04-12T06:00:00,31.106898,31.106898,24.467200,1,-1.332984,0,0,0
2018-04-12T07:00:00,30.074347,30.074347,24.471722,1,-1.070337,0,0,0
2018-04-12T08:00:00,22.655810,22.655810,24.476248,1,-0.859441,0,0,0
2018-04-12T09:00:00,34.804075,34.804075,24.480778,1,0.000000,0,0,0
2018-04-12T10:00:00,32.160823,32.160823,24.485312,1,0.000000,0,0,0
2018-04-12T11:00:00,27.037136,27.037136,24.489850,1,0.000000,0,0,0
2018-04-12T12:00:00,20.735645,20.735645,24.494392,1,0.000000,0,0,0
2018-04-12T13:00:00,17.104538,17.104538,24.498938,1,0.000000,0,0,0
2018-04-12T14:00:00,10.872335,10.872335,24.503488,0,0.000000,0,0,0
2018-04-12T15:00:00,12.375049,12.375049,24.508042,0,0.000000,0,0,0
2018-04-12T16:00:00,12.933046,12.933046,24.512600,0,0.000000,0,0,0
2018-04-12T17:00:00,11.002114,11.002114,24.517162,0,0.000000,0,0,0
2018-04-12T18:00:00,9.574510,9.574510,24.521728,0,0.000000,0,0,0
2018-04-12T19:00:00,10.776775,10.776775,24.526298,0,0.000000,0,0,0
2018-04-12T20:00:00,9.553923,9.553923,24.530872,0,0.000000,0,0,0
2018-04-12T21:00:00,10.247374,10.247374,24.535450,0,0.000000,0,0,0
2018-04-12T22:00:00,13.961820,13.961820,24.540032,0,0.000000,0,0,0
2018-04-12T23:00:00,22.361497,22.361497,24.544618,0,0.000000,0,0,0
2018-04-13T00:00:00,21.992674,21.992674,24.549208,0,0.000000,0,0,0
2018-04-13T01:00:00,19.787913,19.787913,24.553802,0,0.000000,0,0,0
2018-04-13T02:00:00,30.030282,30.030282,24.558400,0,0.000000,0,0,0
2018-04-13T03:00:00,34.877763,34.877763,24.563002,0,0.000000,0,0,0
2018-04-13T04:00:00,30.877838,30.877838,24.567608,0,0.000000,0,0,0
2018-04-13T05:00:00,27.280733,27.280733,24.572218,0,0.000000,0,0,0
2018-04-13T06:00:00,25.995563,25.995563,24.576832,0,0.000000,0,0,0
2018-04-13T07:00:00,25.878829,25.878829,24.581450,0,0.000000,0,0,0
2018-04-13T08:00:00,24.511126,24.511126,24.586072,0,0.000000,0,0,0
2018-04-13T09:00:00,16.556399,16.556399,24.590698,2,0.000000,0,0,0
2018-04-13T10:00:00,11.667969,11.667969,24.595328,2,0.000000,0,0,0
2018-04-13T11:00:00,10.371353,10.371353,24.599962,2,0.000000,0,0,0
2018-04-13T12:00:00,9.158512,9.158512,24.604600,2,0.000000,0,0,0
2018-04-13T13:00:00,7.268274,7.268274,24.609242,2,0.000000,0,0,0
2018-04-13T14:00:00,23.971543,23.971543,24.613888,3,0.000000,0,0,0
2018-04-13T15:00:00,22.911475,22.911475,24.618538,3,0.000000,0,0,0
2018-04-13T16:00:00,9.680787,9.680787,24.623192,3,0.000000,0,0,0
2018-04-13T17:00:00,15.675506,15.675506,24.627850,3,0.000000,0,0,0
2018-04-13T18:00:00,19.483042,19.483042,24.632512,3,0.000000,0,0,0
2018-04-13T19:00:00,16.716239,16.716239,24.637178,3,0.000000,0,0,0
2018-04-13T20:00:00,20.407231,20.407231,24.641848,3,0.000000,0,0,0
2018-04-13T21:00:00,23.522759,23.522759,24.646522,3,0.000000,0,0,0
2018-04-13T22:00:00,36.697808,36.697808,24.651200,3,0.000000,0,0,0
2018-04-13T23:00:00,42.721212,42.721212,24.655882,3,0.000000,0,0,0
2018-04-14T00:00:00,40.377433,40.377433,24.660568,3,0.000000,0,0,0
2018-04-14T01:00:00,39.839689,39.839689,24.665258,3,0.000000,0,0,0
2018-04-14T02:00:00,15.270657,15.270657,24.669952,3,0.000000,0,0,0
2018-04-14T03:00:00,24.891983,24.891983,24.674650,3,0.000000,0,0,0
2018-04-14T04:00:00,15.324740,15.324740,24.679352,2,0.000000,0,0,0
2018-04-14T05:00:00,20.206961,20.206961,24.684058,2,0.000000,0,0,0
2018-04-14T06:00:00,21.765930,21.765930,24.688768,2,0.000000,0,0,0
2018-04-14T07:00:00,35.027753,35.027753,24.693482,1,0.000000,0,0,0
2018-04-14T08:00:00,31.126262,31.126262,24.698200,1,0.000000,0,0,0
2018-04-14T09:00:00,29.943123,29.943123,24.702922,1,0.000000,0,0,0
2018-04-14T10:00:00,29.636512,29.636512,24.707648,1,0.000000,0,0,0
2018-04-14T11:00:00,27.680031,27.680031,24.712378,1,0.000000,0,0,0
2018-04-14T12:00:00,24.159594,24.159594,24.717112,1,0.000000,0,0,0
2018-04-14T13:00:00,20.405194,20.405194,24.721850,1,0.000000,0,0,0
2018-04-14T14:00:00,15.156336,15.156336,24.726592,1,0.000000,0,0,0
2018-04-14T15:00:00,16.856494,16.856494,24.731338,1,0.000000,0,0,0
2018-04-14T16:00:00,6.467281,6.467281,24.736088,3,0.000000,0,0,0
2018-04-14T17:00:00,7.739473,7.739473,24.740842,3,0.000000,0,0,0
2018-04-14T18:00:00,-2.573785,-2.573785,24.745600,2,0.000000,0,0,0
2018-04-14T19:00:00,6.191346,6.191346,24.750362,2,0.000000,0,0,0
2018-04-14T20:00:00,10.490006,10.490006,24.755128,2,0.000000,0,0,0
2018-04-14T21:00:00,12.351545,12.351545,24.759898,2,0.000000,0,0,0
2018-04-14T22:00:00,29.455218,29.455218,24.764672,3,0.000000,0,0,0
2018-04-14T23:00:00,32.719948,32.719948,24.769450,3,0.000000,0,0,0
2018-04-15T00:00:00,14.290030,14.290030,24.774232,2,0.000000,0,0,0
2018-04-15T01:00:00,14.043943,14.043943,24.779018,2,0.000000,0,0,0
2018-04-15T02:00:00,15.157140,15.157140,24.783808,2,0.000000,0,0,0
2018-04-15T03:00:00,18.888467,18.888467,24.788602,2,0.000000,0,0,0
2018-04-15T04:00:00,23.256399,23.256399,24.793400,2,0.000000,0,0,0
2018-04-15T05:00:00,21.998327,21.998327,24.798202,2,0.000000,0,0,0
2018-04-15T06:00:00,21.327752,21.327752,24.803008,2,0.000000,0,0,0
2018-04-15T07:00:00,23.578636,23.578636,24.807818,2,0.000000,0,0,0
2018-04-15T08:00:00,25.313408,25.313408,24.812632,2,0.000000,0,0,0
2018-04-15T09:00:00,21.902142,21.902142,24.817450,2,0.000000,0,0,0
2018-04-15T10:00:00,22.932266,22.932266,24.822272,2,0.000000,0,0,0
2018-04-15T11:00:00,-10.980840,-10.980840,24.827098,2,-33.725429,0,0,1
2018-04-15T12:00:00,-6.634281,-6.634281,24.831928,2,-27.523983,0,0,1
2018-04-15T13:00:00,-3.535398,-3.535398,24.836762,2,-22.462861,0,0,1
2018-04-15T14:00:00,-1.635068,-1.635068,24.841600,2,-18.332381,0,0,1
2018-04-15T15:00:00,-2.137055,-2.137055,24.846442,2,-14.961415,0,0,1
2018-04-15T16:00:00,-1.719960,-1.719960,24.851288,2,-12.210303,0,0,1
2018-04-15T17:00:00,-0.561036,-0.561036,24.856138,2,-9.965067,0,0,1
2018-04-15T18:00:00,-1.091236,-1.091236,24.860992,2,-8.132687,0,0,1
2018-04-15T19:00:00,7.531573,7.531573,24.865850,2,0.000000,0,0,0
2018-04-15T20:00:00,9.061097,9.061097,24.870712,2,0.000000,0,0,0
2018-04-15T21:00:00,17.054842,17.054842,24.875578,0,0.000000,0,0,0
2018-04-15T22:00:00,18.632244,18.632244,24.880448,0,0.000000,0,0,0
2018-04-15T23:00:00,20.809668,20.809668,24.885322,0,0.000000,0,0,0
2018-04-16T00:00:00,25.938341,25.938341,24.890200,0,0.000000,0,0,0
2018-04-16T01:00:00,27.811820,27.811820,24.895082,0,0.000000,0,0,0
2018-04-16T02:00:00,31.877697,31.877697,24.899968,0,0.000000,0,0,0
2018-04-16T03:00:00,34.742687,34.742687,24.904858,0,0.000000,0,0,0
2018-04-16T04:00:00,38.913587,38.913587,24.909752,0,0.000000,0,0,0
2018-04-16T05:00:00,37.477284,37.477284,24.914650,0,0.000000,0,0,0
2018-04-16T06:00:00,36.024286,36.024286,24.919552,0,0.000000,0,0,0
2018-04-16T07:00:00,35.013292,35.013292,24.924458,0,0.000000,0,0,0
2018-04-16T08:00:00,34.263666,34.263666,24.929368,0,0.000000,0,0,0
2018-04-16T09:00:00,31.673272,31.673272,24.934282,0,0.000000,0,0,0
2018-04-16T10:00:00,28.808953,28.808953,24.939200,0,0.000000,0,0,0
2018-04-16T11:00:00,18.718831,18.718831,24.944122,0,0.000000,0,0,0
2018-04-16T12:00:00,18.014080,18.014080,24.949048,0,0.000000,0,0,0
2018-04-16T13:00:00,19.729002,19.729002,24.953978,0,0.000000,0,0,0
2018-04-16T14:00:00,20.498191,20.498191,24.958912,0,0.000000,0,0,0
2018-04-16T15:00:00,19.358422,19.358422,24.963850,0,0.000000,0,0,0
2018-04-16T16:00:00,19.107634,19.107634,24.968792,0,0.000000,0,0,0
2018-04-16T17:00:00,17.932085,17.932085,24.973738,0,0.000000,0,0,0
2018-04-16T18:00:00,18.870491,18.870491,24.978688,0,0.000000,0,0,0
2018-04-16T19:00:00,21.646484,21.646484,24.983642,0,0.000000,0,0,0
2018-04-16T20:00:00,23.173991,23.173991,24.988600,0,0.000000,0,0,0
2018-04-16T21:00:00,23.883676,23.883676,24.993562,0,0.000000,0,0,0
2018-04-16T22:00:00,24.344946,24.344946,24.998528,0,0.000000,0,0,0
2018-04-16T23:00:00,25.545925,25.545925,25.003498,0,0.000000,0,0,0
2018-04-17T00:00:00,26.571166,26.571166,25.008472,0,0.000000,0,0,0
2018-04-17T01:00:00,35.859864,35.859864,25.013450,1,0.000000,0,0,0
2018-04-17T02:00:00,40.910837,40.910837,25.018432,1,0.000000,0,0,0
2018-04-17T03:00:00,49.586203,49.586203,25.023418,1,0.000000,0,0,0
2018-04-17T04:00:00,48.820168,48.820168,25.028408,1,0.000000,0,0,0
2018-04-17T05:00:00,49.492915,49.492915,25.033402,1,0.000000,0,0,0
2018-04-17T06:00:00,37.317692,37.317692,25.038400,1,0.000000,0,0,0
2018-04-17T07:00:00,22.904540,22.904540,25.043402,2,0.000000,0,0,0
2018-04-17T08:00:00,27.707157,27.707157,25.048408,2,0.000000,0,0,0
2018-04-17T09:00:00,27.775598,27.775598,25.053418,2,0.000000,0,0,0
2018-04-17T10:00:00,28.945805,28.945805,25.058432,2,0.000000,0,0,0
2018-04-17T11:00:00,25.042663,25.042663,25.063450,2,0.000000,0,0,0
2018-04-17T12:00:00,20.678417,20.678417,25.068472,2,0.000000,0,0,0
2018-04-17T13:00:00,19.701806,19.701806,25.073498,2,0.000000,0,0,0
2018-04-17T14:00:00,19.895682,19.895682,25.078528,2,0.000000,0,0,0
2018-04-17T15:00:00,16.632974,16.632974,25.083562,2,0.000000,0,0,0
2018-04-17T16:00:00,13.474158,13.474158,25.088600,2,0.000000,0,0,0
2018-04-17T17:00:00,10.242073,10.242073,25.093642,2,0.000000,0,0,0
2018-04-17T18:00:00,8.244394,8.244394,25.098688,2,0.000000,0,0,0
2018-04-17T19:00:00,8.427747,8.427747,25.103738,2,0.000000,0,0,0
2018-04-17T20:00:00,13.463853,13.463853,25.108792,0,0.000000,0,0,0
2018-04-17T21:00:00,15.377024,15.377024,25.113850,0,0.000000,0,0,0
2018-04-17T22:00:00,19.597116,19.597116,25.118912,0,0.000000,0,0,0
2018-04-17T23:00:00,21.588955,21.588955,25.123978,0,0.000000,0,0,0
2018-04-18T00:00:00,21.597875,21.597875,25.129048,0,0.000000,0,0,0
2018-04-18T01:00:00,-3.620444,-3.620444,25.134122,0,-28.503561,0,0,1
2018-04-18T02:00:00,8.090240,8.090240,25.139200,0,-19.471723,0,0,1
2018-04-18T03:00:00,16.707281,16.707281,25.144282,0,-13.301776,0,0,1
2018-04-18T04:00:00,17.829565,17.829565,25.149368,2,-9.086882,0,0,1
2018-04-18T05:00:00,21.787929,21.787929,25.154458,2,-6.207548,0,0,0
2018-04-18T06:00:00,23.148594,23.148594,25.159552,2,-4.240581,0,0,0
2018-04-18T07:00:00,39.416685,39.416685,25.164650,1,-2.896881,0,0,0
2018-04-18T08:00:00,40.776376,40.776376,25.169752,1,0.000000,0,0,0
2018-04-18T09:00:00,40.633602,40.633602,25.174858,1,0.000000,0,0,0
2018-04-18T10:00:00,34.985228,34.985228,25.179968,1,0.000000,0,0,0
2018-04-18T11:00:00,35.373136,35.373136,25.185082,1,0.000000,0,0,0
2018-04-18T12:00:00,33.764293,33.764293,25.190200,1,0.000000,0,0,0
2018-04-18T13:00:00,31.038447,31.038447,25.195322,1,0.000000,0,0,0
2018-04-18T14:00:00,29.322524,29.322524,25.200448,1,0.000000,0,0,0
2018-04-18T15:00:00,27.083960,27.083960,25.205578,1,0.000000,0,0,0
2018-04-18T16:00:00,28.146435,28.146435,25.210712,1,0.000000,0,0,0
2018-04-18T17:00:00,33.457919,33.457919,25.215850,3,0.000000,0,0,0
2018-04-18T18:00:00,30.900301,30.900301,25.220992,3,0.000000,0,0,0
2018-04-18T19:00:00,30.786315,30.786315,25.226138,3,0.000000,0,0,0
2018-04-18T20:00:00,18.499490,18.499490,25.231288,0,0.000000,0,0,0
2018-04-18T21:00:00,17.255329,17.255329,25.236442,0,0.000000,0,0,0
2018-04-18T22:00:00,14.350265,14.350265,25.241600,0,0.000000,0,0,0
2018-04-18T23:00:00,15.160057,15.160057,25.246762,0,0.000000,0,0,0
2018-04-19T00:00:00,18.365619,18.365619,25.251928,0,0.000000,0,0,0
2018-04-19T01:00:00,20.742516,20.742516,25.257098,0,0.000000,0,0,0
2018-04-19T02:00:00,25.296119,25.296119,25.262272,0,0.000000,0,0,0
2018-04-19T03:00:00,26.368868,26.368868,25.267450,0,0.000000,0,0,0
2018-04-19T04:00:00,27.340288,27.340288,25.272632,0,0.000000,0,0,0
2018-04-19T05:00:00,29.586125,29.586125,25.277818,0,0.000000,0,0,0
2018-04-19T06:00:00,22.397675,22.397675,25.283008,0,0.000000,0,0,0
2018-04-19T07:00:00,23.158757,23.158757,25.288202,0,0.000000,0,0,0
2018-04-19T08:00:00,28.792489,28.792489,25.293400,0,0.000000,0,0,0
2018-04-19T09:00:00,29.726885,29.726885,25.298602,0,0.000000,0,0,0
2018-04-19T10:00:00,38.795374,38.795374,25.303808,1,0.000000,0,0,0
2018-04-19T11:00:00,33.828406,33.828406,25.309018,1,0.000000,0,0,0
2018-04-19T12:00:00,26.623933,26.623933,25.314232,1,0.000000,0,0,0
2018-04-19T13:00:00,25.334476,25.334476,25.319450,1,0.000000,0,0,0
2018-04-19T14:00:00,32.862127,32.862127,25.324672,1,0.000000,0,0,0
2018-04-19T15:00:00,36.511620,36.511620,25.329898,1,0.000000,0,0,0
2018-04-19T16:00:00,24.156496,24.156496,25.335128,1,0.000000,0,0,0
2018-04-19T17:00:00,17.761705,17.761705,25.340362,1,0.000000,0,0,0
2018-04-19T18:00:00,9.124228,9.124228,25.345600,1,0.000000,0,0,0
2018-04-19T19:00:00,5.778745,5.778745,25.350842,1,0.000000,0,0,0
2018-04-19T20:00:00,9.700282,9.700282,25.356088,1,0.000000,0,0,0
2018-04-19T21:00:00,14.267129,14.267129,25.361338,1,0.000000,0,0,0
2018-04-19T22:00:00,19.512212,19.512212,25.366592,1,0.000000,0,0,0
2018-04-19T23:00:00,23.518753,23.518753,25.371850,1,0.000000,0,0,0
2018-04-20T00:00:00,24.652454,24.652454,25.377112,1,0.000000,0,0,0
2018-04-20T01:00:00,25.491215,25.491215,25.382378,1,0.000000,0,0,0
2018-04-20T02:00:00,31.766209,31.766209,25.387648,1,0.000000,0,0,0
2018-04-20T03:00:00,38.709664,38.709664,25.392922,1,0.000000,0,0,0
2018-04-20T04:00:00,42.223964,42.223964,25.398200,1,0.000000,0,0,0
2018-04-20T05:00:00,24.412152,24.412152,25.403482,2,0.000000,0,0,0
2018-04-20T06:00:00,20.089799,20.089799,25.408768,2,0.000000,0,0,0
2018-04-20T07:00:00,14.768424,14.768424,25.414058,2,0.000000,0,0,0
2018-04-20T08:00:00,11.637199,11.637199,25.419352,2,0.000000,0,0,0
2018-04-20T09:00:00,11.627197,11.627197,25.424650,2,0.000000,0,0,0
2018-04-20T10:00:00,15.880238,15.880238,25.429952,2,0.000000,0,0,0
2018-04-20T11:00:00,36.497336,36.497336,25.435258,3,0.000000,0,0,0
2018-04-20T12:00:00,32.351015,32.351015,25.440568,3,0.000000,0,0,0
2018-04-20T13:00:00,39.280805,39.280805,25.445882,3,0.000000,0,0,0
2018-04-20T14:00:00,17.206159,17.206159,25.451200,2,0.000000,0,0,0
2018-04-20T15:00:00,11.939068,11.939068,25.456522,2,0.000000,0,0,0
2018-04-20T16:00:00,8.605979,8.605979,25.461848,2,0.000000,0,0,0
2018-04-20T17:00:00,5.976519,5.976519,25.467178,2,0.000000,0,0,0
2018-04-20T18:00:00,2.962107,2.962107,25.472512,2,0.000000,0,0,0
2018-04-20T19:00:00,1.929013,1.929013,25.477850,2,0.000000,0,0,0
2018-04-20T20:00:00,0.392507,0.392507,25.483192,2,0.000000,0,0,0
2018-04-20T21:00:00,1.710969,1.710969,25.488538,2,0.000000,0,0,0
2018-04-20T22:00:00,7.312465,7.312465,25.493888,0,0.000000,0,0,0
2018-04-20T23:00:00,9.621309,9.621309,25.499242,0,0.000000,0,0,0
2018-04-21T00:00:00,10.525717,10.525717,25.504600,0,0.000000,0,0,0
2018-04-21T01:00:00,19.487742,19.487742,25.509962,0,0.000000,0,0,0
2018-04-21T02:00:00,20.374387,20.374387,25.515328,0,0.000000,0,0,0
2018-04-21T03:00:00,22.739498,22.739498,25.520698,0,0.000000,0,0,0
2018-04-21T04:00:00,26.233611,26.233611,25.526072,0,0.000000,0,0,0
2018-04-21T05:00:00,26.382127,26.382127,25.531450,0,0.000000,0,0,0
2018-04-21T06:00:00,28.023114,28.023114,25.536832,0,0.000000,0,0,0
2018-04-21T07:00:00,31.353364,31.353364,25.542218,0,0.000000,0,0,0
2018-04-21T08:00:00,28.367762,28.367762,25.547608,0,0.000000,0,0,0
2018-04-21T09:00:00,28.198350,28.198350,25.553002,0,0.000000,0,0,0
2018-04-21T10:00:00,28.720908,28.720908,25.558400,0,0.000000,0,0,0
2018-04-21T11:00:00,26.932851,26.932851,25.563802,0,0.000000,0,0,0
2018-04-21T12:00:00,25.402908,25.402908,25.569208,0,0.000000,0,0,0
2018-04-21T13:00:00,22.161513,22.161513,25.574618,0,0.000000,0,0,0
2018-04-21T14:00:00,19.451885,19.451885,25.580032,0,0.000000,0,0,0
2018-04-21T15:00:00,14.871762,14.871762,25.585450,0,0.000000,0,0,0
2018-04-21T16:00:00,13.307001,13.307001,25.590872,0,0.000000,0,0,0
2018-04-21T17:00:00,12.099123,12.099123,25.596298,0,0.000000,0,0,0
2018-04-21T18:00:00,12.000810,12.000810,25.601728,0,0.000000,0,0,0
2018-04-21T19:00:00,12.748704,12.748704,25.607162,0,0.000000,0,0,0
2018-04-21T20:00:00,13.252560,13.252560,25.612600,0,0.000000,0,0,0
2018-04-21T21:00:00,16.022061,16.022061,25.618042,0,0.000000,0,0,0
2018-04-21T22:00:00,17.173658,17.173658,25.623488,0,0.000000,0,0,0
2018-04-21T23:00:00,16.222244,16.222244,25.628938,0,0.000000,0,0,0
2018-04-22T00:00:00,16.167716,16.167716,25.634392,0,0.000000,0,0,0
2018-04-22T01:00:00,17.829513,17.829513,25.639850,0,0.000000,0,0,0
2018-04-22T02:00:00,21.804516,21.804516,25.645312,0,0.000000,0,0,0
2018-04-22T03:00:00,27.083613,27.083613,25.650778,0,0.000000,0,0,0
2018-04-22T04:00:00,29.018467,29.018467,25.656248,0,0.000000,0,0,0
2018-04-22T05:00:00,29.397086,29.397086,25.661722,0,0.000000,0,0,0
2018-04-22T06:00:00,26.582529,26.582529,25.667200,0,0.000000,0,0,0
2018-04-22T07:00:00,29.028397,29.028397,25.672682,0,0.000000,0,0,0
2018-04-22T08:00:00,32.826857,32.826857,25.678168,0,0.000000,0,0,0
2018-04-22T09:00:00,32.242492,32.242492,25.683658,0,0.000000,0,0,0
2018-04-22T10:00:00,31.212626,31.212626,25.689152,0,0.000000,0,0,0
2018-04-22T11:00:00,30.662037,30.662037,25.694650,0,0.000000,0,0,0
2018-04-22T12:00:00,32.720766,32.720766,25.700152,0,0.000000,0,0,0
2018-04-22T13:00:00,30.647066,30.647066,25.705658,0,0.000000,0,0,0
2018-04-22T14:00:00,36.274817,36.274817,25.711168,1,0.000000,0,0,0
2018-04-22T15:00:00,31.492245,31.492245,25.716682,1,0.000000,0,0,0
2018-04-22T16:00:00,26.671193,26.671193,25.722200,1,0.000000,0,0,0
2018-04-22T17:00:00,22.803126,22.803126,25.727722,1,0.000000,0,0,0
2018-04-22T18:00:00,25.784675,25.784675,25.733248,1,0.000000,0,0,0
2018-04-22T19:00:00,24.469064,24.469064,25.738778,1,0.000000,0,0,0
2018-04-22T20:00:00,22.848372,22.848372,25.744312,1,0.000000,0,0,0
2018-04-22T21:00:00,22.688547,22.688547,25.749850,1,0.000000,0,0,0
2018-04-22T22:00:00,25.992119,25.992119,25.755392,1,0.000000,0,0,0
2018-04-22T23:00:00,26.926553,26.926553,25.760938,1,0.000000,0,0,0
2018-04-23T00:00:00,23.771394,23.771394,25.766488,0,0.000000,0,0,0
2018-04-23T01:00:00,27.029465,27.029465,25.772042,0,0.000000,0,0,0
2018-04-23T02:00:00,30.424050,30.424050,25.777600,0,0.000000,0,0,0
2018-04-23T03:00:00,34.931233,34.931233,25.783162,0,0.000000,0,0,0
2018-04-23T04:00:00,30.984357,30.984357,25.788728,0,0.000000,0,0,0
2018-04-23T05:00:00,31.999744,31.999744,25.794298,0,0.000000,0,0,0
2018-04-23T06:00:00,33.864099,33.864099,25.799872,0,0.000000,0,0,0
2018-04-23T07:00:00,34.036563,34.036563,25.805450,0,0.000000,0,0,0
2018-04-23T08:00:00,34.299895,34.299895,25.811032,0,0.000000,0,0,0
2018-04-23T09:00:00,36.096020,36.096020,25.816618,0,0.000000,0,0,0
2018-04-23T10:00:00,34.681399,34.681399,25.822208,0,0.000000,0,0,0
2018-04-23T11:00:00,33.189672,33.189672,25.827802,0,0.000000,0,0,0
2018-04-23T12:00:00,31.057298,31.057298,25.833400,0,0.000000,0,0,0
2018-04-23T13:00:00,62.968855,62.968855,25.839002,0,33.212243,0,0,1
2018-04-23T14:00:00,51.875960,51.875960,25.844608,0,22.905760,0,0,1
2018-04-23T15:00:00,42.877404,42.877404,25.850218,0,15.797603,0,0,1
2018-04-23T16:00:00,34.064766,34.064766,25.855832,0,10.895262,0,0,1
2018-04-23T17:00:00,29.338910,29.338910,25.861450,0,7.514225,0,0,0
2018-04-23T18:00:00,18.960801,18.960801,25.867072,0,0.000000,0,0,0
2018-04-23T19:00:00,18.684355,18.684355,25.872698,0,0.000000,0,0,0
2018-04-23T20:00:00,18.260928,18.260928,25.878328,0,0.000000,0,0,0
2018-04-23T21:00:00,19.594919,19.594919,25.883962,0,0.000000,0,0,0
2018-04-23T22:00:00,19.540544,19.540544,25.889600,0,0.000000,0,0,0
2018-04-23T23:00:00,22.837492,22.837492,25.895242,0,0.000000,0,0,0
2018-04-24T00:00:00,22.498151,22.498151,25.900888,0,0.000000,0,0,0
2018-04-24T01:00:00,24.667175,24.667175,25.906538,0,0.000000,0,0,0
2018-04-24T02:00:00,27.018324,27.018324,25.912192,0,0.000000,0,0,0
2018-04-24T03:00:00,31.673659,31.673659,25.917850,0,0.000000,0,0,0
2018-04-24T04:00:00,34.466084,34.466084,25.923512,0,0.000000,0,0,0
2018-04-24T05:00:00,34.793039,34.793039,25.929178,0,0.000000,0,0,0
2018-04-24T06:00:00,40.983922,40.983922,25.934848,0,0.000000,0,0,0
2018-04-24T07:00:00,41.192390,41.192390,25.940522,0,0.000000,0,0,0
2018-04-24T08:00:00,41.566645,41.566645,25.946200,0,0.000000,0,0,0
2018-04-24T09:00:00,36.545252,36.545252,25.951882,0,0.000000,0,0,0
2018-04-24T10:00:00,31.659831,31.659831,25.957568,0,0.000000,0,0,0
2018-04-24T11:00:00,30.826155,30.826155,25.963258,0,0.000000,0,0,0
2018-04-24T12:00:00,26.616908,26.616908,25.968952,0,0.000000,0,0,0
2018-04-24T13:00:00,24.460375,24.460375,25.974650,0,0.000000,0,0,0
2018-04-24T14:00:00,21.569106,21.569106,25.980352,0,0.000000,0,0,0
2018-04-24T15:00:00,18.638729,18.638729,25.986058,0,0.000000,0,0,0
2018-04-24T16:00:00,12.639885,12.639885,25.991768,2,0.000000,0,0,0
2018-04-24T17:00:00,13.669617,13.669617,25.997482,2,0.000000,0,0,0
2018-04-24T18:00:00,29.614740,29.614740,26.003200,1,0.000000,0,0,0
2018-04-24T19:00:00,28.792720,28.792720,26.008922,1,0.000000,0,0,0
2018-04-24T20:00:00,32.134288,32.134288,26.014648,1,0.000000,0,0,0
2018-04-24T21:00:00,30.604340,30.604340,26.020378,1,0.000000,0,0,0
2018-04-24T22:00:00,30.643905,30.643905,26.026112,1,0.000000,0,0,0
2018-04-24T23:00:00,19.429166,19.429166,26.031850,1,0.000000,0,0,0
2018-04-25T00:00:00,15.317229,15.317229,26.037592,0,0.000000,0,0,0
2018-04-25T01:00:00,23.222807,23.222807,26.043338,0,0.000000,0,0,0
2018-04-25T02:00:00,24.253506,24.253506,26.049088,0,0.000000,0,0,0
2018-04-25T03:00:00,26.812015,26.812015,26.054842,0,0.000000,0,0,0
2018-04-25T04:00:00,24.225484,24.225484,26.060600,0,0.000000,0,0,0
2018-04-25T05:00:00,27.097276,27.097276,26.066362,0,0.000000,0,0,0
2018-04-25T06:00:00,28.712818,28.712818,26.072128,0,0.000000,0,0,0
2018-04-25T07:00:00,29.575968,29.575968,26.077898,0,0.000000,0,0,0
2018-04-25T08:00:00,32.060375,32.060375,26.083672,0,0.000000,0,0,0
2018-04-25T09:00:00,35.186635,35.186635,26.089450,0,0.000000,0,0,0
2018-04-25T10:00:00,32.368642,32.368642,26.095232,0,0.000000,0,0,0
2018-04-25T11:00:00,34.297113,34.297113,26.101018,0,0.000000,0,0,0
2018-04-25T12:00:00,31.381066,31.381066,26.106808,0,0.000000,0,0,0
2018-04-25T13:00:00,35.331917,35.331917,26.112602,0,0.000000,0,0,0
2018-04-25T14:00:00,26.887954,26.887954,26.118400,0,0.000000,0,0,0
2018-04-25T15:00:00,17.497605,17.497605,26.124202,0,0.000000,0,0,0
2018-04-25T16:00:00,14.660063,14.660063,26.130008,0,0.000000,0,0,0
2018-04-25T17:00:00,12.264689,12.264689,26.135818,0,0.000000,0,0,0
2018-04-25T18:00:00,9.444660,9.444660,26.141632,0,0.000000,0,0,0
2018-04-25T19:00:00,23.095186,23.095186,26.147450,1,6.258697,0,0,0
2018-04-25T20:00:00,12.452118,12.452118,26.153272,0,5.148639,0,0,0
2018-04-25T21:00:00,10.783590,10.783590,26.159098,0,4.235464,0,0,0
2018-04-25T22:00:00,15.687919,15.687919,26.164928,0,3.484252,0,0,0
2018-04-25T23:00:00,20.665803,20.665803,26.170762,0,2.866277,0,0,0
2018-04-26T00:00:00,28.787642,28.787642,26.176600,0,2.357907,0,0,0
2018-04-26T01:00:00,24.286582,24.286582,26.182442,0,1.939703,0,0,0
2018-04-26T02:00:00,20.224885,20.224885,26.188288,0,0.000000,0,0,0
2018-04-26T03:00:00,21.917006,21.917006,26.194138,0,0.000000,0,0,0
2018-04-26T04:00:00,27.461620,27.461620,26.199992,0,0.000000,0,0,0
2018-04-26T05:00:00,42.188624,42.188624,26.205850,3,0.000000,0,0,0
2018-04-26T06:00:00,35.959334,35.959334,26.211712,3,0.000000,0,0,0
2018-04-26T07:00:00,17.415812,17.415812,26.217578,2,0.000000,0,0,0
2018-04-26T08:00:00,18.728075,18.728075,26.223448,2,0.000000,0,0,0
2018-04-26T09:00:00,17.502023,17.502023,26.229322,2,0.000000,0,0,0
2018-04-26T10:00:00,17.077034,17.077034,26.235200,2,0.000000,0,0,0
2018-04-26T11:00:00,16.090146,16.090146,26.241082,2,0.000000,0,0,0
2018-04-26T12:00:00,15.534221,15.534221,26.246968,2,0.000000,0,0,0
2018-04-26T13:00:00,35.750455,35.750455,26.252858,3,0.000000,0,0,0
2018-04-26T14:00:00,26.638805,26.638805,26.258752,1,0.000000,0,0,0
2018-04-26T15:00:00,24.915517,24.915517,26.264650,1,0.000000,0,0,0
2018-04-26T16:00:00,20.657973,20.657973,26.270552,1,0.000000,0,0,0
2018-04-26T17:00:00,22.918631,22.918631,26.276458,1,0.000000,0,0,0
2018-04-26T18:00:00,5.116063,29.797626,26.282368,1,8.201089,0,1,1
2018-04-26T19:00:00,4.491997,27.630321,26.288282,1,6.938740,0,1,0
2018-04-26T20:00:00,5.707475,24.471536,26.294200,1,5.870698,0,1,0
2018-04-26T21:00:00,1.903978,7.336730,26.300122,2,4.967053,0,1,0
2018-04-26T22:00:00,1.078005,8.366869,26.306048,2,5.313112,0,1,0
2018-04-26T23:00:00,2.647561,9.330726,26.311978,2,4.505934,0,1,0
2018-04-27T00:00:00,2.185680,11.036019,26.317912,2,3.821464,0,1,0
2018-04-27T01:00:00,2.823367,10.707911,26.323850,2,0.695760,0,1,0
2018-04-27T02:00:00,2.372744,15.459040,26.329792,2,0.595331,0,1,0
2018-04-27T03:00:00,1.235853,9.787920,26.335738,2,0.509399,0,1,0
2018-04-27T04:00:00,2.676919,12.092544,26.341688,2,0.000000,0,1,0
2018-04-27T05:00:00,4.399263,21.029962,26.347642,2,0.000000,0,1,0
2018-04-27T06:00:00,7.028920,37.049952,26.353600,1,0.000000,0,1,0
2018-04-27T07:00:00,33.558775,33.558775,26.359562,1,0.000000,0,1,0
2018-04-27T08:00:00,7.238436,34.456840,26.365528,1,0.000000,0,1,0
2018-04-27T09:00:00,6.075311,32.522451,26.371498,1,0.000000,0,1,0
2018-04-27T10:00:00,6.454328,34.389452,26.377472,1,0.000000,0,1,0
2018-04-27T11:00:00,6.092092,31.893127,26.383450,1,0.000000,0,1,0
2018-04-27T12:00:00,4.566403,28.631149,26.389432,1,0.000000,0,1,0
2018-04-27T13:00:00,4.891585,25.029453,26.395418,1,0.000000,0,1,0
2018-04-27T14:00:00,4.111068,23.205456,26.401408,1,0.000000,0,1,0
2018-04-27T15:00:00,1.634152,6.703309,26.407402,2,0.000000,0,1,0
2018-04-27T16:00:00,0.801262,4.918835,26.413400,2,0.000000,0,1,0
2018-04-27T17:00:00,1.870609,4.509208,26.419402,2,0.000000,0,1,0
2018-04-27T18:00:00,0.651608,4.214065,26.425408,2,0.000000,0,1,0
2018-04-27T19:00:00,3.118503,3.118503,26.431418,2,0.000000,0,1,0
2018-04-27T20:00:00,0.195035,0.316029,26.437432,2,0.000000,0,1,0
2018-04-27T21:00:00,0.397032,2.175213,26.443450,2,0.000000,0,1,0
2018-04-27T22:00:00,5.936499,5.936499,26.449472,2,0.000000,0,0,0
2018-04-27T23:00:00,7.634947,7.634947,26.455498,2,0.000000,0,0,0
2018-04-28T00:00:00,35.116633,35.116633,26.461528,1,0.000000,0,0,0
2018-04-28T01:00:00,34.238576,34.238576,26.467562,1,0.000000,0,0,0
2018-04-28T02:00:00,30.845830,30.845830,26.473600,1,0.000000,0,0,0
2018-04-28T03:00:00,32.060621,32.060621,26.479642,1,0.000000,0,0,0
2018-04-28T04:00:00,31.791624,31.791624,26.485688,1,0.000000,0,0,0
2018-04-28T05:00:00,32.548531,32.548531,26.491738,1,0.000000,0,0,0
2018-04-28T06:00:00,33.510413,33.510413,26.497792,1,0.000000,0,0,0
2018-04-28T07:00:00,26.222863,26.222863,26.503850,1,0.000000,0,0,0
2018-04-28T08:00:00,25.289213,25.289213,26.509912,1,2.944861,0,0,0
2018-04-28T09:00:00,31.942701,31.942701,26.515978,3,2.501555,0,0,0
2018-04-28T10:00:00,20.042283,20.042283,26.522048,0,2.124982,0,0,0
2018-04-28T11:00:00,21.390168,21.390168,26.528122,0,1.805097,0,0,0
2018-04-28T12:00:00,24.401155,24.401155,26.534200,0,1.533366,0,0,0
2018-04-28T13:00:00,22.765268,22.765268,26.540282,0,1.302540,0,0,0
2018-04-28T14:00:00,13.907208,13.907208,26.546368,0,1.106462,0,0,0
2018-04-28T15:00:00,10.788204,10.788204,26.552458,0,0.939900,0,0,0
2018-04-28T16:00:00,11.983249,11.983249,26.558552,0,0.798412,0,0,0
2018-04-28T17:00:00,11.473005,11.473005,26.564650,0,0.678222,0,0,0
2018-04-28T18:00:00,4.011925,4.011925,26.570752,0,0.576126,0,0,0
2018-04-28T19:00:00,7.253884,7.253884,26.576858,0,0.489398,0,0,0
2018-04-28T20:00:00,5.103313,5.103313,26.582968,2,0.415727,0,0,0
2018-04-28T21:00:00,11.754092,11.754092,26.589082,2,0.353145,0,0,0
2018-04-28T22:00:00,13.447351,13.447351,26.595200,2,0.000000,0,0,0
2018-04-28T23:00:00,12.965367,12.965367,26.601322,2,0.000000,0,0,0
2018-04-29T00:00:00,18.226359,18.226359,26.607448,2,0.000000,0,0,0
2018-04-29T01:00:00,22.271512,22.271512,26.613578,2,0.000000,0,0,0
2018-04-29T02:00:00,24.458185,24.458185,26.619712,2,0.000000,0,0,0
2018-04-29T03:00:00,21.447083,21.447083,26.625850,2,0.000000,0,0,0
2018-04-29T04:00:00,25.179114,25.179114,26.631992,2,0.000000,0,0,0
2018-04-29T05:00:00,34.894743,34.894743,26.638138,0,0.000000,0,0,0
2018-04-29T06:00:00,34.156596,34.156596,26.644288,0,0.000000,0,0,0
2018-04-29T07:00:00,33.973584,33.973584,26.650442,0,0.000000,0,0,0
2018-04-29T08:00:00,34.025917,34.025917,26.656600,0,0.000000,0,0,0
2018-04-29T09:00:00,30.783344,30.783344,26.662762,0,0.000000,0,0,0
2018-04-29T10:00:00,30.614715,30.614715,26.668928,0,0.000000,0,0,0
2018-04-29T11:00:00,30.444077,30.444077,26.675098,0,0.000000,0,0,0
2018-04-29T12:00:00,42.820699,42.820699,26.681272,0,15.204994,0,0,1
2018-04-29T13:00:00,37.523534,37.523534,26.687450,0,11.710593,0,0,1
2018-04-29T14:00:00,32.322570,32.322570,26.693632,0,9.019273,0,0,1
2018-04-29T15:00:00,28.757874,28.757874,26.699818,0,6.946470,0,0,0
2018-04-29T16:00:00,26.189954,26.189954,26.706008,0,5.350037,0,0,0
2018-04-29T17:00:00,23.191755,23.191755,26.712202,0,4.120495,0,0,0
2018-04-29T18:00:00,20.444642,20.444642,26.718400,0,3.173526,0,0,0
2018-04-29T19:00:00,21.223477,21.223477,26.724602,0,2.444189,0,0,0
2018-04-29T20:00:00,20.929881,20.929881,26.730808,0,1.882467,0,0,0
2018-04-29T21:00:00,20.020632,20.020632,26.737018,0,1.449840,0,0,0
2018-04-29T22:00:00,20.548332,20.548332,26.743232,0,1.116639,0,0,0
2018-04-29T23:00:00,20.385371,20.385371,26.749450,0,0.860013,0,0,0
2018-04-30T00:00:00,22.402202,22.402202,26.755672,0,0.000000,0,0,0
2018-04-30T01:00:00,24.346706,24.346706,26.761898,0,0.000000,0,0,0
2018-04-30T02:00:00,27.239642,27.239642,26.768128,0,0.000000,0,0,0
2018-04-30T03:00:00,28.642629,28.642629,26.774362,0,0.000000,0,0,0
2018-04-30T04:00:00,33.697601,33.697601,26.780600,0,0.000000,0,0,0
2018-04-30T05:00:00,35.856189,35.856189,26.786842,0,0.000000,0,0,0
2018-04-30T06:00:00,34.776439,34.776439,26.793088,0,0.000000,0,0,0
2018-04-30T07:00:00,34.172814,34.172814,26.799338,0,0.000000,0,0,0
2018-04-30T08:00:00,32.588795,32.588795,26.805592,0,0.000000,0,0,0
2018-04-30T09:00:00,33.725303,33.725303,26.811850,0,0.000000,0,0,0
2018-04-30T10:00:00,34.748305,34.748305,26.818112,0,0.000000,0,0,0
2018-04-30T11:00:00,27.717961,27.717961,26.824378,0,0.000000,0,0,0
2018-04-30T12:00:00,26.508064,26.508064,26.830648,0,0.000000,0,0,0
2018-04-30T13:00:00,22.949224,22.949224,26.836922,0,0.000000,0,0,0
2018-04-30T14:00:00,20.343512,20.343512,26.843200,0,0.000000,0,0,0
2018-04-30T15:00:00,19.116215,19.116215,26.849482,0,0.000000,0,0,0
2018-04-30T16:00:00,15.945900,15.945900,26.855768,0,0.000000,0,0,0
2018-04-30T17:00:00,9.230725,9.230725,26.862058,2,0.000000,0,0,0
2018-04-30T18:00:00,13.706736,13.706736,26.868352,2,0.000000,0,0,0
2018-04-30T19:00:00,16.205703,16.205703,26.874650,2,0.000000,0,0,0
2018-04-30T20:00:00,17.676365,17.676365,26.880952,2,0.000000,0,0,0
2018-04-30T21:00:00,21.528088,21.528088,26.887258,2,0.000000,0,0,0
2018-04-30T22:00:00,22.670945,22.670945,26.893568,2,0.000000,0,0,0
2018-04-30T23:00:00,22.372309,22.372309,26.899882,2,0.000000,0,0,0
2018-05-01T00:00:00,23.139434,23.139434,26.906200,2,0.000000,0,0,0
2018-05-01T01:00:00,25.434128,25.434128,26.912522,2,0.000000,0,0,0
2018-05-01T02:00:00,27.295924,27.295924,26.918848,2,0.000000,0,0,0
2018-05-01T03:00:00,27.565314,27.565314,26.925178,2,0.000000,0,0,0
2018-05-01T04:00:00,28.995452,28.995452,26.931512,2,0.000000,0,0,0
2018-05-01T05:00:00,31.266799,31.266799,26.937850,2,0.000000,0,0,0
2018-05-01T06:00:00,49.158954,49.158954,26.944192,1,0.000000,0,0,0
2018-05-01T07:00:00,43.778336,43.778336,26.950538,3,0.000000,0,0,0
2018-05-01T08:00:00,49.517309,49.517309,26.956888,3,0.000000,0,0,0
2018-05-01T09:00:00,53.239236,53.239236,26.963242,3,0.000000,0,0,0
2018-05-01T10:00:00,67.657698,67.657698,26.969600,3,0.000000,0,0,0
2018-05-01T11:00:00,61.059796,61.059796,26.975962,3,0.000000,0,0,0
2018-05-01T12:00:00,33.620625,33.620625,26.982328,2,0.000000,0,0,0
2018-05-01T13:00:00,25.652561,25.652561,26.988698,2,0.000000,0,0,0
2018-05-01T14:00:00,19.535168,19.535168,26.995072,2,0.000000,0,0,0
2018-05-01T15:00:00,16.219967,16.219967,27.001450,2,0.000000,0,0,0
2018-05-01T16:00:00,10.946330,10.946330,27.007832,2,0.000000,0,0,0
2018-05-01T17:00:00,21.494558,21.494558,27.014218,1,0.000000,0,0,0
2018-05-01T18:00:00,32.557892,32.557892,27.020608,3,0.000000,0,0,0
2018-05-01T19:00:00,28.871614,28.871614,27.027002,3,0.000000,0,0,0
2018-05-01T20:00:00,29.311815,29.311815,27.033400,3,0.000000,0,0,0
2018-05-01T21:00:00,34.224282,34.224282,27.039802,3,0.000000,0,0,0
2018-05-01T22:00:00,38.982822,38.982822,27.046208,3,0.000000,0,0,0
2018-05-01T23:00:00,41.023381,41.023381,27.052618,3,0.000000,0,0,0
2018-05-02T00:00:00,48.081480,48.081480,27.059032,3,0.000000,0,0,0
2018-05-02T01:00:00,54.137553,54.137553,27.065450,3,0.000000,0,0,0
2018-05-02T02:00:00,55.212711,55.212711,27.071872,3,0.000000,0,0,0
2018-05-02T03:00:00,51.541153,51.541153,27.078298,3,0.000000,0,0,0
2018-05-02T04:00:00,45.469541,45.469541,27.084728,3,0.000000,0,0,0
2018-05-02T05:00:00,48.259773,48.259773,27.091162,3,0.000000,0,0,0
2018-05-02T06:00:00,34.450802,34.450802,27.097600,0,0.000000,0,0,0
2018-05-02T07:00:00,34.251043,34.251043,27.104042,0,0.000000,0,0,0
2018-05-02T08:00:00,34.372397,34.372397,27.110488,1,-9.027863,0,0,1
2018-05-02T09:00:00,29.387559,29.387559,27.116938,1,-7.375943,0,0,0
2018-05-02T10:00:00,26.546040,26.546040,27.123392,1,-6.026291,0,0,0
2018-05-02T11:00:00,26.954602,26.954602,27.129850,1,-4.923599,0,0,0
2018-05-02T12:00:00,40.171047,40.171047,27.136312,3,-4.022678,0,0,0
2018-05-02T13:00:00,33.558318,33.558318,27.142778,3,-3.286608,0,0,0
2018-05-02T14:00:00,39.103731,39.103731,27.149248,3,-2.685224,0,0,0
2018-05-02T15:00:00,33.590584,33.590584,27.155722,3,-2.193881,0,0,0
2018-05-02T16:00:00,14.717184,14.717184,27.162200,3,-1.792444,0,0,0
2018-05-02T17:00:00,2.223449,2.223449,27.168682,2,-1.464462,0,0,0
2018-05-02T18:00:00,7.365723,7.365723,27.175168,2,-1.196495,0,0,0
2018-05-02T19:00:00,10.242773,10.242773,27.181658,2,-0.977560,0,0,0
2018-05-02T20:00:00,10.887131,10.887131,27.188152,2,0.000000,0,0,0
2018-05-02T21:00:00,17.520375,17.520375,27.194650,0,0.000000,0,0,0
2018-05-02T22:00:00,16.177235,16.177235,27.201152,0,0.000000,0,0,0
2018-05-02T23:00:00,17.948538,17.948538,27.207658,0,0.000000,0,0,0
2018-05-03T00:00:00,20.316056,20.316056,27.214168,0,0.000000,0,0,0
2018-05-03T01:00:00,22.014630,22.014630,27.220682,0,0.000000,0,0,0
2018-05-03T02:00:00,25.894019,25.894019,27.227200,0,0.000000,0,0,0
2018-05-03T03:00:00,26.594557,26.594557,27.233722,0,0.000000,0,0,0
2018-05-03T04:00:00,28.949809,28.949809,27.240248,0,0.000000,0,0,0
2018-05-03T05:00:00,29.558107,29.558107,27.246778,0,0.000000,0,0,0
2018-05-03T06:00:00,29.121109,29.121109,27.253312,0,0.000000,0,0,0
2018-05-03T07:00:00,25.308427,25.308427,27.259850,0,0.000000,0,0,0
2018-05-03T08:00:00,31.107781,31.107781,27.266392,0,0.000000,0,0,0
2018-05-03T09:00:00,30.830965,30.830965,27.272938,0,0.000000,0,0,0
2018-05-03T10:00:00,25.424274,25.424274,27.279488,0,0.000000,0,0,0
2018-05-03T11:00:00,36.623678,36.623678,27.286042,1,0.000000,0,0,0
2018-05-03T12:00:00,36.477103,36.477103,27.292600,1,0.000000,0,0,0
2018-05-03T13:00:00,14.605054,14.605054,27.299162,2,0.000000,0,0,0
2018-05-03T14:00:00,10.092198,10.092198,27.305728,2,0.000000,0,0,0
2018-05-03T15:00:00,5.971100,5.971100,27.312298,2,0.000000,0,0,0
2018-05-03T16:00:00,3.544697,3.544697,27.318872,2,0.000000,0,0,0
2018-05-03T17:00:00,3.472315,3.472315,27.325450,2,0.000000,0,0,0
2018-05-03T18:00:00,31.436957,31.436957,27.332032,2,28.180981,0,0,1
2018-05-03T19:00:00,26.855870,26.855870,27.338618,2,21.835475,0,0,1
2018-05-03T20:00:00,26.145535,26.145535,27.345208,2,16.918785,0,0,1
2018-05-03T21:00:00,9.073455,9.073455,27.351802,2,13.109185,0,0,1
2018-05-03T22:00:00,10.769325,10.769325,27.358400,2,10.157393,0,0,1
2018-05-03T23:00:00,3.846001,19.531534,27.365002,2,7.870254,0,1,1
2018-05-04T00:00:00,3.862233,23.932494,27.371608,2,6.098111,0,1,0
2018-05-04T01:00:00,4.625329,24.611840,27.378218,2,4.725000,0,1,0
2018-05-04T02:00:00,4.346205,25.342616,27.384832,2,3.661073,0,1,0
2018-05-04T03:00:00,5.559131,29.583564,27.391450,2,2.836710,0,1,0
2018-05-04T04:00:00,4.573646,22.677923,27.398072,2,2.197968,0,1,0
2018-05-04T05:00:00,5.669302,30.476158,27.404698,2,1.703052,0,1,0
2018-05-04T06:00:00,3.221982,12.653325,27.411328,2,1.319576,0,1,0
2018-05-04T07:00:00,2.082844,10.053994,27.417962,2,1.022448,0,1,0
2018-05-04T08:00:00,1.569678,10.277326,27.424600,2,0.792223,0,1,0
2018-05-04T09:00:00,3.036431,12.541332,27.431242,2,0.613838,0,1,0
2018-05-04T10:00:00,2.318194,13.343581,27.437888,2,0.475621,0,1,0
2018-05-04T11:00:00,2.073811,10.532271,27.444538,2,0.368525,0,1,0
2018-05-04T12:00:00,1.351748,9.637089,27.451192,2,0.000000,0,1,0
2018-05-04T13:00:00,1.575046,8.591229,27.457850,2,0.000000,0,1,0
2018-05-04T14:00:00,5.478311,31.616554,27.464512,3,0.000000,0,1,0
2018-05-04T15:00:00,5.457082,29.107644,27.471178,3,0.000000,0,1,0
2018-05-04T16:00:00,2.980237,16.107444,27.477848,0,0.000000,0,1,0
2018-05-04T17:00:00,1.596635,10.535622,27.484522,0,0.000000,0,1,0
2018-05-04T18:00:00,0.754700,9.399347,27.491200,0,0.000000,0,1,0
2018-05-04T19:00:00,4.120502,19.150584,27.497882,1,0.000000,0,1,0
2018-05-04T20:00:00,4.825637,22.681627,27.504568,1,0.000000,0,1,0
2018-05-04T21:00:00,5.510515,29.687214,27.511258,1,0.000000,0,1,0
2018-05-04T22:00:00,2.839703,14.963172,27.517952,2,0.000000,0,1,0
2018-05-04T23:00:00,2.836715,13.621097,27.524650,2,0.000000,0,1,0
2018-05-05T00:00:00,2.769068,15.077193,27.531352,2,0.000000,0,1,0
2018-05-05T01:00:00,3.636016,19.888534,27.538058,2,0.000000,0,1,0
2018-05-05T02:00:00,5.811433,33.510372,27.544768,3,0.000000,0,1,0
2018-05-05T03:00:00,7.748142,44.658329,27.551482,3,0.000000,0,1,0
2018-05-05T04:00:00,8.677964,44.230070,27.558200,3,0.000000,0,1,0
2018-05-05T05:00:00,7.923214,39.894177,27.564922,1,0.000000,0,1,0
2018-05-05T06:00:00,8.105101,38.066054,27.571648,1,0.000000,0,1,0
2018-05-05T07:00:00,4.941682,30.622697,27.578378,1,0.000000,0,1,0
2018-05-05T08:00:00,5.956950,30.318626,27.585112,1,0.000000,0,1,0
2018-05-05T09:00:00,5.088284,31.082260,27.591850,1,0.000000,0,1,0
2018-05-05T10:00:00,5.717765,30.623345,27.598592,1,0.000000,0,1,0
2018-05-05T11:00:00,5.861249,31.214296,27.605338,1,0.000000,0,1,0
2018-05-05T12:00:00,4.390749,24.045009,27.612088,1,0.000000,0,1,0
2018-05-05T13:00:00,22.692887,22.692887,27.618842,1,0.000000,0,0,0
2018-05-05T14:00:00,23.883239,23.883239,27.625600,1,0.000000,0,0,0
2018-05-05T15:00:00,14.609250,14.609250,27.632362,0,0.000000,0,0,0
2018-05-05T16:00:00,15.070001,15.070001,27.639128,0,0.000000,0,0,0
2018-05-05T17:00:00,14.391233,14.391233,27.645898,0,0.000000,0,0,0
2018-05-05T18:00:00,21.243274,21.243274,27.652672,1,0.000000,0,0,0
2018-05-05T19:00:00,23.218031,23.218031,27.659450,1,0.000000,0,0,0
2018-05-05T20:00:00,23.401517,23.401517,27.666232,1,0.000000,0,0,0
2018-05-05T21:00:00,27.298130,27.298130,27.673018,1,0.000000,0,0,0
2018-05-05T22:00:00,36.229716,36.229716,27.679808,1,0.000000,0,0,0
2018-05-05T23:00:00,39.233658,39.233658,27.686602,1,0.000000,0,0,0
2018-05-06T00:00:00,43.547515,43.547515,27.693400,1,0.000000,0,0,0
2018-05-06T01:00:00,44.011105,44.011105,27.700202,1,0.000000,0,0,0
2018-05-06T02:00:00,36.637615,36.637615,27.707008,1,0.000000,0,0,0
2018-05-06T03:00:00,45.308267,45.308267,27.713818,1,0.000000,0,0,0
2018-05-06T04:00:00,39.084384,39.084384,27.720632,1,0.000000,0,0,0
2018-05-06T05:00:00,33.332715,33.332715,27.727450,1,0.000000,0,0,0
2018-05-06T06:00:00,34.502366,34.502366,27.734272,1,0.000000,0,0,0
2018-05-06T07:00:00,37.387567,37.387567,27.741098,1,0.000000,0,0,0
2018-05-06T08:00:00,43.429164,43.429164,27.747928,1,0.000000,0,0,0
2018-05-06T09:00:00,28.880546,28.880546,27.754762,2,0.000000,0,0,0
2018-05-06T10:00:00,37.881870,37.881870,27.761600,1,0.000000,0,0,0
2018-05-06T11:00:00,30.414397,30.414397,27.768442,1,0.000000,0,0,0
2018-05-06T12:00:00,29.322406,29.322406,27.775288,1,0.000000,0,0,0
2018-05-06T13:00:00,28.889495,28.889495,27.782138,1,0.000000,0,0,0
2018-05-06T14:00:00,30.821250,30.821250,27.788992,1,0.000000,0,0,0
2018-05-06T15:00:00,26.723025,26.723025,27.795850,1,0.000000,0,0,0
2018-05-06T16:00:00,27.295006,27.295006,27.802712,1,0.000000,0,0,0
2018-05-06T17:00:00,28.922596,28.922596,27.809578,1,0.000000,0,0,0
2018-05-06T18:00:00,30.132297,30.132297,27.816448,1,0.000000,0,0,0
2018-05-06T19:00:00,33.618855,33.618855,27.823322,1,0.000000,0,0,0
2018-05-06T20:00:00,25.522202,25.522202,27.830200,0,0.000000,0,0,0
2018-05-06T21:00:00,32.517419,32.517419,27.837082,1,0.000000,0,0,0
2018-05-06T22:00:00,34.262951,34.262951,27.843968,1,0.000000,0,0,0
2018-05-06T23:00:00,38.540480,38.540480,27.850858,1,0.000000,0,0,0
2018-05-07T00:00:00,38.137763,38.137763,27.857752,1,0.000000,0,0,0
2018-05-07T01:00:00,33.768027,33.768027,27.864650,1,0.000000,0,0,0
2018-05-07T02:00:00,22.560420,22.560420,27.871552,1,0.000000,0,0,0
2018-05-07T03:00:00,31.076762,31.076762,27.878458,1,0.000000,0,0,0
2018-05-07T04:00:00,42.410076,42.410076,27.885368,1,0.000000,0,0,0
2018-05-07T05:00:00,45.801745,45.801745,27.892282,1,0.000000,0,0,0
2018-05-07T06:00:00,44.047496,44.047496,27.899200,1,0.000000,0,0,0
2018-05-07T07:00:00,44.970918,44.970918,27.906122,1,0.000000,0,0,0
2018-05-07T08:00:00,43.957948,43.957948,27.913048,1,0.000000,0,0,0
2018-05-07T09:00:00,40.790824,40.790824,27.919978,1,0.000000,0,0,0
2018-05-07T10:00:00,34.422050,34.422050,27.926912,0,0.000000,0,0,0
2018-05-07T11:00:00,33.446913,33.446913,27.933850,0,0.000000,0,0,0
2018-05-07T12:00:00,28.618914,28.618914,27.940792,0,0.000000,0,0,0
2018-05-07T13:00:00,25.669580,25.669580,27.947738,0,0.000000,0,0,0
2018-05-07T14:00:00,22.164200,22.164200,27.954688,0,0.000000,0,0,0
2018-05-07T15:00:00,20.060287,20.060287,27.961642,0,0.000000,0,0,0
2018-05-07T16:00:00,22.485120,22.485120,27.968600,0,0.000000,0,0,0
2018-05-07T17:00:00,22.285052,22.285052,27.975562,0,0.000000,0,0,0
2018-05-07T18:00:00,21.836519,21.836519,27.982528,0,0.000000,0,0,0
2018-05-07T19:00:00,21.951093,21.951093,27.989498,0,0.000000,0,0,0
2018-05-07T20:00:00,25.571567,25.571567,27.996472,0,0.000000,0,0,0
2018-05-07T21:00:00,28.201283,28.201283,28.003450,0,0.000000,0,0,0
2018-05-07T22:00:00,29.861868,29.861868,28.010432,0,0.000000,0,0,0
2018-05-07T23:00:00,33.263343,33.263343,28.017418,0,0.000000,0,0,0
2018-05-08T00:00:00,35.438999,35.438999,28.024408,0,0.000000,0,0,0
2018-05-08T01:00:00,39.496773,39.496773,28.031402,0,0.000000,0,0,0
2018-05-08T02:00:00,40.602436,40.602436,28.038400,0,0.000000,0,0,0
2018-05-08T03:00:00,41.423086,41.423086,28.045402,0,0.000000,0,0,0
2018-05-08T04:00:00,43.240382,43.240382,28.052408,0,0.000000,0,0,0
2018-05-08T05:00:00,41.931162,41.931162,28.059418,0,0.000000,0,0,0
2018-05-08T06:00:00,41.161020,41.161020,28.066432,0,0.000000,0,0,0
2018-05-08T07:00:00,37.992638,37.992638,28.073450,0,0.000000,0,0,0
2018-05-08T08:00:00,33.657063,33.657063,28.080472,0,0.000000,0,0,0
2018-05-08T09:00:00,33.070578,33.070578,28.087498,0,0.000000,0,0,0
2018-05-08T10:00:00,28.714330,28.714330,28.094528,0,0.000000,0,0,0
2018-05-08T11:00:00,27.075771,27.075771,28.101562,0,0.000000,0,0,0
2018-05-08T12:00:00,23.648442,23.648442,28.108600,0,0.000000,0,0,0
2018-05-08T13:00:00,21.630225,21.630225,28.115642,0,0.000000,0,0,0
2018-05-08T14:00:00,20.186641,20.186641,28.122688,0,0.000000,0,0,0
2018-05-08T15:00:00,21.979348,21.979348,28.129738,0,0.000000,0,0,0
2018-05-08T16:00:00,24.348867,24.348867,28.136792,0,0.000000,0,0,0
2018-05-08T17:00:00,24.225253,24.225253,28.143850,0,0.000000,0,0,0
2018-05-08T18:00:00,25.707039,25.707039,28.150912,0,0.000000,0,0,0
2018-05-08T19:00:00,24.453830,24.453830,28.157978,0,0.000000,0,0,0
2018-05-08T20:00:00,26.815064,26.815064,28.165048,0,0.000000,0,0,0
2018-05-08T21:00:00,24.364017,24.364017,28.172122,2,0.000000,0,0,0
2018-05-08T22:00:00,24.985022,24.985022,28.179200,2,0.000000,0,0,0
2018-05-08T23:00:00,25.289187,25.289187,28.186282,2,0.000000,0,0,0
2018-05-09T00:00:00,26.945405,26.945405,28.193368,2,0.000000,0,0,0
2018-05-09T01:00:00,28.145415,28.145415,28.200458,2,0.000000,0,0,0
2018-05-09T02:00:00,28.730892,28.730892,28.207552,2,0.000000,0,0,0
2018-05-09T03:00:00,25.700587,25.700587,28.214650,2,0.000000,0,0,0
2018-05-09T04:00:00,24.301288,24.301288,28.221752,2,0.000000,0,0,0
2018-05-09T05:00:00,25.373264,25.373264,28.228858,2,0.000000,0,0,0
2018-05-09T06:00:00,24.694450,24.694450,28.235968,2,0.000000,0,0,0
2018-05-09T07:00:00,24.711446,24.711446,28.243082,2,0.000000,0,0,0
2018-05-09T08:00:00,35.225735,35.225735,28.250200,1,0.000000,0,0,0
2018-05-09T09:00:00,33.343252,33.343252,28.257322,1,0.000000,0,0,0
2018-05-09T10:00:00,31.974309,31.974309,28.264448,1,0.000000,0,0,0
2018-05-09T11:00:00,31.140738,31.140738,28.271578,1,0.000000,0,0,0
2018-05-09T12:00:00,34.363511,34.363511,28.278712,1,0.000000,0,0,0
2018-05-09T13:00:00,33.875492,33.875492,28.285850,1,0.000000,0,0,0
2018-05-09T14:00:00,31.660936,31.660936,28.292992,1,0.000000,0,0,0
2018-05-09T15:00:00,31.176873,31.176873,28.300138,1,0.000000,0,0,0
2018-05-09T16:00:00,31.075587,31.075587,28.307288,1,0.000000,0,0,0
2018-05-09T17:00:00,27.943326,27.943326,28.314442,1,0.000000,0,0,0
2018-05-09T18:00:00,27.912946,27.912946,28.321600,1,0.000000,0,0,0
2018-05-09T19:00:00,37.723002,37.723002,28.328762,3,0.000000,0,0,0
2018-05-09T20:00:00,39.725800,39.725800,28.335928,3,0.000000,0,0,0
2018-05-09T21:00:00,32.759577,32.759577,28.343098,3,0.000000,0,0,0
2018-05-09T22:00:00,14.680545,14.680545,28.350272,2,0.000000,0,0,0
2018-05-09T23:00:00,18.824079,18.824079,28.357450,2,0.000000,0,0,0
2018-05-10T00:00:00,34.488450,34.488450,28.364632,3,0.000000,0,0,0
2018-05-10T01:00:00,41.832629,41.832629,28.371818,3,0.000000,0,0,0
2018-05-10T02:00:00,47.191983,47.191983,28.379008,3,0.000000,0,0,0
2018-05-10T03:00:00,52.625315,52.625315,28.386202,3,0.000000,0,0,0
2018-05-10T04:00:00,53.448043,53.448043,28.386202,3,0.000000,0,0,0
2018-05-10T05:00:00,54.342598,54.342598,28.385000,3,0.000000,0,0,0
2018-05-10T06:00:00,53.900016,53.900016,28.383794,3,0.000000,0,0,0
2018-05-10T07:00:00,52.718179,52.718179,28.382584,3,0.000000,0,0,0
2018-05-10T08:00:00,40.851353,40.851353,28.381370,1,0.000000,0,0,0
2018-05-10T09:00:00,33.420301,33.420301,28.380152,1,0.000000,0,0,0
2018-05-10T10:00:00,32.459854,32.459854,28.378930,1,0.000000,0,0,0
2018-05-10T11:00:00,31.883936,31.883936,28.377704,1,0.000000,0,0,0
2018-05-10T12:00:00,27.871445,27.871445,28.376474,1,0.000000,0,0,0
2018-05-10T13:00:00,26.688509,26.688509,28.375240,1,0.000000,0,0,0
2018-05-10T14:00:00,27.255327,27.255327,28.374002,1,0.000000,0,0,0
2018-05-10T15:00:00,22.327998,22.327998,28.372760,1,0.000000,0,0,0
2018-05-10T16:00:00,19.822758,19.822758,28.371514,1,0.000000,0,0,0
2018-05-10T17:00:00,18.941892,18.941892,28.370264,1,0.000000,0,0,0
2018-05-10T18:00:00,23.261025,23.261025,28.369010,1,0.000000,0,0,0
2018-05-10T19:00:00,28.253370,28.253370,28.367752,1,0.000000,0,0,0
2018-05-10T20:00:00,26.986756,26.986756,28.366490,1,0.000000,0,0,0
2018-05-10T21:00:00,22.212668,22.212668,28.365224,1,0.000000,0,0,0
2018-05-10T22:00:00,27.844448,27.844448,28.363954,1,0.000000,0,0,0
2018-05-10T23:00:00,16.269932,16.269932,28.362680,2,0.000000,0,0,0
2018-05-11T00:00:00,18.740315,18.740315,28.361402,2,0.000000,0,0,0
2018-05-11T01:00:00,24.608776,24.608776,28.360120,2,0.000000,0,0,0
2018-05-11T02:00:00,23.972489,23.972489,28.358834,2,0.000000,0,0,0
2018-05-11T03:00:00,23.978378,23.978378,28.357544,2,0.000000,0,0,0
2018-05-11T04:00:00,16.717214,16.717214,28.356250,2,0.000000,0,0,0
2018-05-11T05:00:00,21.506932,21.506932,28.354952,2,0.000000,0,0,0
2018-05-11T06:00:00,23.694521,23.694521,28.353650,2,0.000000,0,0,0
2018-05-11T07:00:00,23.592051,23.592051,28.352344,2,0.000000,0,0,0
2018-05-11T08:00:00,19.786834,19.786834,28.351034,2,0.000000,0,0,0
2018-05-11T09:00:00,15.587131,15.587131,28.349720,2,0.000000,0,0,0
2018-05-11T10:00:00,26.590762,26.590762,28.348402,1,0.000000,0,0,0
2018-05-11T11:00:00,29.568100,29.568100,28.347080,1,0.000000,0,0,0
2018-05-11T12:00:00,22.516872,22.516872,28.345754,1,0.000000,0,0,0
2018-05-11T13:00:00,14.020232,14.020232,28.344424,1,0.000000,0,0,0
2018-05-11T14:00:00,15.152927,15.152927,28.343090,1,0.000000,0,0,0
2018-05-11T15:00:00,8.681304,8.681304,28.341752,0,0.000000,0,0,0
2018-05-11T16:00:00,9.468753,9.468753,28.340410,0,0.000000,0,0,0
2018-05-11T17:00:00,10.037240,10.037240,28.339064,0,0.000000,0,0,0
2018-05-11T18:00:00,13.200238,13.200238,28.337714,0,0.000000,0,0,0
2018-05-11T19:00:00,14.152663,14.152663,28.336360,0,0.000000,0,0,0
2018-05-11T20:00:00,13.295356,13.295356,28.335002,0,0.000000,0,0,0
2018-05-11T21:00:00,16.231769,16.231769,28.333640,0,0.000000,0,0,0
2018-05-11T22:00:00,19.252270,19.252270,28.332274,0,0.000000,0,0,0
2018-05-11T23:00:00,21.749698,21.749698,28.330904,0,0.000000,0,0,0
2018-05-12T00:00:00,22.129011,22.129011,28.329530,0,0.000000,0,0,0
2018-05-12T01:00:00,24.409218,24.409218,28.328152,0,0.000000,0,0,0
2018-05-12T02:00:00,25.613902,25.613902,28.326770,0,0.000000,0,0,0
2018-05-12T03:00:00,38.456362,38.456362,28.325384,0,0.000000,0,0,0
2018-05-12T04:00:00,36.339625,36.339625,28.323994,0,0.000000,0,0,0
2018-05-12T05:00:00,31.646777,31.646777,28.322600,0,0.000000,0,0,0
2018-05-12T06:00:00,29.321485,29.321485,28.321202,0,0.000000,0,0,0
2018-05-12T07:00:00,23.654464,23.654464,28.319800,2,0.000000,0,0,0
2018-05-12T08:00:00,21.618424,21.618424,28.318394,2,0.000000,0,0,0
2018-05-12T09:00:00,19.286496,19.286496,28.316984,2,0.000000,0,0,0
2018-05-12T10:00:00,17.085985,17.085985,28.315570,2,0.000000,0,0,0
2018-05-12T11:00:00,14.202449,14.202449,28.314152,2,0.000000,0,0,0
2018-05-12T12:00:00,11.921905,11.921905,28.312730,2,0.000000,0,0,0
2018-05-12T13:00:00,9.938129,9.938129,28.311304,2,0.000000,0,0,0
2018-05-12T14:00:00,8.373100,8.373100,28.309874,2,0.000000,0,0,0
2018-05-12T15:00:00,8.556240,8.556240,28.308440,2,0.000000,0,0,0
2018-05-12T16:00:00,6.927590,6.927590,28.307002,2,0.000000,0,0,0
2018-05-12T17:00:00,7.157091,7.157091,28.305560,2,0.000000,0,0,0
2018-05-12T18:00:00,7.562443,7.562443,28.304114,2,0.000000,0,0,0
2018-05-12T19:00:00,9.899151,9.899151,28.302664,2,0.000000,0,0,0
2018-05-12T20:00:00,12.453615,12.453615,28.301210,2,0.000000,0,0,0
2018-05-12T21:00:00,16.294830,16.294830,28.299752,2,0.000000,0,0,0
2018-05-12T22:00:00,19.095324,19.095324,28.298290,2,0.000000,0,0,0
2018-05-12T23:00:00,18.994332,18.994332,28.296824,2,0.000000,0,0,0
2018-05-13T00:00:00,21.721530,21.721530,28.295354,2,0.000000,0,0,0
2018-05-13T01:00:00,19.392468,19.392468,28.293880,2,0.000000,0,0,0
2018-05-13T02:00:00,22.721880,22.721880,28.292402,2,0.000000,0,0,0
2018-05-13T03:00:00,34.798084,34.798084,28.290920,0,0.000000,0,0,0
2018-05-13T04:00:00,36.844584,36.844584,28.289434,0,0.000000,0,0,0
2018-05-13T05:00:00,34.012889,34.012889,28.287944,0,0.000000,0,0,0
2018-05-13T06:00:00,31.301194,31.301194,28.286450,0,0.000000,0,0,0
2018-05-13T07:00:00,36.113869,36.113869,28.284952,0,0.000000,0,0,0
2018-05-13T08:00:00,34.256167,34.256167,28.283450,0,0.000000,0,0,0
2018-05-13T09:00:00,32.025863,32.025863,28.281944,0,0.000000,0,0,0
2018-05-13T10:00:00,34.796332,34.796332,28.280434,0,0.000000,0,0,0
2018-05-13T11:00:00,30.615882,30.615882,28.278920,0,0.000000,0,0,0
2018-05-13T12:00:00,30.107977,30.107977,28.277402,0,0.000000,0,0,0
2018-05-13T13:00:00,24.355762,24.355762,28.275880,0,0.000000,0,0,0
2018-05-13T14:00:00,21.480971,21.480971,28.274354,0,0.000000,0,0,0
2018-05-13T15:00:00,17.463452,17.463452,28.272824,0,0.000000,0,0,0
2018-05-13T16:00:00,17.411882,17.411882,28.271290,0,0.000000,0,0,0
2018-05-13T17:00:00,20.175500,20.175500,28.269752,0,0.000000,0,0,0
2018-05-13T18:00:00,21.970601,21.970601,28.268210,0,0.000000,0,0,0
2018-05-13T19:00:00,24.921809,24.921809,28.266664,0,0.000000,0,0,0
2018-05-13T20:00:00,26.976178,26.976178,28.265114,0,0.000000,0,0,0
2018-05-13T21:00:00,27.308731,27.308731,28.263560,0,0.000000,0,0,0
2018-05-13T22:00:00,29.229060,29.229060,28.262002,0,0.000000,0,0,0
2018-05-13T23:00:00,31.195917,31.195917,28.260440,0,0.000000,0,0,0
2018-05-14T00:00:00,31.237598,31.237598,28.258874,0,0.000000,0,0,0
2018-05-14T01:00:00,36.154082,36.154082,28.257304,0,0.000000,0,0,0
2018-05-14T02:00:00,27.135513,27.135513,28.255730,0,0.000000,0,0,0
2018-05-14T03:00:00,36.398627,36.398627,28.254152,0,0.000000,0,0,0
2018-05-14T04:00:00,39.581802,39.581802,28.252570,0,0.000000,0,0,0
2018-05-14T05:00:00,36.606946,36.606946,28.250984,0,0.000000,0,0,0
2018-05-14T06:00:00,38.770559,38.770559,28.249394,0,0.000000,0,0,0
2018-05-14T07:00:00,43.534896,43.534896,28.247800,1,0.000000,0,0,0
2018-05-14T08:00:00,40.918142,40.918142,28.246202,1,0.000000,0,0,0
2018-05-14T09:00:00,42.512801,42.512801,28.244600,1,0.000000,0,0,0
2018-05-14T10:00:00,44.963946,44.963946,28.242994,1,0.000000,0,0,0
2018-05-14T11:00:00,41.071976,41.071976,28.241384,1,0.000000,0,0,0
2018-05-14T12:00:00,36.218330,36.218330,28.239770,1,0.000000,0,0,0
2018-05-14T13:00:00,25.256492,25.256492,28.238152,0,0.000000,0,0,0
2018-05-14T14:00:00,23.341425,23.341425,28.236530,0,0.000000,0,0,0
2018-05-14T15:00:00,21.745213,21.745213,28.234904,0,0.000000,0,0,0
2018-05-14T16:00:00,21.822724,21.822724,28.233274,0,0.000000,0,0,0
2018-05-14T17:00:00,19.685201,19.685201,28.231640,0,0.000000,0,0,0
2018-05-14T18:00:00,20.040570,20.040570,28.230002,0,0.000000,0,0,0
2018-05-14T19:00:00,20.507815,20.507815,28.228360,0,0.000000,0,0,0
2018-05-14T20:00:00,20.991562,20.991562,28.226714,0,0.000000,0,0,0
2018-05-14T21:00:00,23.674871,23.674871,28.225064,0,0.000000,0,0,0
2018-05-14T22:00:00,27.574391,27.574391,28.223410,0,0.000000,0,0,0
2018-05-14T23:00:00,31.073079,31.073079,28.221752,0,0.000000,0,0,0
2018-05-15T00:00:00,40.807142,40.807142,28.220090,1,0.000000,0,0,0
2018-05-15T01:00:00,41.503741,41.503741,28.218424,1,0.000000,0,0,0
2018-05-15T02:00:00,48.040558,48.040558,28.216754,1,0.000000,0,0,0
2018-05-15T03:00:00,48.769015,48.769015,28.215080,1,0.000000,0,0,0
2018-05-15T04:00:00,48.683600,48.683600,28.213402,1,0.000000,0,0,0
2018-05-15T05:00:00,51.150044,51.150044,28.211720,1,0.000000,0,0,0
2018-05-15T06:00:00,48.897693,48.897693,28.210034,1,0.000000,0,0,0
2018-05-15T07:00:00,46.008684,46.008684,28.208344,1,0.000000,0,0,0
2018-05-15T08:00:00,44.113973,44.113973,28.206650,1,0.000000,0,0,0
2018-05-15T09:00:00,50.764538,50.764538,28.204952,1,0.000000,0,0,0
2018-05-15T10:00:00,50.726695,50.726695,28.203250,1,0.000000,0,0,0
2018-05-15T11:00:00,45.816019,45.816019,28.201544,1,0.000000,0,0,0
2018-05-15T12:00:00,39.454353,39.454353,28.199834,1,0.000000,0,0,0
2018-05-15T13:00:00,34.896044,34.896044,28.198120,1,0.000000,0,0,0
2018-05-15T14:00:00,33.881263,33.881263,28.196402,1,0.000000,0,0,0
2018-05-15T15:00:00,31.377304,31.377304,28.194680,1,0.000000,0,0,0
2018-05-15T16:00:00,27.474067,27.474067,28.192954,1,0.000000,0,0,0
2018-05-15T17:00:00,27.727042,27.727042,28.191224,1,0.000000,0,0,0
2018-05-15T18:00:00,28.230018,28.230018,28.189490,1,0.000000,0,0,0
2018-05-15T19:00:00,29.065399,29.065399,28.187752,1,0.000000,0,0,0
2018-05-15T20:00:00,28.430674,28.430674,28.186010,3,0.000000,0,0,0
2018-05-15T21:00:00,31.408935,31.408935,28.184264,3,0.000000,0,0,0
2018-05-15T22:00:00,35.672435,35.672435,28.182514,3,0.000000,0,0,0
2018-05-15T23:00:00,36.098106,36.098106,28.180760,3,0.000000,0,0,0
2018-05-16T00:00:00,38.275379,38.275379,28.179002,3,0.000000,0,0,0
2018-05-16T01:00:00,45.996917,45.996917,28.177240,3,0.000000,0,0,0
2018-05-16T02:00:00,46.505514,46.505514,28.175474,3,0.000000,0,0,0
2018-05-16T03:00:00,51.522208,51.522208,28.173704,3,0.000000,0,0,0
2018-05-16T04:00:00,60.952900,60.952900,28.171930,3,0.000000,0,0,0
2018-05-16T05:00:00,55.900142,55.900142,28.170152,3,0.000000,0,0,0
2018-05-16T06:00:00,56.151355,56.151355,28.168370,3,0.000000,0,0,0
2018-05-16T07:00:00,60.075990,60.075990,28.166584,3,0.000000,0,0,0
2018-05-16T08:00:00,50.693666,50.693666,28.164794,3,0.000000,0,0,0
2018-05-16T09:00:00,47.697586,47.697586,28.163000,3,0.000000,0,0,0
2018-05-16T10:00:00,42.962584,42.962584,28.161202,3,0.000000,0,0,0
2018-05-16T11:00:00,43.265700,43.265700,28.159400,3,0.000000,0,0,0
2018-05-16T12:00:00,39.530282,39.530282,28.157594,3,0.000000,0,0,0
2018-05-16T13:00:00,36.599261,36.599261,28.155784,3,0.000000,0,0,0
2018-05-16T14:00:00,27.840247,27.840247,28.153970,3,0.000000,0,0,0
2018-05-16T15:00:00,34.749983,34.749983,28.152152,3,0.000000,0,0,0
2018-05-16T16:00:00,35.202601,35.202601,28.150330,3,0.000000,0,0,0
2018-05-16T17:00:00,21.038343,21.038343,28.148504,0,0.000000,0,0,0
2018-05-16T18:00:00,21.305787,21.305787,28.146674,0,0.000000,0,0,0
2018-05-16T19:00:00,19.113095,19.113095,28.144840,0,0.000000,0,0,0
2018-05-16T20:00:00,19.420344,19.420344,28.143002,0,0.000000,0,0,0
2018-05-16T21:00:00,19.817883,19.817883,28.141160,0,0.000000,0,0,0
2018-05-16T22:00:00,20.509695,20.509695,28.139314,0,0.000000,0,0,0
2018-05-16T23:00:00,20.815764,20.815764,28.137464,0,0.000000,0,0,0
2018-05-17T00:00:00,20.258018,20.258018,28.135610,0,0.000000,0,0,0
2018-05-17T01:00:00,21.210412,21.210412,28.133752,0,0.000000,0,0,0
2018-05-17T02:00:00,24.983002,24.983002,28.131890,0,0.000000,0,0,0
2018-05-17T03:00:00,24.550253,24.550253,28.130024,0,0.000000,0,0,0
2018-05-17T04:00:00,26.385136,26.385136,28.128154,0,0.000000,0,0,0
2018-05-17T05:00:00,27.753082,27.753082,28.126280,0,0.000000,0,0,0
2018-05-17T06:00:00,29.941602,29.941602,28.124402,0,0.000000,0,0,0
2018-05-17T07:00:00,30.676581,30.676581,28.122520,0,0.000000,0,0,0
2018-05-17T08:00:00,31.246166,31.246166,28.120634,0,0.000000,0,0,0
2018-05-17T09:00:00,26.344369,26.344369,28.118744,0,0.000000,0,0,0
2018-05-17T10:00:00,22.260491,22.260491,28.116850,0,0.000000,0,0,0
2018-05-17T11:00:00,16.265943,16.265943,28.114952,0,0.000000,0,0,0
2018-05-17T12:00:00,17.421653,17.421653,28.113050,0,0.000000,0,0,0
2018-05-17T13:00:00,17.190210,17.190210,28.111144,0,0.000000,0,0,0
2018-05-17T14:00:00,19.849429,19.849429,28.109234,0,0.000000,0,0,0
2018-05-17T15:00:00,17.862203,17.862203,28.107320,0,0.000000,0,0,0
2018-05-17T16:00:00,16.375767,16.375767,28.105402,0,0.000000,0,0,0
2018-05-17T17:00:00,18.019705,18.019705,28.103480,0,0.000000,0,0,0
2018-05-17T18:00:00,16.445536,16.445536,28.101554,0,0.000000,0,0,0
2018-05-17T19:00:00,14.822736,14.822736,28.099624,0,0.000000,0,0,0
2018-05-17T20:00:00,18.305894,18.305894,28.097690,0,0.000000,0,0,0
2018-05-17T21:00:00,16.305066,16.305066,28.095752,0,0.000000,0,0,0
2018-05-17T22:00:00,18.758127,18.758127,28.093810,0,0.000000,0,0,0
2018-05-17T23:00:00,19.972448,19.972448,28.091864,0,0.000000,0,0,0
2018-05-18T00:00:00,22.439121,22.439121,28.089914,0,0.000000,0,0,0
2018-05-18T01:00:00,23.569156,23.569156,28.087960,0,0.000000,0,0,0
2018-05-18T02:00:00,26.266754,26.266754,28.086002,0,0.000000,0,0,0
2018-05-18T03:00:00,28.872969,28.872969,28.084040,0,0.000000,0,0,0
2018-05-18T04:00:00,81.236731,81.236731,28.082074,1,42.514899,0,0,1
2018-05-18T05:00:00,66.506192,66.506192,28.080104,1,25.405650,0,0,1
2018-05-18T06:00:00,52.699611,52.699611,28.078130,1,15.181667,0,0,1
2018-05-18T07:00:00,47.521624,47.521624,28.076152,1,9.072117,0,0,1
2018-05-18T08:00:00,40.433734,40.433734,28.074170,1,5.421229,0,0,0
2018-05-18T09:00:00,36.520264,36.520264,28.072184,1,3.239567,0,0,0
2018-05-18T10:00:00,33.515676,33.515676,28.070194,1,0.000000,0,0,0
2018-05-18T11:00:00,32.889240,32.889240,28.068200,1,0.000000,0,0,0
2018-05-18T12:00:00,19.772436,19.772436,28.066202,1,0.000000,0,0,0
2018-05-18T13:00:00,21.561833,21.561833,28.064200,1,0.000000,0,0,0
2018-05-18T14:00:00,26.761407,26.761407,28.062194,1,0.000000,0,0,0
2018-05-18T15:00:00,22.432087,22.432087,28.060184,1,0.000000,0,0,0
2018-05-18T16:00:00,20.766659,20.766659,28.058170,1,0.000000,0,0,0
2018-05-18T17:00:00,23.989585,23.989585,28.056152,1,0.000000,0,0,0
2018-05-18T18:00:00,20.411606,20.411606,28.054130,1,0.000000,0,0,0
2018-05-18T19:00:00,19.842318,19.842318,28.052104,1,0.000000,0,0,0
2018-05-18T20:00:00,21.819055,21.819055,28.050074,1,0.000000,0,0,0
2018-05-18T21:00:00,15.415520,15.415520,28.048040,1,0.000000,0,0,0
2018-05-18T22:00:00,17.562234,17.562234,28.046002,1,0.000000,0,0,0
2018-05-18T23:00:00,21.006461,21.006461,28.043960,1,0.000000,0,0,0
2018-05-19T00:00:00,20.834691,20.834691,28.041914,1,0.000000,0,0,0
2018-05-19T01:00:00,18.384249,18.384249,28.039864,1,0.000000,0,0,0
2018-05-19T02:00:00,8.907193,8.907193,28.037810,0,0.000000,0,0,0
2018-05-19T03:00:00,16.220042,16.220042,28.035752,0,0.000000,0,0,0
2018-05-19T04:00:00,16.917529,16.917529,28.033690,0,0.000000,0,0,0
2018-05-19T05:00:00,21.040703,21.040703,28.031624,0,0.000000,0,0,0
2018-05-19T06:00:00,20.752920,20.752920,28.029554,0,0.000000,0,0,0
2018-05-19T07:00:00,25.663332,25.663332,28.027480,0,0.000000,0,0,0
2018-05-19T08:00:00,27.185580,27.185580,28.025402,0,0.000000,0,0,0
2018-05-19T09:00:00,26.476551,26.476551,28.023320,0,0.000000,0,0,0
2018-05-19T10:00:00,30.026977,30.026977,28.021234,0,0.000000,0,0,0
2018-05-19T11:00:00,27.475679,27.475679,28.019144,0,0.000000,0,0,0
2018-05-19T12:00:00,25.512440,25.512440,28.017050,0,0.000000,0,0,0
2018-05-19T13:00:00,33.447243,33.447243,28.014952,1,0.000000,0,0,0
2018-05-19T14:00:00,33.935957,33.935957,28.012850,1,0.000000,0,0,0
2018-05-19T15:00:00,22.725459,22.725459,28.010744,0,0.000000,0,0,0
2018-05-19T16:00:00,18.858609,18.858609,28.008634,0,0.000000,0,0,0
2018-05-19T17:00:00,17.552820,17.552820,28.006520,0,0.000000,0,0,0
2018-05-19T18:00:00,16.639117,16.639117,28.004402,0,0.000000,0,0,0
2018-05-19T19:00:00,19.417012,19.417012,28.002280,0,0.000000,0,0,0
2018-05-19T20:00:00,26.185496,26.185496,28.000154,0,0.000000,0,0,0
2018-05-19T21:00:00,25.006055,25.006055,27.998024,0,0.000000,0,0,0
2018-05-19T22:00:00,22.261840,22.261840,27.995890,0,0.000000,0,0,0
2018-05-19T23:00:00,22.893157,22.893157,27.993752,0,0.000000,0,0,0
2018-05-20T00:00:00,27.456862,27.456862,27.991610,0,0.000000,0,0,0
2018-05-20T01:00:00,24.937430,24.937430,27.989464,0,0.000000,0,0,0
2018-05-20T02:00:00,30.668746,30.668746,27.987314,0,0.000000,0,0,0
2018-05-20T03:00:00,32.265333,32.265333,27.985160,0,0.000000,0,0,0
2018-05-20T04:00:00,31.713286,31.713286,27.983002,0,0.000000,0,0,0
2018-05-20T05:00:00,37.385209,37.385209,27.980840,0,0.000000,0,0,0
2018-05-20T06:00:00,36.535956,36.535956,27.978674,0,0.000000,0,0,0
2018-05-20T07:00:00,36.523036,36.523036,27.976504,0,0.000000,0,0,0
2018-05-20T08:00:00,33.666102,33.666102,27.974330,0,0.000000,0,0,0
2018-05-20T09:00:00,36.549015,36.549015,27.972152,0,0.000000,0,0,0
2018-05-20T10:00:00,40.027329,40.027329,27.969970,0,0.000000,0,0,0
2018-05-20T11:00:00,35.770456,35.770456,27.967784,0,0.000000,0,0,0
2018-05-20T12:00:00,34.773007,34.773007,27.965594,0,0.000000,0,0,0
2018-05-20T13:00:00,32.252105,32.252105,27.963400,0,0.000000,0,0,0
2018-05-20T14:00:00,49.134060,49.134060,27.961202,3,0.000000,0,0,0
2018-05-20T15:00:00,44.282092,44.282092,27.959000,3,0.000000,0,0,0
2018-05-20T16:00:00,38.098260,38.098260,27.956794,3,0.000000,0,0,0
2018-05-20T17:00:00,33.550066,33.550066,27.954584,3,0.000000,0,0,0
2018-05-20T18:00:00,17.607579,17.607579,27.952370,3,0.000000,0,0,0
2018-05-20T19:00:00,29.710397,29.710397,27.950152,3,0.000000,0,0,0
2018-05-20T20:00:00,32.155772,32.155772,27.947930,3,0.000000,0,0,0
2018-05-20T21:00:00,34.703821,34.703821,27.945704,3,0.000000,0,0,0
2018-05-20T22:00:00,43.726150,43.726150,27.943474,3,0.000000,0,0,0
2018-05-20T23:00:00,43.503623,43.503623,27.941240,3,0.000000,0,0,0
2018-05-21T00:00:00,20.774943,20.774943,27.939002,2,0.000000,0,0,0
2018-05-21T01:00:00,18.913664,18.913664,27.936760,2,0.000000,0,0,0
2018-05-21T02:00:00,19.899177,19.899177,27.934514,2,0.000000,0,0,0
2018-05-21T03:00:00,23.512186,23.512186,27.932264,2,0.000000,0,0,0
2018-05-21T04:00:00,26.669620,26.669620,27.930010,2,0.000000,0,0,0
2018-05-21T05:00:00,26.798241,26.798241,27.927752,2,0.000000,0,0,0
2018-05-21T06:00:00,38.621883,38.621883,27.925490,1,0.000000,0,0,0
2018-05-21T07:00:00,36.404266,36.404266,27.923224,1,0.000000,0,0,0
2018-05-21T08:00:00,39.188181,39.188181,27.920954,1,0.000000,0,0,0
2018-05-21T09:00:00,40.237410,40.237410,27.918680,1,0.000000,0,0,0
2018-05-21T10:00:00,32.864979,32.864979,27.916402,0,0.000000,0,0,0
2018-05-21T11:00:00,51.587590,51.587590,27.914120,3,0.000000,0,0,0
2018-05-21T12:00:00,46.979200,46.979200,27.911834,3,0.000000,0,0,0
2018-05-21T13:00:00,48.477971,48.477971,27.909544,3,0.000000,0,0,0
2018-05-21T14:00:00,31.002817,31.002817,27.907250,0,0.000000,0,0,0
2018-05-21T15:00:00,26.205291,26.205291,27.904952,0,0.000000,0,0,0
2018-05-21T16:00:00,22.775136,22.775136,27.902650,0,0.000000,0,0,0
2018-05-21T17:00:00,20.766049,20.766049,27.900344,0,0.000000,0,0,0
2018-05-21T18:00:00,21.550796,21.550796,27.898034,0,0.000000,0,0,0
2018-05-21T19:00:00,21.461185,21.461185,27.895720,0,0.000000,0,0,0
2018-05-21T20:00:00,19.561316,19.561316,27.893402,0,0.000000,0,0,0
2018-05-21T21:00:00,21.062351,21.062351,27.891080,0,0.000000,0,0,0
2018-05-21T22:00:00,20.264250,20.264250,27.888754,0,0.000000,0,0,0
2018-05-21T23:00:00,23.145861,23.145861,27.886424,0,0.000000,0,0,0
2018-05-22T00:00:00,23.212932,23.212932,27.884090,0,0.000000,0,0,0
2018-05-22T01:00:00,22.584508,22.584508,27.881752,0,0.000000,0,0,0
2018-05-22T02:00:00,26.705180,26.705180,27.879410,0,0.000000,0,0,0
2018-05-22T03:00:00,28.512012,28.512012,27.877064,0,0.000000,0,0,0
2018-05-22T04:00:00,37.590365,37.590365,27.874714,0,0.000000,0,0,0
2018-05-22T05:00:00,38.341864,38.341864,27.872360,0,0.000000,0,0,0
2018-05-22T06:00:00,36.758750,36.758750,27.870002,0,0.000000,0,0,0
2018-05-22T07:00:00,34.657350,34.657350,27.867640,0,0.000000,0,0,0
2018-05-22T08:00:00,31.805042,31.805042,27.865274,0,0.000000,0,0,0
2018-05-22T09:00:00,31.608584,31.608584,27.862904,0,0.000000,0,0,0
2018-05-22T10:00:00,30.772654,30.772654,27.860530,0,0.000000,0,0,0
2018-05-22T11:00:00,5.069661,29.294798,27.858152,0,0.000000,0,1,0
2018-05-22T12:00:00,4.534609,31.456066,27.855770,0,0.000000,0,1,0
2018-05-22T13:00:00,5.042065,29.659888,27.853384,0,0.000000,0,1,0
2018-05-22T14:00:00,4.166431,27.294578,27.850994,0,0.000000,0,1,0
2018-05-22T15:00:00,4.050472,28.046217,27.848600,0,0.000000,0,1,0
2018-05-22T16:00:00,3.754894,25.833896,27.846202,0,0.000000,0,1,0
2018-05-22T17:00:00,3.707600,25.315010,27.843800,0,0.000000,0,1,0
2018-05-22T18:00:00,3.424291,25.016929,27.841394,0,0.000000,0,1,0
2018-05-22T19:00:00,3.536089,24.034746,27.838984,0,0.000000,0,1,0
2018-05-22T20:00:00,3.907909,23.317662,27.836570,0,0.000000,0,1,0
2018-05-22T21:00:00,3.798147,22.718825,27.834152,0,0.000000,0,1,0
2018-05-22T22:00:00,3.566468,24.486854,27.831730,0,0.000000,0,1,0
2018-05-22T23:00:00,5.286416,27.007805,27.829304,0,0.000000,0,1,0
2018-05-23T00:00:00,2.621037,24.785828,27.826874,0,0.000000,0,1,0
2018-05-23T01:00:00,28.042121,28.042121,27.824440,0,0.000000,0,0,0
2018-05-23T02:00:00,29.522872,29.522872,27.822002,0,0.000000,0,0,0
2018-05-23T03:00:00,29.036984,29.036984,27.819560,0,0.000000,0,0,0
2018-05-23T04:00:00,29.976909,29.976909,27.817114,0,0.000000,0,0,0
2018-05-23T05:00:00,33.698360,33.698360,27.814664,0,0.000000,0,0,0
2018-05-23T06:00:00,33.295042,33.295042,27.812210,0,0.000000,0,0,0
2018-05-23T07:00:00,32.378309,32.378309,27.809752,0,0.000000,0,0,0
2018-05-23T08:00:00,46.970970,46.970970,27.807290,0,0.000000,0,0,0
2018-05-23T09:00:00,43.858786,43.858786,27.804824,0,0.000000,0,0,0
2018-05-23T10:00:00,37.770114,37.770114,27.802354,0,0.000000,0,0,0
2018-05-23T11:00:00,29.275786,29.275786,27.799880,2,0.000000,0,0,0
2018-05-23T12:00:00,25.304069,25.304069,27.797402,2,0.000000,0,0,0
2018-05-23T13:00:00,22.713664,22.713664,27.794920,2,0.000000,0,0,0
2018-05-23T14:00:00,20.773246,20.773246,27.792434,2,0.000000,0,0,0
2018-05-23T15:00:00,17.971652,17.971652,27.789944,2,0.000000,0,0,0
2018-05-23T16:00:00,32.003337,32.003337,27.787450,1,0.000000,0,0,0
2018-05-23T17:00:00,33.341281,33.341281,27.784952,1,0.000000,0,0,0
2018-05-23T18:00:00,32.163886,32.163886,27.782450,1,0.000000,0,0,0
2018-05-23T19:00:00,30.704368,30.704368,27.779944,1,0.000000,0,0,0
2018-05-23T20:00:00,29.669535,29.669535,27.777434,1,0.000000,0,0,0
2018-05-23T21:00:00,30.253930,30.253930,27.774920,1,0.000000,0,0,0
2018-05-23T22:00:00,30.310002,30.310002,27.772402,1,0.000000,0,0,0
2018-05-23T23:00:00,22.410129,22.410129,27.769880,0,0.000000,0,0,0
2018-05-24T00:00:00,22.681491,22.681491,27.767354,0,0.000000,0,0,0
2018-05-24T01:00:00,22.749954,22.749954,27.764824,0,0.000000,0,0,0
2018-05-24T02:00:00,24.987035,24.987035,27.762290,0,0.000000,0,0,0
2018-05-24T03:00:00,28.482538,28.482538,27.759752,0,0.000000,0,0,0
2018-05-24T04:00:00,30.075367,30.075367,27.757210,0,0.000000,0,0,0
2018-05-24T05:00:00,29.303751,29.303751,27.754664,0,0.000000,0,0,0
2018-05-24T06:00:00,30.509553,30.509553,27.752114,0,0.000000,0,0,0
2018-05-24T07:00:00,19.291630,19.291630,27.749560,0,-12.332329,0,0,1
2018-05-24T08:00:00,19.166225,19.166225,27.747002,0,-10.408034,0,0,1
2018-05-24T09:00:00,21.849426,21.849426,27.744440,0,-8.783999,0,0,1
2018-05-24T10:00:00,22.034714,22.034714,27.741874,0,-7.413373,0,0,0
2018-05-24T11:00:00,33.768827,33.768827,27.739304,1,-6.256615,0,0,0
2018-05-24T12:00:00,43.379004,43.379004,27.736730,1,7.773133,0,0,1
2018-05-24T13:00:00,39.350138,39.350138,27.734152,1,5.771977,0,0,0
2018-05-24T14:00:00,39.864825,39.864825,27.731570,1,8.014733,0,0,1
2018-05-24T15:00:00,36.761196,36.761196,27.728984,1,6.280154,0,0,0
2018-05-24T16:00:00,36.376369,36.376369,27.726394,1,4.920979,0,0,0
2018-05-24T17:00:00,31.591878,31.591878,27.723800,1,3.855962,0,0,0
2018-05-24T18:00:00,27.028287,27.028287,27.721202,1,3.021440,0,0,0
2018-05-24T19:00:00,27.245212,27.245212,27.718600,1,2.367529,0,0,0
2018-05-24T20:00:00,24.946774,24.946774,27.715994,1,1.855139,0,0,0
2018-05-24T21:00:00,11.289794,11.289794,27.713384,2,1.453643,0,0,0
2018-05-24T22:00:00,12.388255,12.388255,27.710770,2,1.139040,0,0,0
2018-05-24T23:00:00,14.438424,14.438424,27.708152,2,0.892525,0,0,0
2018-05-25T00:00:00,13.732677,13.732677,27.705530,2,0.699361,0,0,0
2018-05-25T01:00:00,17.069590,17.069590,27.702904,2,0.548003,0,0,0
2018-05-25T02:00:00,18.362850,18.362850,27.700274,2,0.429402,0,0,0
2018-05-25T03:00:00,17.560864,17.560864,27.697640,2,0.336469,0,0,0
2018-05-25T04:00:00,19.706660,19.706660,27.695002,2,0.263649,0,0,0
2018-05-25T05:00:00,17.224229,17.224229,27.692360,2,0.206589,0,0,0
2018-05-25T06:00:00,24.658110,24.658110,27.689714,0,0.000000,0,0,0
2018-05-25T07:00:00,27.136228,27.136228,27.687064,0,0.000000,0,0,0
2018-05-25T08:00:00,26.869779,26.869779,27.684410,0,0.000000,0,0,0
2018-05-25T09:00:00,24.159807,24.159807,27.681752,2,0.000000,0,0,0
2018-05-25T10:00:00,23.713708,23.713708,27.679090,2,0.000000,0,0,0
2018-05-25T11:00:00,23.183501,23.183501,27.676424,2,0.000000,0,0,0
2018-05-25T12:00:00,25.724304,25.724304,27.673754,2,0.000000,0,0,0
2018-05-25T13:00:00,21.753487,21.753487,27.671080,2,0.000000,0,0,0
2018-05-25T14:00:00,23.066259,23.066259,27.668402,1,0.000000,0,0,0
2018-05-25T15:00:00,23.665490,23.665490,27.665720,1,0.000000,0,0,0
2018-05-25T16:00:00,24.543471,24.543471,27.663034,1,0.000000,0,0,0
2018-05-25T17:00:00,24.126790,24.126790,27.660344,1,0.000000,0,0,0
2018-05-25T18:00:00,24.142034,24.142034,27.657650,1,0.000000,0,0,0
2018-05-25T19:00:00,22.440123,22.440123,27.654952,1,0.000000,0,0,0
2018-05-25T20:00:00,26.361464,26.361464,27.652250,1,0.000000,0,0,0
2018-05-25T21:00:00,36.413217,36.413217,27.649544,1,0.000000,0,0,0
2018-05-25T22:00:00,21.608409,21.608409,27.646834,2,0.000000,0,0,0
2018-05-25T23:00:00,17.969398,17.969398,27.644120,2,0.000000,0,0,0
2018-05-26T00:00:00,18.935745,18.935745,27.641402,2,0.000000,0,0,0
2018-05-26T01:00:00,17.652150,17.652150,27.638680,2,0.000000,0,0,0
2018-05-26T02:00:00,16.359688,16.359688,27.635954,2,0.000000,0,0,0
2018-05-26T03:00:00,17.847452,17.847452,27.633224,2,0.000000,0,0,0
2018-05-26T04:00:00,16.814651,16.814651,27.630490,2,0.000000,0,0,0
2018-05-26T05:00:00,17.159430,17.159430,27.627752,2,0.000000,0,0,0
2018-05-26T06:00:00,18.349744,18.349744,27.625010,2,0.000000,0,0,0
2018-05-26T07:00:00,19.602228,19.602228,27.622264,2,0.000000,0,0,0
2018-05-26T08:00:00,25.118883,25.118883,27.619514,2,0.000000,0,0,0
2018-05-26T09:00:00,25.410875,25.410875,27.616760,2,0.000000,0,0,0
2018-05-26T10:00:00,24.289757,24.289757,27.614002,2,0.000000,0,0,0
2018-05-26T11:00:00,41.505355,41.505355,27.611240,3,0.000000,0,0,0
2018-05-26T12:00:00,26.378857,26.378857,27.608474,0,0.000000,0,0,0
2018-05-26T13:00:00,26.240309,26.240309,27.605704,0,0.000000,0,0,0
2018-05-26T14:00:00,25.428645,25.428645,27.602930,0,0.000000,0,0,0
2018-05-26T15:00:00,23.595701,23.595701,27.600152,0,0.000000,0,0,0
2018-05-26T16:00:00,20.281499,20.281499,27.597370,0,0.000000,0,0,0
2018-05-26T17:00:00,18.879770,18.879770,27.594584,0,0.000000,0,0,0
2018-05-26T18:00:00,19.490944,19.490944,27.591794,0,0.000000,0,0,0
2018-05-26T19:00:00,19.870981,19.870981,27.589000,0,0.000000,0,0,0
2018-05-26T20:00:00,22.000395,22.000395,27.586202,0,0.000000,0,0,0
2018-05-26T21:00:00,16.263414,16.263414,27.583400,2,0.000000,0,0,0
2018-05-26T22:00:00,31.600845,31.600845,27.580594,1,0.000000,0,0,0
2018-05-26T23:00:00,29.263750,29.263750,27.577784,1,0.000000,0,0,0
2018-05-27T00:00:00,29.796361,29.796361,27.574970,1,0.000000,0,0,0
2018-05-27T01:00:00,29.807793,29.807793,27.572152,1,0.000000,0,0,0
2018-05-27T02:00:00,30.663151,30.663151,27.569330,1,0.000000,0,0,0
2018-05-27T03:00:00,27.284215,27.284215,27.566504,1,0.000000,0,0,0
2018-05-27T04:00:00,33.393932,33.393932,27.563674,1,0.000000,0,0,0
2018-05-27T05:00:00,30.348663,30.348663,27.560840,1,0.000000,0,0,0
2018-05-27T06:00:00,37.648377,37.648377,27.558002,1,0.000000,0,0,0
2018-05-27T07:00:00,40.418973,40.418973,27.555160,1,0.000000,0,0,0
2018-05-27T08:00:00,40.648135,40.648135,27.552314,1,0.000000,0,0,0
2018-05-27T09:00:00,39.968452,39.968452,27.549464,1,0.000000,0,0,0
2018-05-27T10:00:00,34.313019,34.313019,27.546610,1,0.000000,0,0,0
2018-05-27T11:00:00,34.120700,34.120700,27.543752,1,0.000000,0,0,0
2018-05-27T12:00:00,29.739264,29.739264,27.540890,1,0.000000,0,0,0
2018-05-27T13:00:00,26.177908,26.177908,27.538024,1,0.000000,0,0,0
2018-05-27T14:00:00,17.953873,17.953873,27.535154,0,0.000000,0,0,0
2018-05-27T15:00:00,21.544380,21.544380,27.532280,0,0.000000,0,0,0
2018-05-27T16:00:00,20.727215,20.727215,27.529402,0,0.000000,0,0,0
2018-05-27T17:00:00,20.062048,20.062048,27.526520,0,0.000000,0,0,0
2018-05-27T18:00:00,22.023228,22.023228,27.523634,0,0.000000,0,0,0
2018-05-27T19:00:00,17.720813,17.720813,27.520744,0,0.000000,0,0,0
2018-05-27T20:00:00,19.548758,19.548758,27.517850,0,0.000000,0,0,0
2018-05-27T21:00:00,20.651485,20.651485,27.514952,0,0.000000,0,0,0
2018-05-27T22:00:00,28.770787,28.770787,27.512050,1,0.000000,0,0,0
2018-05-27T23:00:00,31.245057,31.245057,27.509144,1,0.000000,0,0,0
2018-05-28T00:00:00,33.775232,33.775232,27.506234,1,0.000000,0,0,0
2018-05-28T01:00:00,31.192442,31.192442,27.503320,1,0.000000,0,0,0
2018-05-28T02:00:00,34.063811,34.063811,27.500402,1,0.000000,0,0,0
2018-05-28T03:00:00,36.590950,36.590950,27.497480,1,0.000000,0,0,0
2018-05-28T04:00:00,44.216049,44.216049,27.494554,1,0.000000,0,0,0
2018-05-28T05:00:00,44.158336,44.158336,27.491624,1,0.000000,0,0,0
2018-05-28T06:00:00,44.530833,44.530833,27.488690,1,0.000000,0,0,0
2018-05-28T07:00:00,25.701835,25.701835,27.485752,1,0.000000,0,0,0
2018-05-28T08:00:00,30.410601,30.410601,27.482810,1,0.000000,0,0,0
2018-05-28T09:00:00,41.784419,41.784419,27.479864,1,0.000000,0,0,0
2018-05-28T10:00:00,64.107598,64.107598,27.476914,1,0.000000,0,0,0
2018-05-28T11:00:00,50.336197,50.336197,27.473960,1,0.000000,0,0,0
2018-05-28T12:00:00,41.948470,41.948470,27.471002,1,0.000000,0,0,0
2018-05-28T13:00:00,23.747815,23.747815,27.468040,2,0.000000,0,0,0
2018-05-28T14:00:00,22.220787,22.220787,27.465074,2,0.000000,0,0,0
2018-05-28T15:00:00,20.696180,20.696180,27.462104,2,0.000000,0,0,0
2018-05-28T16:00:00,20.128612,20.128612,27.459130,2,0.000000,0,0,0
2018-05-28T17:00:00,34.651681,34.651681,27.456152,1,0.000000,0,0,0
2018-05-28T18:00:00,34.225750,34.225750,27.453170,1,0.000000,0,0,0
2018-05-28T19:00:00,31.513425,31.513425,27.450184,1,0.000000,0,0,0
2018-05-28T20:00:00,34.020881,34.020881,27.447194,1,0.000000,0,0,0
2018-05-28T21:00:00,34.816922,34.816922,27.444200,1,0.000000,0,0,0
2018-05-28T22:00:00,35.674074,35.674074,27.441202,1,0.000000,0,0,0
2018-05-28T23:00:00,41.001250,41.001250,27.438200,1,0.000000,0,0,0
2018-05-29T00:00:00,41.739449,41.739449,27.435194,1,0.000000,0,0,0
2018-05-29T01:00:00,48.750293,48.750293,27.432184,2,0.000000,0,0,0
2018-05-29T02:00:00,41.586107,41.586107,27.429170,2,0.000000,0,0,0
2018-05-29T03:00:00,36.338207,36.338207,27.426152,2,0.000000,0,0,0
2018-05-29T04:00:00,33.647325,33.647325,27.423130,2,0.000000,0,0,0
2018-05-29T05:00:00,30.808675,30.808675,27.420104,2,0.000000,0,0,0
2018-05-29T06:00:00,28.559622,28.559622,27.417074,2,0.000000,0,0,0
2018-05-29T07:00:00,29.332359,29.332359,27.414040,2,0.000000,0,0,0
2018-05-29T08:00:00,31.508328,31.508328,27.411002,2,0.000000,0,0,0
2018-05-29T09:00:00,29.698552,29.698552,27.407960,2,0.000000,0,0,0
2018-05-29T10:00:00,29.651712,29.651712,27.404914,2,0.000000,0,0,0
2018-05-29T11:00:00,28.365998,28.365998,27.401864,2,0.000000,0,0,0
2018-05-29T12:00:00,26.978236,26.978236,27.398810,2,0.000000,0,0,0
2018-05-29T13:00:00,26.220720,26.220720,27.395752,2,0.000000,0,0,0
2018-05-29T14:00:00,21.634163,21.634163,27.392690,2,0.000000,0,0,0
2018-05-29T15:00:00,20.877834,20.877834,27.389624,2,0.000000,0,0,0
2018-05-29T16:00:00,20.518888,20.518888,27.386554,2,0.000000,0,0,0
2018-05-29T17:00:00,19.556551,19.556551,27.383480,2,0.000000,0,0,0
2018-05-29T18:00:00,38.907571,38.907571,27.380402,1,0.000000,0,0,0
2018-05-29T19:00:00,23.568389,23.568389,27.377320,2,0.000000,0,0,0
2018-05-29T20:00:00,20.649312,20.649312,27.374234,2,0.000000,0,0,0
2018-05-29T21:00:00,20.656433,20.656433,27.371144,2,0.000000,0,0,0
2018-05-29T22:00:00,20.391329,20.391329,27.368050,2,0.000000,0,0,0
2018-05-29T23:00:00,22.347664,22.347664,27.364952,2,0.000000,0,0,0
2018-05-30T00:00:00,22.561519,22.561519,27.361850,2,0.000000,0,0,0
2018-05-30T01:00:00,21.026887,21.026887,27.358744,2,0.000000,0,0,0
2018-05-30T02:00:00,21.746397,21.746397,27.355634,2,0.000000,0,0,0
2018-05-30T03:00:00,23.485890,23.485890,27.352520,2,0.000000,0,0,0
2018-05-30T04:00:00,25.413062,25.413062,27.349402,2,0.000000,0,0,0
2018-05-30T05:00:00,30.678757,30.678757,27.346280,2,0.000000,0,0,0
2018-05-30T06:00:00,31.382078,31.382078,27.343154,2,0.000000,0,0,0
2018-05-30T07:00:00,27.070966,27.070966,27.340024,2,0.000000,0,0,0
2018-05-30T08:00:00,24.159508,24.159508,27.336890,2,0.000000,0,0,0
2018-05-30T09:00:00,47.833138,47.833138,27.333752,3,0.000000,0,0,0
2018-05-30T10:00:00,54.504642,54.504642,27.330610,3,0.000000,0,0,0
2018-05-30T11:00:00,74.432963,74.432963,27.327464,3,0.000000,0,0,0
2018-05-30T12:00:00,59.470701,59.470701,27.324314,3,0.000000,0,0,0
2018-05-30T13:00:00,48.210362,48.210362,27.321160,3,0.000000,0,0,0
2018-05-30T14:00:00,41.170000,41.170000,27.318002,3,0.000000,0,0,0
2018-05-30T15:00:00,29.338115,29.338115,27.314840,3,0.000000,0,0,0
2018-05-30T16:00:00,8.838076,8.838076,27.311674,2,0.000000,0,0,0
2018-05-30T17:00:00,10.709935,10.709935,27.308504,2,0.000000,0,0,0
2018-05-30T18:00:00,11.351554,11.351554,27.305330,2,0.000000,0,0,0
2018-05-30T19:00:00,12.289267,12.289267,27.302152,2,0.000000,0,0,0
2018-05-30T20:00:00,12.333217,12.333217,27.298970,2,0.000000,0,0,0
2018-05-30T21:00:00,13.049050,13.049050,27.295784,2,0.000000,0,0,0
2018-05-30T22:00:00,15.403290,15.403290,27.292594,2,0.000000,0,0,0
2018-05-30T23:00:00,17.199405,17.199405,27.289400,2,0.000000,0,0,0
2018-05-31T00:00:00,17.566500,17.566500,27.286202,2,0.000000,0,0,0
2018-05-31T01:00:00,20.950582,20.950582,27.283000,2,0.000000,0,0,0
2018-05-31T02:00:00,21.666982,21.666982,27.279794,2,0.000000,0,0,0
2018-05-31T03:00:00,23.932978,23.932978,27.276584,2,0.000000,0,0,0
2018-05-31T04:00:00,25.990059,25.990059,27.273370,2,0.000000,0,0,0
2018-05-31T05:00:00,26.089940,26.089940,27.270152,2,0.000000,0,0,0
2018-05-31T06:00:00,24.982066,24.982066,27.266930,2,0.000000,0,0,0
2018-05-31T07:00:00,45.738928,45.738928,27.263704,3,0.000000,0,0,0
2018-05-31T08:00:00,37.249795,37.249795,27.260474,3,0.000000,0,0,0
2018-05-31T09:00:00,38.463241,38.463241,27.257240,3,0.000000,0,0,0
2018-05-31T10:00:00,41.499509,41.499509,27.254002,3,0.000000,0,0,0
2018-05-31T11:00:00,48.648059,48.648059,27.250760,3,0.000000,0,0,0
2018-05-31T12:00:00,52.485018,52.485018,27.247514,3,0.000000,0,0,0
2018-05-31T13:00:00,25.951698,25.951698,27.244264,2,0.000000,0,0,0
2018-05-31T14:00:00,19.546261,19.546261,27.241010,2,0.000000,0,0,0
2018-05-31T15:00:00,16.057693,16.057693,27.237752,2,0.000000,0,0,0
2018-05-31T16:00:00,13.951893,13.951893,27.234490,2,0.000000,0,0,0
2018-05-31T17:00:00,13.243236,13.243236,27.231224,2,0.000000,0,0,0
2018-05-31T18:00:00,13.184210,13.184210,27.227954,2,0.000000,0,0,0
2018-05-31T19:00:00,14.182351,14.182351,27.224680,2,0.000000,0,0,0
2018-05-31T20:00:00,14.696006,14.696006,27.221402,2,0.000000,0,0,0
2018-05-31T21:00:00,16.030086,16.030086,27.218120,2,0.000000,0,0,0
2018-05-31T22:00:00,15.877366,15.877366,27.214834,2,0.000000,0,0,0
2018-05-31T23:00:00,13.876563,13.876563,27.211544,2,0.000000,0,0,0
2018-06-01T00:00:00,14.029324,14.029324,27.208250,2,0.000000,0,0,0
2018-06-01T01:00:00,19.169021,19.169021,27.204952,0,0.000000,0,0,0
2018-06-01T02:00:00,22.777271,22.777271,27.201650,0,0.000000,0,0,0
2018-06-01T03:00:00,28.039942,28.039942,27.198344,0,0.000000,0,0,0
2018-06-01T04:00:00,30.636140,30.636140,27.195034,0,0.000000,0,0,0
2018-06-01T05:00:00,21.195703,21.195703,27.191720,0,0.000000,0,0,0
2018-06-01T06:00:00,21.700929,21.700929,27.188402,0,0.000000,0,0,0
2018-06-01T07:00:00,23.586161,23.586161,27.185080,0,0.000000,0,0,0
2018-06-01T08:00:00,25.842886,25.842886,27.181754,0,0.000000,0,0,0
2018-06-01T09:00:00,23.631446,23.631446,27.178424,0,0.000000,0,0,0
2018-06-01T10:00:00,19.972160,19.972160,27.175090,0,0.000000,0,0,0
2018-06-01T11:00:00,18.295366,18.295366,27.171752,0,0.000000,0,0,0
2018-06-01T12:00:00,15.527654,15.527654,27.168410,0,0.000000,0,0,0
2018-06-01T13:00:00,19.775356,19.775356,27.165064,0,0.000000,0,0,0
2018-06-01T14:00:00,20.019274,20.019274,27.161714,0,0.000000,0,0,0
2018-06-01T15:00:00,19.768265,19.768265,27.158360,0,0.000000,0,0,0
2018-06-01T16:00:00,20.172321,20.172321,27.155002,0,0.000000,0,0,0
2018-06-01T17:00:00,17.364831,17.364831,27.151640,0,0.000000,0,0,0
2018-06-01T18:00:00,15.671288,15.671288,27.148274,0,0.000000,0,0,0
2018-06-01T19:00:00,17.013023,17.013023,27.144904,0,0.000000,0,0,0
2018-06-01T20:00:00,18.834429,18.834429,27.141530,0,0.000000,0,0,0
2018-06-01T21:00:00,19.159655,19.159655,27.138152,0,0.000000,0,0,0
2018-06-01T22:00:00,20.633421,20.633421,27.134770,0,0.000000,0,0,0
2018-06-01T23:00:00,21.352462,21.352462,27.131384,0,0.000000,0,0,0
2018-06-02T00:00:00,22.067081,22.067081,27.127994,0,0.000000,0,0,0
2018-06-02T01:00:00,25.825869,25.825869,27.124600,0,0.000000,0,0,0
2018-06-02T02:00:00,27.321020,27.321020,27.121202,0,0.000000,0,0,0
2018-06-02T03:00:00,27.999047,27.999047,27.117800,0,0.000000,0,0,0
2018-06-02T04:00:00,37.856704,37.856704,27.114394,1,0.000000,0,0,0
2018-06-02T05:00:00,24.324162,24.324162,27.110984,2,0.000000,0,0,0
2018-06-02T06:00:00,22.770021,22.770021,27.107570,2,0.000000,0,0,0
2018-06-02T07:00:00,22.765275,22.765275,27.104152,2,0.000000,0,0,0
2018-06-02T08:00:00,29.817341,29.817341,27.100730,0,0.000000,0,0,0
2018-06-02T09:00:00,25.843918,25.843918,27.097304,0,0.000000,0,0,0
2018-06-02T10:00:00,25.963446,25.963446,27.093874,0,0.000000,0,0,0
2018-06-02T11:00:00,27.234304,27.234304,27.090440,0,0.000000,0,0,0
2018-06-02T12:00:00,25.094918,25.094918,27.087002,0,0.000000,0,0,0
2018-06-02T13:00:00,23.183616,23.183616,27.083560,0,0.000000,0,0,0
2018-06-02T14:00:00,24.736098,24.736098,27.080114,0,0.000000,0,0,0
2018-06-02T15:00:00,21.814387,21.814387,27.076664,0,0.000000,0,0,0
2018-06-02T16:00:00,19.516485,19.516485,27.073210,0,0.000000,0,0,0
2018-06-02T17:00:00,19.307295,19.307295,27.069752,0,0.000000,0,0,0
2018-06-02T18:00:00,21.545735,21.545735,27.066290,0,0.000000,0,0,0
2018-06-02T19:00:00,21.852121,21.852121,27.062824,0,0.000000,0,0,0
2018-06-02T20:00:00,21.524078,21.524078,27.059354,0,0.000000,0,0,0
2018-06-02T21:00:00,31.106840,31.106840,27.055880,1,0.000000,0,0,0
2018-06-02T22:00:00,30.741411,30.741411,27.052402,1,0.000000,0,0,0
2018-06-02T23:00:00,33.940994,33.940994,27.048920,1,0.000000,0,0,0
2018-06-03T00:00:00,36.231458,36.231458,27.045434,1,0.000000,0,0,0
2018-06-03T01:00:00,39.134041,39.134041,27.041944,1,0.000000,0,0,0
2018-06-03T02:00:00,39.476575,39.476575,27.038450,1,0.000000,0,0,0
2018-06-03T03:00:00,24.898969,24.898969,27.034952,1,0.000000,0,0,0
2018-06-03T04:00:00,31.081618,31.081618,27.031450,1,0.000000,0,0,0
2018-06-03T05:00:00,39.982410,39.982410,27.027944,1,0.000000,0,0,0
2018-06-03T06:00:00,31.136708,31.136708,27.024434,1,0.000000,0,0,0
2018-06-03T07:00:00,31.759636,31.759636,27.020920,1,0.000000,0,0,0
2018-06-03T08:00:00,33.236805,33.236805,27.017402,1,0.000000,0,0,0
2018-06-03T09:00:00,41.418840,41.418840,27.013880,1,0.000000,0,0,0
2018-06-03T10:00:00,37.220027,37.220027,27.010354,1,0.000000,0,0,0
2018-06-03T11:00:00,23.673735,23.673735,27.006824,1,0.000000,0,0,0
2018-06-03T12:00:00,22.541033,22.541033,27.003290,1,0.000000,0,0,0
2018-06-03T13:00:00,23.021074,23.021074,26.999752,1,0.000000,0,0,0
2018-06-03T14:00:00,25.682817,25.682817,26.996210,1,0.000000,0,0,0
2018-06-03T15:00:00,30.224805,30.224805,26.992664,1,0.000000,0,0,0
2018-06-03T16:00:00,17.832376,17.832376,26.989114,2,0.000000,0,0,0
2018-06-03T17:00:00,18.934300,18.934300,26.985560,2,0.000000,0,0,0
2018-06-03T18:00:00,19.754061,19.754061,26.982002,2,0.000000,0,0,0
2018-06-03T19:00:00,20.754098,20.754098,26.978440,2,0.000000,0,0,0
2018-06-03T20:00:00,20.324067,20.324067,26.974874,2,0.000000,0,0,0
2018-06-03T21:00:00,22.663919,22.663919,26.971304,2,0.000000,0,0,0
2018-06-03T22:00:00,24.814870,24.814870,26.967730,2,0.000000,0,0,0
2018-06-03T23:00:00,25.936025,25.936025,26.964152,2,0.000000,0,0,0
2018-06-04T00:00:00,27.054195,27.054195,26.960570,2,0.000000,0,0,0
2018-06-04T01:00:00,28.624614,28.624614,26.956984,2,0.000000,0,0,0
2018-06-04T02:00:00,45.951540,45.951540,26.953394,1,0.000000,0,0,0
2018-06-04T03:00:00,47.570679,47.570679,26.949800,1,0.000000,0,0,0
2018-06-04T04:00:00,53.507800,53.507800,26.946202,1,0.000000,0,0,0
2018-06-04T05:00:00,37.661154,37.661154,26.942600,1,0.000000,0,0,0
2018-06-04T06:00:00,39.747053,39.747053,26.938994,1,0.000000,0,0,0
2018-06-04T07:00:00,53.895509,53.895509,26.935384,1,0.000000,0,0,0
2018-06-04T08:00:00,47.280628,47.280628,26.931770,1,0.000000,0,0,0
2018-06-04T09:00:00,41.860104,41.860104,26.928152,1,0.000000,0,0,0
2018-06-04T10:00:00,40.314377,40.314377,26.924530,1,0.000000,0,0,0
2018-06-04T11:00:00,35.045478,35.045478,26.920904,1,0.000000,0,0,0
2018-06-04T12:00:00,34.034440,34.034440,26.917274,1,0.000000,0,0,0
2018-06-04T13:00:00,33.032046,33.032046,26.913640,1,0.000000,0,0,0
2018-06-04T14:00:00,40.672472,40.672472,26.910002,3,0.000000,0,0,0
2018-06-04T15:00:00,38.561994,38.561994,26.906360,3,0.000000,0,0,0
2018-06-04T16:00:00,37.502221,37.502221,26.902714,3,0.000000,0,0,0
2018-06-04T17:00:00,20.470362,20.470362,26.899064,0,0.000000,0,0,0
2018-06-04T18:00:00,20.499921,20.499921,26.895410,0,0.000000,0,0,0
2018-06-04T19:00:00,23.149101,23.149101,26.891752,0,0.000000,0,0,0
2018-06-04T20:00:00,25.302553,25.302553,26.888090,0,0.000000,0,0,0
2018-06-04T21:00:00,25.670582,25.670582,26.884424,0,0.000000,0,0,0
2018-06-04T22:00:00,24.663173,24.663173,26.880754,0,0.000000,0,0,0
2018-06-04T23:00:00,36.658032,36.658032,26.877080,1,0.000000,0,0,0
2018-06-05T00:00:00,37.065010,37.065010,26.873402,1,0.000000,0,0,0
2018-06-05T01:00:00,39.951655,39.951655,26.869720,1,0.000000,0,0,0
2018-06-05T02:00:00,31.618836,31.618836,26.866034,1,0.000000,0,0,0
2018-06-05T03:00:00,21.642070,21.642070,26.862344,2,0.000000,0,0,0
2018-06-05T04:00:00,25.291133,25.291133,26.858650,2,0.000000,0,0,0
2018-06-05T05:00:00,22.019446,22.019446,26.854952,2,0.000000,0,0,0
2018-06-05T06:00:00,26.244431,26.244431,26.851250,2,0.000000,0,0,0
2018-06-05T07:00:00,30.708434,30.708434,26.847544,2,0.000000,0,0,0
2018-06-05T08:00:00,28.900065,28.900065,26.843834,2,0.000000,0,0,0
2018-06-05T09:00:00,28.324586,28.324586,26.840120,2,0.000000,0,0,0
2018-06-05T10:00:00,26.256175,26.256175,26.836402,2,0.000000,0,0,0
2018-06-05T11:00:00,25.653649,25.653649,26.832680,2,0.000000,0,0,0
2018-06-05T12:00:00,37.493646,37.493646,26.828954,1,0.000000,0,0,0
2018-06-05T13:00:00,36.321441,36.321441,26.825224,1,0.000000,0,0,0
2018-06-05T14:00:00,37.130724,37.130724,26.821490,1,0.000000,0,0,0
2018-06-05T15:00:00,36.678551,36.678551,26.817752,1,0.000000,0,0,0
2018-06-05T16:00:00,21.220093,21.220093,26.814010,2,0.000000,0,0,0
2018-06-05T17:00:00,20.021880,20.021880,26.810264,2,0.000000,0,0,0
2018-06-05T18:00:00,19.175440,19.175440,26.806514,2,0.000000,0,0,0
2018-06-05T19:00:00,18.417933,18.417933,26.802760,2,0.000000,0,0,0
2018-06-05T20:00:00,26.923458,26.923458,26.799002,0,0.000000,0,0,0
2018-06-05T21:00:00,24.653125,24.653125,26.795240,0,0.000000,0,0,0
2018-06-05T22:00:00,26.592094,26.592094,26.791474,0,0.000000,0,0,0
2018-06-05T23:00:00,28.162651,28.162651,26.787704,0,0.000000,0,0,0
2018-06-06T00:00:00,28.318411,28.318411,26.783930,0,0.000000,0,0,0
2018-06-06T01:00:00,31.689149,31.689149,26.780152,0,0.000000,0,0,0
2018-06-06T02:00:00,26.952140,26.952140,26.776370,0,0.000000,0,0,0
2018-06-06T03:00:00,29.118675,29.118675,26.772584,0,0.000000,0,0,0
2018-06-06T04:00:00,30.710384,30.710384,26.768794,0,0.000000,0,0,0
2018-06-06T05:00:00,26.470147,26.470147,26.765000,2,0.000000,0,0,0
2018-06-06T06:00:00,24.050602,24.050602,26.761202,2,0.000000,0,0,0
2018-06-06T07:00:00,22.174838,22.174838,26.757400,2,0.000000,0,0,0
2018-06-06T08:00:00,22.704752,22.704752,26.753594,2,0.000000,0,0,0
2018-06-06T09:00:00,22.119840,22.119840,26.749784,2,0.000000,0,0,0
2018-06-06T10:00:00,21.931454,21.931454,26.745970,2,0.000000,0,0,0
2018-06-06T11:00:00,22.565506,22.565506,26.742152,2,0.000000,0,0,0
2018-06-06T12:00:00,19.566309,19.566309,26.738330,2,0.000000,0,0,0
2018-06-06T13:00:00,31.658173,31.658173,26.734504,1,0.000000,0,0,0
2018-06-06T14:00:00,29.781992,29.781992,26.730674,1,0.000000,0,0,0
2018-06-06T15:00:00,28.923142,28.923142,26.726840,1,0.000000,0,0,0
2018-06-06T16:00:00,30.650499,30.650499,26.723002,1,0.000000,0,0,0
2018-06-06T17:00:00,30.789756,30.789756,26.719160,1,0.000000,0,0,0
2018-06-06T18:00:00,29.134984,29.134984,26.715314,1,0.000000,0,0,0
2018-06-06T19:00:00,27.503185,27.503185,26.711464,1,0.000000,0,0,0
2018-06-06T20:00:00,32.205489,32.205489,26.707610,1,0.000000,0,0,0
2018-06-06T21:00:00,30.328585,30.328585,26.703752,1,0.000000,0,0,0
2018-06-06T22:00:00,29.686957,29.686957,26.699890,1,0.000000,0,0,0
2018-06-06T23:00:00,23.578957,23.578957,26.696024,0,0.000000,0,0,0
2018-06-07T00:00:00,27.063069,27.063069,26.692154,0,0.000000,0,0,0
2018-06-07T01:00:00,27.630098,27.630098,26.688280,0,0.000000,0,0,0
2018-06-07T02:00:00,25.281732,25.281732,26.684402,0,0.000000,0,0,0
2018-06-07T03:00:00,30.038857,30.038857,26.680520,0,0.000000,0,0,0
2018-06-07T04:00:00,28.670322,28.670322,26.676634,0,0.000000,0,0,0
2018-06-07T05:00:00,29.112429,29.112429,26.672744,0,0.000000,0,0,0
2018-06-07T06:00:00,28.624273,28.624273,26.668850,0,0.000000,0,0,0
2018-06-07T07:00:00,27.990268,27.990268,26.664952,0,0.000000,0,0,0
2018-06-07T08:00:00,22.971672,22.971672,26.661050,0,0.000000,0,0,0
2018-06-07T09:00:00,28.674236,28.674236,26.657144,0,0.000000,0,0,0
2018-06-07T10:00:00,26.950286,26.950286,26.653234,0,0.000000,0,0,0
2018-06-07T11:00:00,23.127468,23.127468,26.649320,0,0.000000,0,0,0
2018-06-07T12:00:00,20.886671,20.886671,26.645402,0,0.000000,0,0,0
2018-06-07T13:00:00,20.317396,20.317396,26.641480,0,0.000000,0,0,0
2018-06-07T14:00:00,20.717210,20.717210,26.637554,0,0.000000,0,0,0
2018-06-07T15:00:00,18.132990,18.132990,26.633624,0,0.000000,0,0,0
2018-06-07T16:00:00,16.920307,16.920307,26.629690,0,0.000000,0,0,0
2018-06-07T17:00:00,17.212872,17.212872,26.625752,0,0.000000,0,0,0
2018-06-07T18:00:00,18.622507,18.622507,26.621810,0,0.000000,0,0,0
2018-06-07T19:00:00,19.945775,19.945775,26.617864,0,0.000000,0,0,0
2018-06-07T20:00:00,22.308749,22.308749,26.613914,0,0.000000,0,0,0
2018-06-07T21:00:00,23.050981,23.050981,26.609960,0,0.000000,0,0,0
2018-06-07T22:00:00,22.559874,22.559874,26.606002,0,0.000000,0,0,0
2018-06-07T23:00:00,33.164633,33.164633,26.602040,1,0.000000,0,0,0
2018-06-08T00:00:00,34.793780,34.793780,26.598074,1,0.000000,0,0,0
2018-06-08T01:00:00,36.866866,36.866866,26.594104,1,0.000000,0,0,0
2018-06-08T02:00:00,38.038968,38.038968,26.590130,1,0.000000,0,0,0
2018-06-08T03:00:00,40.499483,40.499483,26.586152,1,0.000000,0,0,0
2018-06-08T04:00:00,39.682331,39.682331,26.582170,1,0.000000,0,0,0
2018-06-08T05:00:00,37.076952,37.076952,26.578184,1,0.000000,0,0,0
2018-06-08T06:00:00,21.696861,21.696861,26.574194,2,0.000000,0,0,0
2018-06-08T07:00:00,18.876526,18.876526,26.570200,2,0.000000,0,0,0
2018-06-08T08:00:00,17.117436,17.117436,26.566202,2,0.000000,0,0,0
2018-06-08T09:00:00,15.093710,15.093710,26.562200,2,0.000000,0,0,0
2018-06-08T10:00:00,21.587168,21.587168,26.558194,0,0.000000,0,0,0
2018-06-08T11:00:00,21.436842,21.436842,26.554184,0,0.000000,0,0,0
2018-06-08T12:00:00,19.376988,19.376988,26.550170,0,0.000000,0,0,0
2018-06-08T13:00:00,24.368463,24.368463,26.546152,1,0.000000,0,0,0
2018-06-08T14:00:00,24.698418,24.698418,26.542130,1,0.000000,0,0,0
2018-06-08T15:00:00,23.763261,23.763261,26.538104,1,0.000000,0,0,0
2018-06-08T16:00:00,22.982724,22.982724,26.534074,1,0.000000,0,0,0
2018-06-08T17:00:00,23.725934,23.725934,26.530040,1,0.000000,0,0,0
2018-06-08T18:00:00,25.940744,25.940744,26.526002,1,0.000000,0,0,0
2018-06-08T19:00:00,26.007073,26.007073,26.521960,1,0.000000,0,0,0
2018-06-08T20:00:00,23.942811,23.942811,26.517914,1,0.000000,0,0,0
2018-06-08T21:00:00,20.256374,20.256374,26.513864,1,0.000000,0,0,0
2018-06-08T22:00:00,26.145268,26.145268,26.509810,1,0.000000,0,0,0
2018-06-08T23:00:00,28.580323,28.580323,26.505752,1,0.000000,0,0,0
2018-06-09T00:00:00,33.428314,33.428314,26.501690,1,0.000000,0,0,0
2018-06-09T01:00:00,32.431775,32.431775,26.497624,1,0.000000,0,0,0
2018-06-09T02:00:00,29.484930,29.484930,26.493554,1,0.000000,0,0,0
2018-06-09T03:00:00,20.337885,20.337885,26.489480,1,0.000000,0,0,0
2018-06-09T04:00:00,27.895108,27.895108,26.485402,1,0.000000,0,0,0
2018-06-09T05:00:00,-9.127816,-9.127816,26.481320,2,-29.621495,0,0,1
2018-06-09T06:00:00,18.189700,18.189700,26.477234,3,-25.144594,0,0,1
2018-06-09T07:00:00,7.536662,7.536662,26.473144,3,-21.344318,0,0,1
2018-06-09T08:00:00,19.019546,19.019546,26.469050,3,-18.118404,0,0,1
2018-06-09T09:00:00,35.367298,35.367298,26.464952,3,-15.380045,0,0,1
2018-06-09T10:00:00,27.526186,27.526186,26.460850,1,-13.055552,0,0,1
2018-06-09T11:00:00,18.441999,18.441999,26.456744,1,-11.082377,0,0,1
2018-06-09T12:00:00,17.502197,17.502197,26.452634,1,-9.407421,0,0,1
2018-06-09T13:00:00,19.172222,19.172222,26.448520,1,-7.985612,0,0,1
2018-06-09T14:00:00,20.045195,20.045195,26.444402,1,-6.778692,0,0,0
2018-06-09T15:00:00,21.058549,21.058549,26.440280,1,-5.754181,0,0,0
2018-06-09T16:00:00,21.167176,21.167176,26.436154,1,-4.884512,0,0,0
2018-06-09T17:00:00,21.910695,21.910695,26.432024,1,-4.146282,0,0,0
2018-06-09T18:00:00,23.377454,23.377454,26.427890,1,-3.519626,0,0,0
2018-06-09T19:00:00,26.127765,26.127765,26.423752,1,-2.987680,0,0,0
2018-06-09T20:00:00,25.526480,25.526480,26.419610,1,0.000000,0,0,0
2018-06-09T21:00:00,26.650665,26.650665,26.415464,1,0.000000,0,0,0
2018-06-09T22:00:00,25.695257,25.695257,26.411314,1,0.000000,0,0,0
2018-06-09T23:00:00,27.488243,27.488243,26.407160,1,0.000000,0,0,0
2018-06-10T00:00:00,31.049889,31.049889,26.403002,1,0.000000,0,0,0
2018-06-10T01:00:00,35.095797,35.095797,26.398840,1,0.000000,0,0,0
2018-06-10T02:00:00,36.795301,36.795301,26.394674,1,0.000000,0,0,0
2018-06-10T03:00:00,38.455567,38.455567,26.390504,1,0.000000,0,0,0
2018-06-10T04:00:00,35.214897,35.214897,26.386330,1,0.000000,0,0,0
2018-06-10T05:00:00,26.215549,26.215549,26.382152,0,0.000000,0,0,0
2018-06-10T06:00:00,28.175901,28.175901,26.377970,0,0.000000,0,0,0
2018-06-10T07:00:00,28.246469,28.246469,26.373784,0,0.000000,0,0,0
2018-06-10T08:00:00,29.412468,29.412468,26.369594,0,0.000000,0,0,0
2018-06-10T09:00:00,28.727059,28.727059,26.365400,0,0.000000,0,0,0
2018-06-10T10:00:00,27.662369,27.662369,26.361202,0,0.000000,0,0,0
2018-06-10T11:00:00,30.904467,30.904467,26.357000,0,0.000000,0,0,0
2018-06-10T12:00:00,24.560788,24.560788,26.352794,0,0.000000,0,0,0
2018-06-10T13:00:00,25.000150,25.000150,26.348584,0,0.000000,0,0,0
2018-06-10T14:00:00,20.513873,20.513873,26.344370,0,0.000000,0,0,0
2018-06-10T15:00:00,22.404729,22.404729,26.340152,0,0.000000,0,0,0
2018-06-10T16:00:00,11.802632,11.802632,26.335930,0,-12.252076,0,0,1
2018-06-10T17:00:00,16.042396,16.042396,26.331704,0,-9.204325,0,0,1
2018-06-10T18:00:00,17.835153,17.835153,26.327474,0,-6.914713,0,0,0
2018-06-10T19:00:00,18.743932,18.743932,26.323240,0,-5.194652,0,0,0
2018-06-10T20:00:00,22.223817,22.223817,26.319002,0,-3.902462,0,0,0
2018-06-10T21:00:00,26.120797,26.120797,26.314760,0,-2.931709,0,0,0
2018-06-10T22:00:00,24.376247,24.376247,26.310514,0,-2.202435,0,0,0
2018-06-10T23:00:00,26.286208,26.286208,26.306264,0,0.000000,0,0,0
2018-06-11T00:00:00,26.005028,26.005028,26.302010,0,0.000000,0,0,0
2018-06-11T01:00:00,29.902016,29.902016,26.297752,0,0.000000,0,0,0
2018-06-11T02:00:00,29.262460,29.262460,26.293490,0,0.000000,0,0,0
2018-06-11T03:00:00,28.395766,28.395766,26.289224,0,0.000000,0,0,0
2018-06-11T04:00:00,28.852175,28.852175,26.284954,0,0.000000,0,0,0
2018-06-11T05:00:00,30.471287,30.471287,26.280680,0,0.000000,0,0,0
2018-06-11T06:00:00,33.257240,33.257240,26.276402,0,0.000000,0,0,0
2018-06-11T07:00:00,35.374014,35.374014,26.272120,0,0.000000,0,0,0
2018-06-11T08:00:00,34.501415,34.501415,26.267834,0,0.000000,0,0,0
2018-06-11T09:00:00,38.970163,38.970163,26.263544,0,0.000000,0,0,0
2018-06-11T10:00:00,34.682074,34.682074,26.259250,0,0.000000,0,0,0
2018-06-11T11:00:00,33.714527,33.714527,26.254952,0,0.000000,0,0,0
2018-06-11T12:00:00,28.617688,28.617688,26.250650,0,0.000000,0,0,0
2018-06-11T13:00:00,35.969808,35.969808,26.246344,3,0.000000,0,0,0
2018-06-11T14:00:00,34.591262,34.591262,26.242034,3,0.000000,0,0,0
2018-06-11T15:00:00,40.929512,40.929512,26.237720,3,0.000000,0,0,0
2018-06-11T16:00:00,56.181309,56.181309,26.233402,3,0.000000,0,0,0
2018-06-11T17:00:00,43.173111,43.173111,26.229080,3,0.000000,0,0,0
2018-06-11T18:00:00,45.581384,45.581384,26.224754,3,0.000000,0,0,0
2018-06-11T19:00:00,40.835361,40.835361,26.220424,3,0.000000,0,0,0
2018-06-11T20:00:00,44.042624,44.042624,26.216090,3,0.000000,0,0,0
2018-06-11T21:00:00,43.957351,43.957351,26.211752,3,0.000000,0,0,0
2018-06-11T22:00:00,46.604106,46.604106,26.207410,3,0.000000,0,0,0
2018-06-11T23:00:00,45.270389,45.270389,26.203064,3,0.000000,0,0,0
2018-06-12T00:00:00,43.307198,43.307198,26.198714,3,0.000000,0,0,0
2018-06-12T01:00:00,38.868641,38.868641,26.194360,3,0.000000,0,0,0
2018-06-12T02:00:00,48.955264,48.955264,26.190002,3,0.000000,0,0,0
2018-06-12T03:00:00,53.923258,53.923258,26.185640,3,0.000000,0,0,0
2018-06-12T04:00:00,38.634217,38.634217,26.181274,3,0.000000,0,0,0
2018-06-12T05:00:00,40.388100,40.388100,26.176904,3,0.000000,0,0,0
2018-06-12T06:00:00,42.625235,42.625235,26.172530,3,0.000000,0,0,0
2018-06-12T07:00:00,55.358919,55.358919,26.168152,3,0.000000,0,0,0
2018-06-12T08:00:00,60.019972,60.019972,26.163770,3,0.000000,0,0,0
2018-06-12T09:00:00,58.943125,58.943125,26.159384,3,0.000000,0,0,0
2018-06-12T10:00:00,52.022162,52.022162,26.154994,3,0.000000,0,0,0
2018-06-12T11:00:00,43.352302,43.352302,26.150600,3,0.000000,0,0,0
2018-06-12T12:00:00,40.408215,40.408215,26.146202,3,0.000000,0,0,0
2018-06-12T13:00:00,37.735077,37.735077,26.141800,3,0.000000,0,0,0
2018-06-12T14:00:00,41.690820,41.690820,26.137394,3,0.000000,0,0,0
2018-06-12T15:00:00,41.524606,41.524606,26.132984,3,0.000000,0,0,0
2018-06-12T16:00:00,43.313932,43.313932,26.128570,3,0.000000,0,0,0
2018-06-12T17:00:00,33.716899,33.716899,26.124152,1,0.000000,0,0,0
2018-06-12T18:00:00,30.775972,30.775972,26.119730,1,0.000000,0,0,0
2018-06-12T19:00:00,23.694773,23.694773,26.115304,0,0.000000,0,0,0
2018-06-12T20:00:00,25.489979,25.489979,26.110874,0,0.000000,0,0,0
2018-06-12T21:00:00,27.555150,27.555150,26.106440,0,0.000000,0,0,0
2018-06-12T22:00:00,27.680862,27.680862,26.102002,0,0.000000,0,0,0
2018-06-12T23:00:00,33.057883,33.057883,26.097560,0,0.000000,0,0,0
2018-06-13T00:00:00,33.163017,33.163017,26.093114,0,0.000000,0,0,0
2018-06-13T01:00:00,33.945491,33.945491,26.088664,0,0.000000,0,0,0
2018-06-13T02:00:00,26.522752,26.522752,26.084210,2,0.000000,0,0,0
2018-06-13T03:00:00,25.163591,25.163591,26.079752,2,0.000000,0,0,0
2018-06-13T04:00:00,23.200806,23.200806,26.075290,2,0.000000,0,0,0
2018-06-13T05:00:00,21.526648,21.526648,26.070824,2,0.000000,0,0,0
2018-06-13T06:00:00,22.243543,22.243543,26.066354,2,0.000000,0,0,0
2018-06-13T07:00:00,22.596828,22.596828,26.061880,2,0.000000,0,0,0
2018-06-13T08:00:00,20.592358,20.592358,26.057402,2,0.000000,0,0,0
2018-06-13T09:00:00,21.575913,21.575913,26.052920,2,0.000000,0,0,0
2018-06-13T10:00:00,21.727646,21.727646,26.048434,2,0.000000,0,0,0
2018-06-13T11:00:00,18.854259,18.854259,26.043944,2,0.000000,0,0,0
2018-06-13T12:00:00,20.386029,20.386029,26.039450,2,0.000000,0,0,0
2018-06-13T13:00:00,18.816214,18.816214,26.034952,2,0.000000,0,0,0
2018-06-13T14:00:00,17.972409,17.972409,26.030450,2,0.000000,0,0,0
2018-06-13T15:00:00,16.215016,16.215016,26.025944,2,0.000000,0,0,0
2018-06-13T16:00:00,15.375238,15.375238,26.021434,2,0.000000,0,0,0
2018-06-13T17:00:00,15.146450,15.146450,26.016920,2,0.000000,0,0,0
2018-06-13T18:00:00,15.117212,15.117212,26.012402,2,0.000000,0,0,0
2018-06-13T19:00:00,15.368538,15.368538,26.007880,2,0.000000,0,0,0
2018-06-13T20:00:00,16.976678,16.976678,26.003354,2,0.000000,0,0,0
2018-06-13T21:00:00,21.255626,21.255626,25.998824,2,0.000000,0,0,0
2018-06-13T22:00:00,23.804579,23.804579,25.994290,2,0.000000,0,0,0
2018-06-13T23:00:00,54.918931,54.918931,25.989752,2,30.048958,0,0,1
2018-06-14T00:00:00,49.617030,49.617030,25.985210,2,24.653937,0,0,1
2018-06-14T01:00:00,43.646532,43.646532,25.980664,2,20.227544,0,0,1
2018-06-14T02:00:00,38.854523,38.854523,25.976114,2,16.595870,0,0,1
2018-06-14T03:00:00,45.954574,45.954574,25.971560,1,13.616230,0,0,1
2018-06-14T04:00:00,41.804002,41.804002,25.967002,1,11.171558,0,0,1
2018-06-14T05:00:00,36.606245,36.606245,25.962440,1,0.000000,0,0,0
2018-06-14T06:00:00,37.934409,37.934409,25.957874,1,0.000000,0,0,0
2018-06-14T07:00:00,35.375170,35.375170,25.953304,1,0.000000,0,0,0
2018-06-14T08:00:00,30.555534,30.555534,25.948730,1,0.000000,0,0,0
2018-06-14T09:00:00,28.654111,28.654111,25.944152,1,0.000000,0,0,0
2018-06-14T10:00:00,30.091138,30.091138,25.939570,1,0.000000,0,0,0
2018-06-14T11:00:00,30.107257,30.107257,25.934984,1,0.000000,0,0,0
2018-06-14T12:00:00,30.406436,30.406436,25.930394,1,0.000000,0,0,0
2018-06-14T13:00:00,27.150054,27.150054,25.925800,1,0.000000,0,0,0
2018-06-14T14:00:00,26.579557,26.579557,25.921202,1,0.000000,0,0,0
2018-06-14T15:00:00,25.379764,25.379764,25.916600,1,0.000000,0,0,0
2018-06-14T16:00:00,25.465113,25.465113,25.911994,1,0.000000,0,0,0
2018-06-14T17:00:00,21.542097,21.542097,25.907384,1,0.000000,0,0,0
2018-06-14T18:00:00,16.770537,16.770537,25.902770,0,0.000000,0,0,0
2018-06-14T19:00:00,17.523653,17.523653,25.898152,0,0.000000,0,0,0
2018-06-14T20:00:00,18.857123,18.857123,25.893530,0,0.000000,0,0,0
2018-06-14T21:00:00,20.818469,20.818469,25.888904,0,0.000000,0,0,0
2018-06-14T22:00:00,21.556046,21.556046,25.884274,0,0.000000,0,0,0
2018-06-14T23:00:00,22.955011,22.955011,25.879640,0,0.000000,0,0,0
2018-06-15T00:00:00,27.795072,27.795072,25.875002,0,0.000000,0,0,0
2018-06-15T01:00:00,26.606148,26.606148,25.870360,0,0.000000,0,0,0
2018-06-15T02:00:00,28.286363,28.286363,25.865714,0,0.000000,0,0,0
2018-06-15T03:00:00,26.767713,26.767713,25.861064,0,0.000000,0,0,0
2018-06-15T04:00:00,31.277726,31.277726,25.856410,1,0.000000,0,0,0
2018-06-15T05:00:00,33.006385,33.006385,25.851752,1,0.000000,0,0,0
2018-06-15T06:00:00,34.568285,34.568285,25.847090,1,0.000000,0,0,0
2018-06-15T07:00:00,30.440121,30.440121,25.842424,0,0.000000,0,0,0
2018-06-15T08:00:00,28.793095,28.793095,25.837754,0,0.000000,0,0,0
2018-06-15T09:00:00,25.495626,25.495626,25.833080,0,0.000000,0,0,0
2018-06-15T10:00:00,26.693623,26.693623,25.828402,0,0.000000,0,0,0
2018-06-15T11:00:00,25.142634,25.142634,25.823720,0,0.000000,0,0,0
2018-06-15T12:00:00,17.583045,17.583045,25.819034,0,-7.534546,0,0,0
2018-06-15T13:00:00,34.119459,34.119459,25.814344,3,-5.843856,0,0,0
2018-06-15T14:00:00,38.811898,38.811898,25.809650,3,-4.532542,0,0,0
2018-06-15T15:00:00,26.767453,26.767453,25.804952,3,-3.515477,0,0,0
2018-06-15T16:00:00,22.174866,22.174866,25.800250,3,-2.726633,0,0,0
2018-06-15T17:00:00,21.842750,21.842750,25.795544,3,-2.114799,0,0,0
2018-06-15T18:00:00,31.252266,31.252266,25.790834,3,-1.640255,0,0,0
2018-06-15T19:00:00,26.735689,26.735689,25.786120,3,-1.272195,0,0,0
2018-06-15T20:00:00,30.740993,30.740993,25.781402,3,-0.986725,0,0,0
2018-06-15T21:00:00,28.411921,28.411921,25.776680,3,-0.765312,0,0,0
2018-06-15T22:00:00,28.849909,28.849909,25.771954,3,-0.593582,0,0,0
2018-06-15T23:00:00,37.309991,37.309991,25.767224,3,-0.460387,0,0,0
2018-06-16T00:00:00,37.940022,37.940022,25.762490,3,-0.357080,0,0,0
2018-06-16T01:00:00,30.236249,30.236249,25.757752,3,-0.276954,0,0,0
2018-06-16T02:00:00,29.876003,29.876003,25.753010,3,-0.214808,0,0,0
2018-06-16T03:00:00,63.512398,63.512398,25.748264,3,-0.166607,0,0,0
2018-06-16T04:00:00,64.541341,64.541341,25.743514,3,0.000000,0,0,0
2018-06-16T05:00:00,29.810093,29.810093,25.738760,2,0.000000,0,0,0
2018-06-16T06:00:00,23.179800,23.179800,25.734002,2,0.000000,0,0,0
2018-06-16T07:00:00,21.806611,21.806611,25.729240,2,0.000000,0,0,0
2018-06-16T08:00:00,-4.186524,-4.186524,25.724474,2,-26.877303,0,0,1
2018-06-16T09:00:00,7.228313,7.228313,25.719704,2,-17.687326,0,0,1
2018-06-16T10:00:00,11.110407,11.110407,25.714930,2,-11.639616,0,0,1
2018-06-16T11:00:00,10.202643,10.202643,25.710152,2,-7.659760,0,0,1
2018-06-16T12:00:00,11.428528,11.428528,25.705370,2,-5.040709,0,0,0
2018-06-16T13:00:00,13.956489,13.956489,25.700584,2,-3.317173,0,0,0
2018-06-16T14:00:00,28.503641,28.503641,25.695794,1,-2.182954,0,0,0
2018-06-16T15:00:00,46.453304,46.453304,25.691000,1,0.000000,0,0,0
2018-06-16T16:00:00,39.709205,39.709205,25.691000,1,0.000000,0,0,0
2018-06-16T17:00:00,31.414731,31.414731,25.693002,1,0.000000,0,0,0
2018-06-16T18:00:00,23.158462,23.158462,25.695008,1,0.000000,0,0,0
2018-06-16T19:00:00,24.531583,24.531583,25.697018,1,0.000000,0,0,0
2018-06-16T20:00:00,26.010411,26.010411,25.699032,1,0.000000,0,0,0
2018-06-16T21:00:00,27.823234,27.823234,25.701050,1,0.000000,0,0,0
2018-06-16T22:00:00,32.364748,32.364748,25.703072,1,0.000000,0,0,0
2018-06-16T23:00:00,35.617835,35.617835,25.705098,1,0.000000,0,0,0
2018-06-17T00:00:00,32.891822,32.891822,25.707128,1,0.000000,0,0,0
2018-06-17T01:00:00,34.778905,34.778905,25.709162,1,0.000000,0,0,0
2018-06-17T02:00:00,40.123788,40.123788,25.711200,1,0.000000,0,0,0
2018-06-17T03:00:00,38.795050,38.795050,25.713242,0,0.000000,0,0,0
2018-06-17T04:00:00,36.555109,36.555109,25.715288,0,0.000000,0,0,0
2018-06-17T05:00:00,34.253393,34.253393,25.717338,0,0.000000,0,0,0
2018-06-17T06:00:00,35.194262,35.194262,25.719392,0,0.000000,0,0,0
2018-06-17T07:00:00,33.756369,33.756369,25.721450,0,0.000000,0,0,0
2018-06-17T08:00:00,32.096655,32.096655,25.723512,0,0.000000,0,0,0
2018-06-17T09:00:00,31.424163,31.424163,25.725578,0,0.000000,0,0,0
2018-06-17T10:00:00,32.822256,32.822256,25.727648,0,0.000000,0,0,0
2018-06-17T11:00:00,30.661728,30.661728,25.729722,0,0.000000,0,0,0
2018-06-17T12:00:00,29.064084,29.064084,25.731800,0,0.000000,0,0,0
2018-06-17T13:00:00,29.080837,29.080837,25.733882,0,0.000000,0,0,0
2018-06-17T14:00:00,25.165686,25.165686,25.735968,0,0.000000,0,0,0
2018-06-17T15:00:00,22.797273,22.797273,25.738058,0,0.000000,0,0,0
2018-06-17T16:00:00,20.973519,20.973519,25.740152,0,0.000000,0,0,0
2018-06-17T17:00:00,20.047005,20.047005,25.742250,0,0.000000,0,0,0
2018-06-17T18:00:00,22.323251,22.323251,25.744352,0,0.000000,0,0,0
2018-06-17T19:00:00,24.140000,24.140000,25.746458,0,0.000000,0,0,0
2018-06-17T20:00:00,23.156862,23.156862,25.748568,0,0.000000,0,0,0
2018-06-17T21:00:00,21.332346,21.332346,25.750682,0,0.000000,0,0,0
2018-06-17T22:00:00,21.486034,21.486034,25.752800,0,0.000000,0,0,0
2018-06-17T23:00:00,21.932131,21.932131,25.754922,0,0.000000,0,0,0
2018-06-18T00:00:00,23.325413,23.325413,25.757048,0,0.000000,0,0,0
2018-06-18T01:00:00,26.181427,26.181427,25.759178,0,0.000000,0,0,0
2018-06-18T02:00:00,25.772801,25.772801,25.761312,0,0.000000,0,0,0
2018-06-18T03:00:00,24.548799,24.548799,25.763450,0,0.000000,0,0,0
2018-06-18T04:00:00,29.172033,29.172033,25.765592,0,0.000000,0,0,0
2018-06-18T05:00:00,31.792656,31.792656,25.767738,0,0.000000,0,0,0
2018-06-18T06:00:00,33.367716,33.367716,25.769888,0,0.000000,0,0,0
2018-06-18T07:00:00,38.078737,38.078737,25.772042,0,0.000000,0,0,0
2018-06-18T08:00:00,39.311052,39.311052,25.774200,0,0.000000,0,0,0
2018-06-18T09:00:00,39.558062,39.558062,25.776362,0,0.000000,0,0,0
2018-06-18T10:00:00,32.978071,32.978071,25.778528,0,0.000000,0,0,0
2018-06-18T11:00:00,31.344442,31.344442,25.780698,0,0.000000,0,0,0
2018-06-18T12:00:00,32.137529,32.137529,25.782872,0,0.000000,0,0,0
2018-06-18T13:00:00,32.172410,32.172410,25.785050,0,0.000000,0,0,0
2018-06-18T14:00:00,30.708651,30.708651,25.787232,0,0.000000,0,0,0
2018-06-18T15:00:00,26.030353,26.030353,25.789418,0,0.000000,0,0,0
2018-06-18T16:00:00,21.549854,21.549854,25.791608,0,0.000000,0,0,0
2018-06-18T17:00:00,22.085036,22.085036,25.793802,0,0.000000,0,0,0
2018-06-18T18:00:00,24.498831,24.498831,25.796000,0,0.000000,0,0,0
2018-06-18T19:00:00,23.697207,23.697207,25.798202,0,0.000000,0,0,0
2018-06-18T20:00:00,22.840391,22.840391,25.800408,0,0.000000,0,0,0
2018-06-18T21:00:00,24.604547,24.604547,25.802618,0,0.000000,0,0,0
2018-06-18T22:00:00,25.540347,25.540347,25.804832,0,0.000000,0,0,0
2018-06-18T23:00:00,26.250931,26.250931,25.807050,0,0.000000,0,0,0
2018-06-19T00:00:00,25.148664,25.148664,25.809272,0,0.000000,0,0,0
2018-06-19T01:00:00,24.492356,24.492356,25.811498,0,0.000000,0,0,0
2018-06-19T02:00:00,25.299424,25.299424,25.813728,0,0.000000,0,0,0
2018-06-19T03:00:00,26.874900,26.874900,25.815962,0,0.000000,0,0,0
2018-06-19T04:00:00,31.037692,31.037692,25.818200,0,0.000000,0,0,0
2018-06-19T05:00:00,34.130278,34.130278,25.820442,0,0.000000,0,0,0
2018-06-19T06:00:00,35.462159,35.462159,25.822688,0,0.000000,0,0,0
2018-06-19T07:00:00,43.690776,43.690776,25.824938,0,0.000000,0,0,0
2018-06-19T08:00:00,31.166311,31.166311,25.827192,0,0.000000,0,0,0
2018-06-19T09:00:00,29.648027,29.648027,25.829450,0,0.000000,0,0,0
2018-06-19T10:00:00,30.751557,30.751557,25.831712,0,0.000000,0,0,0
2018-06-19T11:00:00,31.939999,31.939999,25.833978,0,0.000000,0,0,0
2018-06-19T12:00:00,31.851159,31.851159,25.836248,0,0.000000,0,0,0
2018-06-19T13:00:00,33.566253,33.566253,25.838522,0,0.000000,0,0,0
2018-06-19T14:00:00,30.516985,30.516985,25.840800,0,0.000000,0,0,0
2018-06-19T15:00:00,36.570033,36.570033,25.843082,1,0.000000,0,0,0
2018-06-19T16:00:00,28.172120,28.172120,25.845368,0,0.000000,0,0,0
2018-06-19T17:00:00,22.660611,22.660611,25.847658,0,0.000000,0,0,0
2018-06-19T18:00:00,24.050127,24.050127,25.849952,0,0.000000,0,0,0
2018-06-19T19:00:00,23.535469,23.535469,25.852250,0,0.000000,0,0,0
2018-06-19T20:00:00,21.558507,21.558507,25.854552,0,0.000000,0,0,0
2018-06-19T21:00:00,24.733769,24.733769,25.856858,0,0.000000,0,0,0
2018-06-19T22:00:00,23.598196,23.598196,25.859168,0,0.000000,0,0,0
2018-06-19T23:00:00,23.637270,23.637270,25.861482,0,0.000000,0,0,0
2018-06-20T00:00:00,26.002815,26.002815,25.863800,0,0.000000,0,0,0
2018-06-20T01:00:00,27.967987,27.967987,25.866122,0,0.000000,0,0,0
2018-06-20T02:00:00,33.516864,33.516864,25.868448,2,10.403541,0,0,1
2018-06-20T03:00:00,33.542176,33.542176,25.870778,2,8.738993,0,0,1
2018-06-20T04:00:00,31.157029,31.157029,25.873112,2,7.340770,0,0,0
2018-06-20T05:00:00,29.565012,29.565012,25.875450,2,6.166260,0,0,0
2018-06-20T06:00:00,30.121020,30.121020,25.877792,2,5.179669,0,0,0
2018-06-20T07:00:00,28.967358,28.967358,25.880138,2,4.350932,0,0,0
2018-06-20T08:00:00,28.734020,28.734020,25.882488,2,3.654790,0,0,0
2018-06-20T09:00:00,29.658085,29.658085,25.884842,2,3.070030,0,0,0
2018-06-20T10:00:00,28.603327,28.603327,25.887200,2,2.578831,0,0,0
2018-06-20T11:00:00,26.861092,26.861092,25.889562,2,0.000000,0,0,0
2018-06-20T12:00:00,25.702164,25.702164,25.891928,2,0.000000,0,0,0
2018-06-20T13:00:00,22.948625,22.948625,25.894298,2,0.000000,0,0,0
2018-06-20T14:00:00,19.815616,19.815616,25.896672,2,0.000000,0,0,0
2018-06-20T15:00:00,29.522232,29.522232,25.899050,1,0.000000,0,0,0
2018-06-20T16:00:00,29.955226,29.955226,25.901432,1,0.000000,0,0,0
2018-06-20T17:00:00,30.930281,30.930281,25.903818,1,0.000000,0,0,0
2018-06-20T18:00:00,32.559336,32.559336,25.906208,1,0.000000,0,0,0
2018-06-20T19:00:00,29.343373,29.343373,25.908602,1,0.000000,0,0,0
2018-06-20T20:00:00,19.675398,19.675398,25.911000,0,0.000000,0,0,0
2018-06-20T21:00:00,21.238646,21.238646,25.913402,0,0.000000,0,0,0
2018-06-20T22:00:00,22.542337,22.542337,25.915808,0,0.000000,0,0,0
2018-06-20T23:00:00,25.975078,25.975078,25.918218,0,0.000000,0,0,0
2018-06-21T00:00:00,44.835364,44.835364,25.920632,3,0.000000,0,0,0
2018-06-21T01:00:00,38.744863,38.744863,25.923050,3,0.000000,0,0,0
2018-06-21T02:00:00,44.107520,44.107520,25.925472,3,0.000000,0,0,0
2018-06-21T03:00:00,40.013472,40.013472,25.927898,3,0.000000,0,0,0
2018-06-21T04:00:00,33.497428,33.497428,25.930328,3,0.000000,0,0,0
2018-06-21T05:00:00,36.151104,36.151104,25.932762,3,0.000000,0,0,0
2018-06-21T06:00:00,31.331569,31.331569,25.935200,3,0.000000,0,0,0
2018-06-21T07:00:00,29.596440,29.596440,25.937642,1,0.000000,0,0,0
2018-06-21T08:00:00,33.665120,33.665120,25.940088,1,0.000000,0,0,0
2018-06-21T09:00:00,35.332951,35.332951,25.942538,1,0.000000,0,0,0
2018-06-21T10:00:00,44.352791,44.352791,25.944992,1,8.367199,0,0,1
2018-06-21T11:00:00,42.496016,42.496016,25.947450,1,6.130158,0,0,0
2018-06-21T12:00:00,37.504901,37.504901,25.949912,1,4.491208,0,0,0
2018-06-21T13:00:00,22.263501,22.263501,25.952378,2,3.290446,0,0,0
2018-06-21T14:00:00,21.176176,21.176176,25.954848,2,2.410717,0,0,0
2018-06-21T15:00:00,20.310529,20.310529,25.957322,2,1.766191,0,0,0
2018-06-21T16:00:00,19.895727,19.895727,25.959800,2,1.293985,0,0,0
2018-06-21T17:00:00,17.965115,17.965115,25.962282,2,0.948027,0,0,0
2018-06-21T18:00:00,16.360722,16.360722,25.964768,2,0.694564,0,0,0
2018-06-21T19:00:00,14.781022,14.781022,25.967258,2,0.508867,0,0,0
2018-06-21T20:00:00,13.902164,13.902164,25.969752,2,0.372817,0,0,0
2018-06-21T21:00:00,17.688147,17.688147,25.972250,2,3.353319,0,0,0
2018-06-21T22:00:00,31.284762,31.284762,25.974752,1,2.804700,0,0,0
2018-06-21T23:00:00,30.312941,30.312941,25.977258,1,2.349039,0,0,0
2018-06-22T00:00:00,16.816714,16.816714,25.979768,2,1.862363,0,0,0
2018-06-22T01:00:00,23.531854,23.531854,25.982282,2,1.574807,0,0,0
2018-06-22T02:00:00,22.188656,22.188656,25.984800,2,1.331650,0,0,0
2018-06-22T03:00:00,22.642365,22.642365,25.987322,2,1.126038,0,0,0
2018-06-22T04:00:00,23.473569,23.473569,25.989848,2,0.952173,0,0,0
2018-06-22T05:00:00,22.999099,22.999099,25.992378,2,0.805153,0,0,0
2018-06-22T06:00:00,23.088134,23.088134,25.994912,2,0.680834,0,0,0
2018-06-22T07:00:00,23.308608,23.308608,25.997450,2,0.575711,0,0,0
2018-06-22T08:00:00,23.866895,23.866895,25.999992,2,0.486819,0,0,0
2018-06-22T09:00:00,22.726747,22.726747,26.002538,2,0.411652,0,0,0
2018-06-22T10:00:00,20.905326,20.905326,26.005088,2,0.348091,0,0,0
2018-06-22T11:00:00,20.655777,20.655777,26.007642,2,0.294344,0,0,0
2018-06-22T12:00:00,19.074345,19.074345,26.010200,2,0.248896,0,0,0
2018-06-22T13:00:00,17.790536,17.790536,26.012762,2,0.210466,0,0,0
2018-06-22T14:00:00,15.355673,15.355673,26.015328,2,0.177969,0,0,0
2018-06-22T15:00:00,17.175941,17.175941,26.017898,0,0.000000,0,0,0
2018-06-22T16:00:00,17.569941,17.569941,26.020472,0,0.000000,0,0,0
2018-06-22T17:00:00,20.254678,20.254678,26.023050,0,0.000000,0,0,0
2018-06-22T18:00:00,19.635207,19.635207,26.025632,0,0.000000,0,0,0
2018-06-22T19:00:00,32.582117,32.582117,26.028218,3,0.000000,0,0,0
2018-06-22T20:00:00,33.029726,33.029726,26.030808,3,0.000000,0,0,0
2018-06-22T21:00:00,35.407911,35.407911,26.033402,3,0.000000,0,0,0
2018-06-22T22:00:00,40.959436,40.959436,26.036000,3,0.000000,0,0,0
2018-06-22T23:00:00,43.884645,43.884645,26.038602,3,0.000000,0,0,0
2018-06-23T00:00:00,47.178767,47.178767,26.041208,3,0.000000,0,0,0
2018-06-23T01:00:00,29.419977,29.419977,26.043818,0,0.000000,0,0,0
2018-06-23T02:00:00,30.366982,30.366982,26.046432,0,0.000000,0,0,0
2018-06-23T03:00:00,29.677927,29.677927,26.049050,0,0.000000,0,0,0
2018-06-23T04:00:00,30.966419,30.966419,26.051672,0,0.000000,0,0,0
2018-06-23T05:00:00,31.341699,31.341699,26.054298,0,0.000000,0,0,0
2018-06-23T06:00:00,32.426479,32.426479,26.056928,0,0.000000,0,0,0
2018-06-23T07:00:00,30.349500,30.349500,26.059562,0,0.000000,0,0,0
2018-06-23T08:00:00,29.610937,29.610937,26.062200,0,0.000000,0,0,0
2018-06-23T09:00:00,29.252993,29.252993,26.064842,0,0.000000,0,0,0
2018-06-23T10:00:00,28.043883,28.043883,26.067488,0,0.000000,0,0,0
2018-06-23T11:00:00,28.031161,28.031161,26.070138,0,0.000000,0,0,0
2018-06-23T12:00:00,26.473358,26.473358,26.072792,0,0.000000,0,0,0
2018-06-23T13:00:00,31.668589,31.668589,26.075450,1,0.000000,0,0,0
2018-06-23T14:00:00,26.918862,26.918862,26.078112,1,0.000000,0,0,0
2018-06-23T15:00:00,24.962362,24.962362,26.080778,1,0.000000,0,0,0
2018-06-23T16:00:00,23.215388,23.215388,26.083448,1,0.000000,0,0,0
2018-06-23T17:00:00,28.130756,28.130756,26.086122,1,0.000000,0,0,0
2018-06-23T18:00:00,27.379961,27.379961,26.088800,1,0.000000,0,0,0
2018-06-23T19:00:00,26.580868,26.580868,26.091482,1,0.000000,0,0,0
2018-06-23T20:00:00,24.859679,24.859679,26.094168,1,0.000000,0,0,0
2018-06-23T21:00:00,25.372968,25.372968,26.096858,1,0.000000,0,0,0
2018-06-23T22:00:00,27.820373,27.820373,26.099552,1,0.000000,0,0,0
2018-06-23T23:00:00,34.727012,34.727012,26.102250,1,0.000000,0,0,0
2018-06-24T00:00:00,35.170853,35.170853,26.104952,1,0.000000,0,0,0
2018-06-24T01:00:00,38.475322,38.475322,26.107658,1,0.000000,0,0,0
2018-06-24T02:00:00,38.056597,38.056597,26.110368,1,0.000000,0,0,0
2018-06-24T03:00:00,39.427313,39.427313,26.113082,1,0.000000,0,0,0
2018-06-24T04:00:00,39.418659,39.418659,26.115800,1,0.000000,0,0,0
2018-06-24T05:00:00,41.261978,41.261978,26.118522,1,0.000000,0,0,0
2018-06-24T06:00:00,40.180444,40.180444,26.121248,1,0.000000,0,0,0
2018-06-24T07:00:00,42.336611,42.336611,26.123978,1,0.000000,0,0,0
2018-06-24T08:00:00,42.209118,42.209118,26.126712,0,0.000000,0,0,0
2018-06-24T09:00:00,41.351313,41.351313,26.129450,0,0.000000,0,0,0
2018-06-24T10:00:00,36.730789,36.730789,26.132192,0,0.000000,0,0,0
2018-06-24T11:00:00,32.194247,32.194247,26.134938,0,0.000000,0,0,0
2018-06-24T12:00:00,25.161763,25.161763,26.137688,2,0.000000,0,0,0
2018-06-24T13:00:00,23.480035,23.480035,26.140442,2,0.000000,0,0,0
2018-06-24T14:00:00,20.683018,20.683018,26.143200,2,0.000000,0,0,0
2018-06-24T15:00:00,18.956142,18.956142,26.145962,2,0.000000,0,0,0
2018-06-24T16:00:00,34.504003,34.504003,26.148728,3,0.000000,0,0,0
2018-06-24T17:00:00,54.152213,54.152213,26.151498,3,0.000000,0,0,0
2018-06-24T18:00:00,42.696481,42.696481,26.154272,3,0.000000,0,0,0
2018-06-24T19:00:00,38.934607,38.934607,26.157050,3,0.000000,0,0,0
2018-06-24T20:00:00,30.688516,30.688516,26.159832,3,0.000000,0,0,0
2018-06-24T21:00:00,14.345992,14.345992,26.162618,0,0.000000,0,0,0
2018-06-24T22:00:00,10.210117,10.210117,26.165408,0,-6.934670,0,0,0
2018-06-24T23:00:00,16.110305,16.110305,26.168202,0,-4.584829,0,0,0
2018-06-25T00:00:00,23.098879,23.098879,26.171000,0,-3.031241,0,0,0
2018-06-25T01:00:00,25.626977,25.626977,26.173802,0,-2.004093,0,0,0
2018-06-25T02:00:00,23.383168,23.383168,26.176608,0,-1.324998,0,0,0
2018-06-25T03:00:00,27.313214,27.313214,26.179418,0,-0.876017,0,0,0
2018-06-25T04:00:00,29.893975,29.893975,26.182232,0,-0.579175,0,0,0
2018-06-25T05:00:00,25.097852,25.097852,26.185050,2,-0.382919,0,0,0
2018-06-25T06:00:00,29.581422,29.581422,26.187872,2,0.000000,0,0,0
2018-06-25T07:00:00,31.134157,31.134157,26.190698,2,0.000000,0,0,0
2018-06-25T08:00:00,29.829221,29.829221,26.193528,2,0.000000,0,0,0
2018-06-25T09:00:00,37.355061,37.355061,26.196362,0,0.000000,0,0,0
2018-06-25T10:00:00,39.606688,39.606688,26.199200,0,0.000000,0,0,0
2018-06-25T11:00:00,37.910428,37.910428,26.202042,0,0.000000,0,0,0
2018-06-25T12:00:00,39.208449,39.208449,26.204888,0,0.000000,0,0,0
2018-06-25T13:00:00,36.972393,36.972393,26.207738,0,0.000000,0,0,0
2018-06-25T14:00:00,31.767254,31.767254,26.210592,0,0.000000,0,0,0
2018-06-25T15:00:00,30.329059,30.329059,26.213450,0,0.000000,0,0,0
2018-06-25T16:00:00,33.142836,33.142836,26.216312,0,0.000000,0,0,0
2018-06-25T17:00:00,30.911228,30.911228,26.219178,0,0.000000,0,0,0
2018-06-25T18:00:00,28.438712,28.438712,26.222048,0,0.000000,0,0,0
2018-06-25T19:00:00,24.940095,24.940095,26.224922,0,0.000000,0,0,0
2018-06-25T20:00:00,24.240825,24.240825,26.227800,0,0.000000,0,0,0
2018-06-25T21:00:00,23.399486,23.399486,26.230682,0,0.000000,0,0,0
2018-06-25T22:00:00,24.477372,24.477372,26.233568,0,0.000000,0,0,0
2018-06-25T23:00:00,25.998086,25.998086,26.236458,0,0.000000,0,0,0
2018-06-26T00:00:00,25.900672,25.900672,26.239352,0,0.000000,0,0,0
2018-06-26T01:00:00,28.056791,28.056791,26.242250,0,0.000000,0,0,0
2018-06-26T02:00:00,29.925405,29.925405,26.245152,0,0.000000,0,0,0
2018-06-26T03:00:00,30.370066,30.370066,26.248058,0,0.000000,0,0,0
2018-06-26T04:00:00,29.500568,29.500568,26.250968,0,0.000000,0,0,0
2018-06-26T05:00:00,27.474529,27.474529,26.253882,0,0.000000,0,0,0
2018-06-26T06:00:00,29.588980,29.588980,26.256800,0,0.000000,0,0,0
2018-06-26T07:00:00,33.299991,33.299991,26.259722,0,0.000000,0,0,0
2018-06-26T08:00:00,37.066262,37.066262,26.262648,0,0.000000,0,0,0
2018-06-26T09:00:00,36.040050,36.040050,26.265578,0,0.000000,0,0,0
2018-06-26T10:00:00,38.779250,38.779250,26.268512,0,0.000000,0,0,0
2018-06-26T11:00:00,36.270096,36.270096,26.271450,0,0.000000,0,0,0
2018-06-26T12:00:00,43.239554,43.239554,26.274392,1,0.000000,0,0,0
2018-06-26T13:00:00,43.459840,43.459840,26.277338,1,0.000000,0,0,0
2018-06-26T14:00:00,40.846730,40.846730,26.280288,1,0.000000,0,0,0
2018-06-26T15:00:00,39.673905,39.673905,26.283242,1,0.000000,0,0,0
2018-06-26T16:00:00,36.075615,36.075615,26.286200,1,0.000000,0,0,0
2018-06-26T17:00:00,40.532231,40.532231,26.289162,3,0.000000,0,0,0
2018-06-26T18:00:00,39.794950,39.794950,26.292128,3,0.000000,0,0,0
2018-06-26T19:00:00,35.892465,35.892465,26.295098,3,0.000000,0,0,0
2018-06-26T20:00:00,24.713649,24.713649,26.298072,3,0.000000,0,0,0
2018-06-26T21:00:00,34.425277,34.425277,26.301050,3,0.000000,0,0,0
2018-06-26T22:00:00,83.646377,83.646377,26.304032,3,0.000000,0,0,0
2018-06-26T23:00:00,74.996141,74.996141,26.307018,3,0.000000,0,0,0
2018-06-27T00:00:00,77.644571,77.644571,26.310008,3,0.000000,0,0,0
2018-06-27T01:00:00,59.459143,59.459143,26.313002,3,0.000000,0,0,0
2018-06-27T02:00:00,54.371793,54.371793,26.316000,3,0.000000,0,0,0
2018-06-27T03:00:00,41.851903,41.851903,26.319002,1,0.000000,0,0,0
2018-06-27T04:00:00,42.306063,42.306063,26.322008,1,0.000000,0,0,0
2018-06-27T05:00:00,38.181439,38.181439,26.325018,1,0.000000,0,0,0
2018-06-27T06:00:00,37.838684,37.838684,26.328032,1,0.000000,0,0,0
2018-06-27T07:00:00,31.948637,31.948637,26.331050,1,0.000000,0,0,0
2018-06-27T08:00:00,37.577860,37.577860,26.334072,1,0.000000,0,0,0
2018-06-27T09:00:00,38.524429,38.524429,26.337098,1,0.000000,0,0,0
2018-06-27T10:00:00,36.703543,36.703543,26.340128,1,0.000000,0,0,0
2018-06-27T11:00:00,22.994817,22.994817,26.343162,2,0.000000,0,0,0
2018-06-27T12:00:00,21.925435,21.925435,26.346200,2,0.000000,0,0,0
2018-06-27T13:00:00,27.574217,27.574217,26.349242,0,0.000000,0,0,0
2018-06-27T14:00:00,26.002353,26.002353,26.352288,0,0.000000,0,0,0
2018-06-27T15:00:00,22.139103,22.139103,26.355338,0,0.000000,0,0,0
2018-06-27T16:00:00,25.481460,25.481460,26.358392,1,0.000000,0,0,0
2018-06-27T17:00:00,26.735172,26.735172,26.361450,1,0.000000,0,0,0
2018-06-27T18:00:00,28.944977,28.944977,26.364512,1,0.000000,0,0,0
2018-06-27T19:00:00,30.804615,30.804615,26.367578,1,0.000000,0,0,0
2018-06-27T20:00:00,30.957681,30.957681,26.370648,1,0.000000,0,0,0
2018-06-27T21:00:00,33.170564,33.170564,26.373722,1,0.000000,0,0,0
2018-06-27T22:00:00,36.574800,36.574800,26.376800,1,0.000000,0,0,0
2018-06-27T23:00:00,35.634988,35.634988,26.379882,1,0.000000,0,0,0
2018-06-28T00:00:00,35.620884,35.620884,26.382968,1,0.000000,0,0,0
2018-06-28T01:00:00,32.039898,32.039898,26.386058,1,0.000000,0,0,0
2018-06-28T02:00:00,33.660208,33.660208,26.389152,1,0.000000,0,0,0
2018-06-28T03:00:00,39.144524,39.144524,26.392250,1,0.000000,0,0,0
2018-06-28T04:00:00,39.037022,39.037022,26.395352,1,0.000000,0,0,0
2018-06-28T05:00:00,43.370761,43.370761,26.398458,1,0.000000,0,0,0
2018-06-28T06:00:00,44.915271,44.915271,26.401568,1,0.000000,0,0,0
2018-06-28T07:00:00,49.335333,49.335333,26.404682,1,0.000000,0,0,0
2018-06-28T08:00:00,46.576306,46.576306,26.407800,1,0.000000,0,0,0
2018-06-28T09:00:00,42.845478,42.845478,26.410922,1,0.000000,0,0,0
2018-06-28T10:00:00,36.099520,36.099520,26.414048,1,0.000000,0,0,0
2018-06-28T11:00:00,34.566794,34.566794,26.417178,1,0.000000,0,0,0
2018-06-28T12:00:00,35.789575,35.789575,26.420312,1,0.000000,0,0,0
2018-06-28T13:00:00,33.898270,33.898270,26.423450,1,0.000000,0,0,0
2018-06-28T14:00:00,27.664907,27.664907,26.426592,1,0.000000,0,0,0
2018-06-28T15:00:00,22.346057,22.346057,26.429738,1,0.000000,0,0,0
2018-06-28T16:00:00,23.448834,23.448834,26.432888,1,0.000000,0,0,0
2018-06-28T17:00:00,23.126761,23.126761,26.436042,1,0.000000,0,0,0
2018-06-28T18:00:00,23.208392,23.208392,26.439200,1,0.000000,0,0,0
2018-06-28T19:00:00,22.452662,22.452662,26.442362,1,0.000000,0,0,0
2018-06-28T20:00:00,24.876417,24.876417,26.445528,1,0.000000,0,0,0
2018-06-28T21:00:00,23.123470,23.123470,26.448698,1,0.000000,0,0,0
2018-06-28T22:00:00,20.530621,20.530621,26.451872,1,0.000000,0,0,0
2018-06-28T23:00:00,25.262347,25.262347,26.455050,1,0.000000,0,0,0
2018-06-29T00:00:00,29.617845,29.617845,26.458232,1,0.000000,0,0,0
2018-06-29T01:00:00,19.596956,19.596956,26.461418,2,0.000000,0,0,0
2018-06-29T02:00:00,21.968123,21.968123,26.464608,2,0.000000,0,0,0
2018-06-29T03:00:00,24.262527,24.262527,26.467802,2,0.000000,0,0,0
2018-06-29T04:00:00,32.271179,32.271179,26.471000,0,0.000000,0,0,0
2018-06-29T05:00:00,34.814490,34.814490,26.474202,0,0.000000,0,0,0
2018-06-29T06:00:00,34.481876,34.481876,26.477408,0,0.000000,0,0,0
2018-06-29T07:00:00,41.269686,41.269686,26.480618,1,0.000000,0,0,0
2018-06-29T08:00:00,40.428829,40.428829,26.483832,1,0.000000,0,0,0
2018-06-29T09:00:00,68.612596,68.612596,26.487050,1,26.068590,0,0,1
2018-06-29T10:00:00,56.951004,56.951004,26.490272,1,19.239929,0,0,1
2018-06-29T11:00:00,49.349697,49.349697,26.493498,1,14.200034,0,0,1
2018-06-29T12:00:00,44.778294,44.778294,26.496728,1,10.480338,0,0,1
2018-06-29T13:00:00,40.712828,40.712828,26.499962,1,7.735016,0,0,1
2018-06-29T14:00:00,37.195892,37.195892,26.503200,1,5.708830,0,0,0
2018-06-29T15:00:00,25.224014,25.224014,26.506442,0,4.213403,0,0,0
2018-06-29T16:00:00,23.058900,23.058900,26.509688,0,3.109703,0,0,0
2018-06-29T17:00:00,20.387154,20.387154,26.512938,0,2.295117,0,0,0
2018-06-29T18:00:00,16.572620,16.572620,26.516192,0,1.693912,0,0,0
2018-06-29T19:00:00,16.737638,16.737638,26.519450,0,1.250192,0,0,0
2018-06-29T20:00:00,17.903672,17.903672,26.522712,0,0.922704,0,0,0
2018-06-29T21:00:00,18.734073,18.734073,26.525978,0,0.000000,0,0,0
2018-06-29T22:00:00,19.953198,19.953198,26.529248,0,0.000000,0,0,0
2018-06-29T23:00:00,21.173829,21.173829,26.532522,0,0.000000,0,0,0
2018-06-30T00:00:00,23.099995,23.099995,26.535800,0,0.000000,0,0,0
2018-06-30T01:00:00,26.442042,26.442042,26.539082,0,0.000000,0,0,0
2018-06-30T02:00:00,28.739392,28.739392,26.542368,0,0.000000,0,0,0
2018-06-30T03:00:00,29.938332,29.938332,26.545658,0,0.000000,0,0,0
2018-06-30T04:00:00,27.473907,27.473907,26.548952,0,0.000000,0,0,0
2018-06-30T05:00:00,29.045369,29.045369,26.552250,0,0.000000,0,0,0
2018-06-30T06:00:00,32.698966,32.698966,26.555552,0,0.000000,0,0,0
2018-06-30T07:00:00,35.735075,35.735075,26.558858,0,0.000000,0,0,0
2018-06-30T08:00:00,31.034833,31.034833,26.562168,0,0.000000,0,0,0
2018-06-30T09:00:00,26.554746,26.554746,26.565482,0,0.000000,0,0,0
2018-06-30T10:00:00,21.315781,21.315781,26.568800,2,0.000000,0,0,0
2018-06-30T11:00:00,20.297613,20.297613,26.572122,2,0.000000,0,0,0
2018-06-30T12:00:00,18.604358,18.604358,26.575448,2,0.000000,0,0,0
2018-06-30T13:00:00,18.435066,18.435066,26.578778,2,0.000000,0,0,0
2018-06-30T14:00:00,18.352983,18.352983,26.582112,2,0.000000,0,0,0
2018-06-30T15:00:00,18.424853,18.424853,26.585450,2,0.000000,0,0,0
2018-06-30T16:00:00,17.812534,17.812534,26.588792,2,0.000000,0,0,0
2018-06-30T17:00:00,17.141558,17.141558,26.592138,2,0.000000,0,0,0
2018-06-30T18:00:00,20.743009,20.743009,26.595488,2,0.000000,0,0,0
2018-06-30T19:00:00,18.616074,18.616074,26.598842,2,0.000000,0,0,0
2018-06-30T20:00:00,18.085921,18.085921,26.602200,2,0.000000,0,0,0
2018-06-30T21:00:00,18.194271,18.194271,26.605562,2,0.000000,0,0,0
2018-06-30T22:00:00,17.975160,17.975160,26.608928,2,0.000000,0,0,0
2018-06-30T23:00:00,21.480263,21.480263,26.612298,2,0.000000,0,0,0
2018-07-01T00:00:00,25.342641,25.342641,26.615672,2,0.000000,0,0,0
2018-07-01T01:00:00,28.102514,28.102514,26.619050,2,0.000000,0,0,0
2018-07-01T02:00:00,28.415107,28.415107,26.622432,2,0.000000,0,0,0
2018-07-01T03:00:00,29.777866,29.777866,26.625818,2,0.000000,0,0,0
2018-07-01T04:00:00,29.115971,29.115971,26.629208,2,0.000000,0,0,0
2018-07-01T05:00:00,30.582681,30.582681,26.632602,2,0.000000,0,0,0
2018-07-01T06:00:00,30.441806,30.441806,26.636000,2,0.000000,0,0,0
2018-07-01T07:00:00,36.187059,36.187059,26.639402,0,0.000000,0,0,0
2018-07-01T08:00:00,33.982502,33.982502,26.642808,0,0.000000,0,0,0
2018-07-01T09:00:00,32.639223,32.639223,26.646218,0,0.000000,0,0,0
2018-07-01T10:00:00,30.850403,30.850403,26.649632,0,0.000000,0,0,0
2018-07-01T11:00:00,27.517879,27.517879,26.653050,0,0.000000,0,0,0
2018-07-01T12:00:00,24.129111,24.129111,26.656472,0,0.000000,0,0,0
2018-07-01T13:00:00,23.652011,23.652011,26.659898,0,0.000000,0,0,0
2018-07-01T14:00:00,26.536852,26.536852,26.663328,1,0.000000,0,0,0
2018-07-01T15:00:00,27.403059,27.403059,26.666762,1,0.000000,0,0,0
2018-07-01T16:00:00,20.593447,20.593447,26.670200,0,0.000000,0,0,0
2018-07-01T17:00:00,22.382054,22.382054,26.673642,0,0.000000,0,0,0
2018-07-01T18:00:00,24.626611,24.626611,26.677088,0,0.000000,0,0,0
2018-07-01T19:00:00,23.969574,23.969574,26.680538,0,0.000000,0,0,0
2018-07-01T20:00:00,23.738591,23.738591,26.683992,0,0.000000,0,0,0
2018-07-01T21:00:00,26.309788,26.309788,26.687450,0,0.000000,0,0,0
2018-07-01T22:00:00,29.016452,29.016452,26.690912,0,0.000000,0,0,0
2018-07-01T23:00:00,29.586556,29.586556,26.694378,0,0.000000,0,0,0
2018-07-02T00:00:00,30.438054,30.438054,26.697848,0,0.000000,0,0,0
2018-07-02T01:00:00,33.022897,33.022897,26.701322,0,0.000000,0,0,0
2018-07-02T02:00:00,29.775225,29.775225,26.704800,0,0.000000,0,0,0
2018-07-02T03:00:00,33.474453,33.474453,26.708282,0,0.000000,0,0,0
2018-07-02T04:00:00,39.378922,39.378922,26.711768,0,0.000000,0,0,0
2018-07-02T05:00:00,40.792129,40.792129,26.715258,0,0.000000,0,0,0
2018-07-02T06:00:00,38.347000,38.347000,26.718752,0,0.000000,0,0,0
2018-07-02T07:00:00,40.245272,40.245272,26.722250,0,0.000000,0,0,0
2018-07-02T08:00:00,37.313428,37.313428,26.725752,0,0.000000,0,0,0
2018-07-02T09:00:00,32.764467,32.764467,26.729258,0,0.000000,0,0,0
2018-07-02T10:00:00,32.616720,32.616720,26.732768,0,0.000000,0,0,0
2018-07-02T11:00:00,32.441900,32.441900,26.736282,0,0.000000,0,0,0
2018-07-02T12:00:00,29.331064,29.331064,26.739800,0,0.000000,0,0,0
2018-07-02T13:00:00,27.589588,27.589588,26.743322,0,0.000000,0,0,0
2018-07-02T14:00:00,26.281295,26.281295,26.746848,0,0.000000,0,0,0
2018-07-02T15:00:00,22.568154,22.568154,26.750378,0,0.000000,0,0,0
2018-07-02T16:00:00,25.342842,25.342842,26.753912,0,0.000000,0,0,0
2018-07-02T17:00:00,26.228423,26.228423,26.757450,0,0.000000,0,0,0
2018-07-02T18:00:00,27.269798,27.269798,26.760992,0,0.000000,0,0,0
2018-07-02T19:00:00,27.048952,27.048952,26.764538,0,0.000000,0,0,0
2018-07-02T20:00:00,29.472497,29.472497,26.768088,0,0.000000,0,0,0
2018-07-02T21:00:00,29.518252,29.518252,26.771642,0,0.000000,0,0,0
2018-07-02T22:00:00,29.940422,29.940422,26.775200,0,0.000000,0,0,0
2018-07-02T23:00:00,28.337926,28.337926,26.778762,0,0.000000,0,0,0
2018-07-03T00:00:00,30.677202,30.677202,26.782328,0,0.000000,0,0,0
2018-07-03T01:00:00,34.360919,34.360919,26.785898,0,0.000000,0,0,0
2018-07-03T02:00:00,35.890177,35.890177,26.789472,0,0.000000,0,0,0
2018-07-03T03:00:00,35.445768,35.445768,26.793050,0,0.000000,0,0,0
2018-07-03T04:00:00,35.082249,35.082249,26.796632,0,0.000000,0,0,0
2018-07-03T05:00:00,38.427160,38.427160,26.800218,0,0.000000,0,0,0
2018-07-03T06:00:00,33.856641,33.856641,26.803808,0,0.000000,0,0,0
2018-07-03T07:00:00,39.240144,39.240144,26.807402,0,0.000000,0,0,0
2018-07-03T08:00:00,40.985485,40.985485,26.811000,0,0.000000,0,0,0
2018-07-03T09:00:00,35.966119,35.966119,26.814602,0,0.000000,0,0,0
2018-07-03T10:00:00,36.798195,36.798195,26.818208,0,0.000000,0,0,0
2018-07-03T11:00:00,31.506247,31.506247,26.821818,0,0.000000,0,0,0
2018-07-03T12:00:00,28.045235,28.045235,26.825432,0,0.000000,0,0,0
2018-07-03T13:00:00,27.945864,27.945864,26.829050,0,0.000000,0,0,0
2018-07-03T14:00:00,33.378933,33.378933,26.832672,3,0.000000,0,0,0
2018-07-03T15:00:00,33.245709,33.245709,26.836298,3,0.000000,0,0,0
2018-07-03T16:00:00,34.878779,34.878779,26.839928,3,0.000000,0,0,0
2018-07-03T17:00:00,41.270478,41.270478,26.843562,3,0.000000,0,0,0
2018-07-03T18:00:00,45.346428,45.346428,26.847200,3,0.000000,0,0,0
2018-07-03T19:00:00,41.543542,41.543542,26.850842,3,0.000000,0,0,0
2018-07-03T20:00:00,25.329720,25.329720,26.854488,0,0.000000,0,0,0
2018-07-03T21:00:00,27.922540,27.922540,26.858138,0,0.000000,0,0,0
2018-07-03T22:00:00,26.308614,26.308614,26.861792,0,0.000000,0,0,0
2018-07-03T23:00:00,29.470276,29.470276,26.865450,0,0.000000,0,0,0
2018-07-04T00:00:00,31.168139,31.168139,26.869112,0,0.000000,0,0,0
2018-07-04T01:00:00,31.887157,31.887157,26.872778,0,0.000000,0,0,0
2018-07-04T02:00:00,33.310239,33.310239,26.876448,0,0.000000,0,0,0
2018-07-04T03:00:00,32.092540,32.092540,26.880122,0,0.000000,0,0,0
2018-07-04T04:00:00,33.743362,33.743362,26.883800,0,0.000000,0,0,0
2018-07-04T05:00:00,34.198419,34.198419,26.887482,0,0.000000,0,0,0
2018-07-04T06:00:00,33.631983,33.631983,26.891168,0,0.000000,0,0,0
2018-07-04T07:00:00,33.470329,33.470329,26.894858,0,0.000000,0,0,0
2018-07-04T08:00:00,33.884014,33.884014,26.898552,0,0.000000,0,0,0
2018-07-04T09:00:00,30.654682,30.654682,26.902250,0,0.000000,0,0,0
2018-07-04T10:00:00,28.959796,28.959796,26.905952,0,0.000000,0,0,0
2018-07-04T11:00:00,24.719004,24.719004,26.909658,0,0.000000,0,0,0
2018-07-04T12:00:00,22.952780,22.952780,26.913368,0,0.000000,0,0,0
2018-07-04T13:00:00,20.706040,20.706040,26.917082,0,0.000000,0,0,0
2018-07-04T14:00:00,14.342280,14.342280,26.920800,2,0.000000,0,0,0
2018-07-04T15:00:00,17.560438,17.560438,26.924522,2,0.000000,0,0,0
2018-07-04T16:00:00,16.643656,16.643656,26.928248,2,0.000000,0,0,0
2018-07-04T17:00:00,14.256902,14.256902,26.931978,2,0.000000,0,0,0
2018-07-04T18:00:00,14.248616,14.248616,26.935712,2,0.000000,0,0,0
2018-07-04T19:00:00,14.384487,14.384487,26.939450,2,0.000000,0,0,0
2018-07-04T20:00:00,31.053680,31.053680,26.943192,1,0.000000,0,0,0
2018-07-04T21:00:00,18.423863,18.423863,26.946938,2,0.000000,0,0,0
2018-07-04T22:00:00,25.323253,25.323253,26.950688,2,0.000000,0,0,0
2018-07-04T23:00:00,28.101563,28.101563,26.954442,2,0.000000,0,0,0
2018-07-05T00:00:00,28.989279,28.989279,26.958200,2,0.000000,0,0,0
2018-07-05T01:00:00,28.275523,28.275523,26.961962,2,0.000000,0,0,0
2018-07-05T02:00:00,26.684223,26.684223,26.965728,2,0.000000,0,0,0
2018-07-05T03:00:00,30.350364,30.350364,26.969498,2,0.000000,0,0,0
2018-07-05T04:00:00,34.079556,34.079556,26.973272,2,0.000000,0,0,0
2018-07-05T05:00:00,33.338918,33.338918,26.977050,2,0.000000,0,0,0
2018-07-05T06:00:00,32.787820,32.787820,26.980832,2,0.000000,0,0,0
2018-07-05T07:00:00,30.992581,30.992581,26.984618,2,0.000000,0,0,0
2018-07-05T08:00:00,28.977472,28.977472,26.988408,2,0.000000,0,0,0
2018-07-05T09:00:00,24.656816,24.656816,26.992202,2,0.000000,0,0,0
2018-07-05T10:00:00,22.480158,22.480158,26.996000,2,0.000000,0,0,0
2018-07-05T11:00:00,21.038928,21.038928,26.999802,2,0.000000,0,0,0
2018-07-05T12:00:00,17.679028,17.679028,27.003608,0,0.000000,0,0,0
2018-07-05T13:00:00,20.543970,20.543970,27.007418,0,0.000000,0,0,0
2018-07-05T14:00:00,21.895118,21.895118,27.011232,0,0.000000,0,0,0
2018-07-05T15:00:00,20.690141,20.690141,27.015050,0,0.000000,0,0,0
2018-07-05T16:00:00,19.910963,19.910963,27.018872,0,0.000000,0,0,0
2018-07-05T17:00:00,19.987050,19.987050,27.022698,0,0.000000,0,0,0
2018-07-05T18:00:00,21.540435,21.540435,27.026528,0,0.000000,0,0,0
2018-07-05T19:00:00,22.550629,22.550629,27.030362,0,0.000000,0,0,0
2018-07-05T20:00:00,26.140697,26.140697,27.034200,0,0.000000,0,0,0
2018-07-05T21:00:00,25.049171,25.049171,27.038042,0,0.000000,0,0,0
2018-07-05T22:00:00,26.898619,26.898619,27.041888,0,0.000000,0,0,0
2018-07-05T23:00:00,38.974106,38.974106,27.045738,3,0.000000,0,0,0
2018-07-06T00:00:00,42.920515,42.920515,27.049592,3,0.000000,0,0,0
2018-07-06T01:00:00,29.905936,29.905936,27.053450,0,0.000000,0,0,0
2018-07-06T02:00:00,29.270291,29.270291,27.057312,0,0.000000,0,0,0
2018-07-06T03:00:00,30.799858,30.799858,27.061178,0,0.000000,0,0,0
2018-07-06T04:00:00,32.370609,32.370609,27.065048,0,0.000000,0,0,0
2018-07-06T05:00:00,30.514988,30.514988,27.068922,0,0.000000,0,0,0
2018-07-06T06:00:00,28.095499,28.095499,27.072800,0,0.000000,0,0,0
2018-07-06T07:00:00,23.111750,23.111750,27.076682,2,0.000000,0,0,0
2018-07-06T08:00:00,22.864967,22.864967,27.080568,2,0.000000,0,0,0
2018-07-06T09:00:00,20.853808,20.853808,27.084458,2,0.000000,0,0,0
2018-07-06T10:00:00,20.163180,20.163180,27.088352,2,0.000000,0,0,0
2018-07-06T11:00:00,16.378306,16.378306,27.092250,2,0.000000,0,0,0
2018-07-06T12:00:00,13.751233,13.751233,27.096152,2,0.000000,0,0,0
2018-07-06T13:00:00,11.883954,11.883954,27.100058,2,0.000000,0,0,0
2018-07-06T14:00:00,11.793686,11.793686,27.103968,2,0.000000,0,0,0
2018-07-06T15:00:00,15.834644,15.834644,27.107882,2,0.000000,0,0,0
2018-07-06T16:00:00,16.289154,16.289154,27.111800,2,0.000000,0,0,0
2018-07-06T17:00:00,14.016412,14.016412,27.115722,2,0.000000,0,0,0
2018-07-06T18:00:00,14.195228,14.195228,27.119648,2,0.000000,0,0,0
2018-07-06T19:00:00,15.721379,15.721379,27.123578,2,0.000000,0,0,0
2018-07-06T20:00:00,17.222319,17.222319,27.127512,2,0.000000,0,0,0
2018-07-06T21:00:00,19.344894,19.344894,27.131450,2,0.000000,0,0,0
2018-07-06T22:00:00,22.618872,22.618872,27.135392,2,0.000000,0,0,0
2018-07-06T23:00:00,22.732661,22.732661,27.139338,2,0.000000,0,0,0
2018-07-07T00:00:00,24.998519,24.998519,27.143288,2,0.000000,0,0,0
2018-07-07T01:00:00,28.669899,28.669899,27.147242,2,0.000000,0,0,0
2018-07-07T02:00:00,32.350019,32.350019,27.151200,2,0.000000,0,0,0
2018-07-07T03:00:00,30.764009,30.764009,27.155162,2,0.000000,0,0,0
2018-07-07T04:00:00,30.139239,30.139239,27.159128,2,0.000000,0,0,0
2018-07-07T05:00:00,45.762467,45.762467,27.163098,1,0.000000,0,0,0
2018-07-07T06:00:00,44.883460,44.883460,27.167072,1,0.000000,0,0,0
2018-07-07T07:00:00,44.029278,44.029278,27.171050,1,0.000000,0,0,0
2018-07-07T08:00:00,42.546180,42.546180,27.175032,1,0.000000,0,0,0
2018-07-07T09:00:00,39.658103,39.658103,27.179018,1,0.000000,0,0,0
2018-07-07T10:00:00,30.275198,30.275198,27.183008,0,0.000000,0,0,0
2018-07-07T11:00:00,28.982067,28.982067,27.187002,0,0.000000,0,0,0
2018-07-07T12:00:00,25.229501,25.229501,27.191000,0,0.000000,0,0,0
2018-07-07T13:00:00,22.974969,22.974969,27.195002,0,0.000000,0,0,0
2018-07-07T14:00:00,21.392219,21.392219,27.199008,0,0.000000,0,0,0
2018-07-07T15:00:00,20.500873,20.500873,27.203018,0,0.000000,0,0,0
2018-07-07T16:00:00,22.664872,22.664872,27.207032,0,0.000000,0,0,0
2018-07-07T17:00:00,20.897106,20.897106,27.211050,0,0.000000,0,0,0
2018-07-07T18:00:00,20.211884,20.211884,27.215072,0,0.000000,0,0,0
2018-07-07T19:00:00,18.517848,18.517848,27.219098,0,0.000000,0,0,0
2018-07-07T20:00:00,20.276746,20.276746,27.223128,0,0.000000,0,0,0
2018-07-07T21:00:00,26.488643,26.488643,27.227162,0,0.000000,0,0,0
2018-07-07T22:00:00,38.729348,38.729348,27.231200,0,0.000000,0,0,0
2018-07-07T23:00:00,36.788913,36.788913,27.235242,0,0.000000,0,0,0
2018-07-08T00:00:00,33.583517,33.583517,27.239288,0,0.000000,0,0,0
2018-07-08T01:00:00,32.972747,32.972747,27.243338,0,0.000000,0,0,0
2018-07-08T02:00:00,34.016207,34.016207,27.247392,0,0.000000,0,0,0
2018-07-08T03:00:00,36.357449,36.357449,27.251450,0,0.000000,0,0,0
2018-07-08T04:00:00,33.616478,33.616478,27.255512,0,0.000000,0,0,0
2018-07-08T05:00:00,33.797892,33.797892,27.259578,0,0.000000,0,0,0
2018-07-08T06:00:00,33.301885,33.301885,27.263648,0,0.000000,0,0,0
2018-07-08T07:00:00,34.455313,34.455313,27.267722,0,0.000000,0,0,0
2018-07-08T08:00:00,29.099169,29.099169,27.271800,0,0.000000,0,0,0
2018-07-08T09:00:00,28.347405,28.347405,27.275882,0,0.000000,0,0,0
2018-07-08T10:00:00,28.808352,28.808352,27.279968,0,0.000000,0,0,0
2018-07-08T11:00:00,28.447292,28.447292,27.284058,0,0.000000,0,0,0
2018-07-08T12:00:00,27.667760,27.667760,27.288152,0,0.000000,0,0,0
2018-07-08T13:00:00,27.578809,27.578809,27.292250,0,0.000000,0,0,0
2018-07-08T14:00:00,26.857871,26.857871,27.296352,0,0.000000,0,0,0
2018-07-08T15:00:00,24.754065,24.754065,27.300458,0,0.000000,0,0,0
2018-07-08T16:00:00,24.900808,24.900808,27.304568,0,0.000000,0,0,0
2018-07-08T17:00:00,24.010154,24.010154,27.308682,0,0.000000,0,0,0
2018-07-08T18:00:00,23.156831,23.156831,27.312800,0,0.000000,0,0,0
2018-07-08T19:00:00,20.084904,20.084904,27.316922,0,0.000000,0,0,0
2018-07-08T20:00:00,26.638361,26.638361,27.321048,0,0.000000,0,0,0
2018-07-08T21:00:00,31.945792,31.945792,27.325178,0,0.000000,0,0,0
2018-07-08T22:00:00,34.655750,34.655750,27.329312,0,0.000000,0,0,0
2018-07-08T23:00:00,36.010823,36.010823,27.333450,0,0.000000,0,0,0
2018-07-09T00:00:00,40.320649,40.320649,27.337592,0,0.000000,0,0,0
2018-07-09T01:00:00,40.581190,40.581190,27.341738,0,0.000000,0,0,0
2018-07-09T02:00:00,39.625435,39.625435,27.345888,0,0.000000,0,0,0
2018-07-09T03:00:00,42.035858,42.035858,27.350042,0,0.000000,0,0,0
2018-07-09T04:00:00,43.466381,43.466381,27.354200,0,0.000000,0,0,0
2018-07-09T05:00:00,43.331521,43.331521,27.358362,0,0.000000,0,0,0
2018-07-09T06:00:00,42.857085,42.857085,27.362528,0,0.000000,0,0,0
2018-07-09T07:00:00,38.991963,38.991963,27.366698,0,0.000000,0,0,0
2018-07-09T08:00:00,38.702597,38.702597,27.370872,0,0.000000,0,0,0
2018-07-09T09:00:00,35.865299,35.865299,27.375050,0,0.000000,0,0,0
2018-07-09T10:00:00,29.552837,29.552837,27.379232,0,0.000000,0,0,0
2018-07-09T11:00:00,29.557952,29.557952,27.383418,0,0.000000,0,0,0
2018-07-09T12:00:00,28.966515,28.966515,27.387608,0,0.000000,0,0,0
2018-07-09T13:00:00,26.212689,26.212689,27.391802,0,0.000000,0,0,0
2018-07-09T14:00:00,22.623685,22.623685,27.396000,0,0.000000,0,0,0
2018-07-09T15:00:00,30.855981,30.855981,27.400202,1,0.000000,0,0,0
2018-07-09T16:00:00,18.140932,18.140932,27.404408,2,0.000000,0,0,0
2018-07-09T17:00:00,53.958955,53.958955,27.408618,2,37.930369,0,0,1
2018-07-09T18:00:00,45.526861,45.526861,27.412832,2,30.197662,0,0,1
2018-07-09T19:00:00,42.219569,42.219569,27.417050,2,24.041390,0,0,1
2018-07-09T20:00:00,39.301574,39.301574,27.421272,2,19.140171,0,0,1
2018-07-09T21:00:00,37.230452,37.230452,27.425498,2,15.238144,0,0,1
2018-07-09T22:00:00,37.193765,37.193765,27.429728,2,12.131606,0,0,1
2018-07-09T23:00:00,37.139591,37.139591,27.433962,2,9.658386,0,0,1
2018-07-10T00:00:00,35.261963,35.261963,27.438200,2,7.689371,0,0,1
2018-07-10T01:00:00,29.227370,29.227370,27.442442,2,0.000000,0,0,0
2018-07-10T02:00:00,30.078955,30.078955,27.446688,2,0.000000,0,0,0
2018-07-10T03:00:00,30.952020,30.952020,27.450938,2,0.000000,0,0,0
2018-07-10T04:00:00,33.966904,33.966904,27.455192,2,0.000000,0,0,0
2018-07-10T05:00:00,34.847196,34.847196,27.459450,2,0.000000,0,0,0
2018-07-10T06:00:00,33.965797,33.965797,27.463712,2,0.000000,0,0,0
2018-07-10T07:00:00,30.676948,30.676948,27.467978,2,0.000000,0,0,0
2018-07-10T08:00:00,30.956532,30.956532,27.472248,2,0.000000,0,0,0
2018-07-10T09:00:00,28.422034,28.422034,27.476522,2,0.000000,0,0,0
2018-07-10T10:00:00,28.123278,28.123278,27.480800,2,0.000000,0,0,0
2018-07-10T11:00:00,22.506490,22.506490,27.485082,2,0.000000,0,0,0
2018-07-10T12:00:00,19.291544,19.291544,27.489368,2,0.000000,0,0,0
2018-07-10T13:00:00,18.995766,18.995766,27.493658,2,0.000000,0,0,0
2018-07-10T14:00:00,42.998952,42.998952,27.497952,3,0.000000,0,0,0
2018-07-10T15:00:00,54.751521,54.751521,27.502250,3,0.000000,0,0,0
2018-07-10T16:00:00,38.465687,38.465687,27.506552,3,0.000000,0,0,0
2018-07-10T17:00:00,37.046771,37.046771,27.510858,3,0.000000,0,0,0
2018-07-10T18:00:00,36.337395,36.337395,27.515168,3,0.000000,0,0,0
2018-07-10T19:00:00,35.567927,35.567927,27.519482,3,0.000000,0,0,0
2018-07-10T20:00:00,40.635331,40.635331,27.523800,3,0.000000,0,0,0
2018-07-10T21:00:00,57.145189,57.145189,27.528122,3,0.000000,0,0,0
2018-07-10T22:00:00,57.790129,57.790129,27.532448,3,0.000000,0,0,0
2018-07-10T23:00:00,60.167006,60.167006,27.536778,3,0.000000,0,0,0
2018-07-11T00:00:00,56.456988,56.456988,27.541112,3,0.000000,0,0,0
2018-07-11T01:00:00,35.790945,35.790945,27.545450,3,0.000000,0,0,0
2018-07-11T02:00:00,24.384945,24.384945,27.549792,3,0.000000,0,0,0
2018-07-11T03:00:00,40.268486,40.268486,27.554138,3,0.000000,0,0,0
2018-07-11T04:00:00,53.493575,53.493575,27.558488,3,0.000000,0,0,0
2018-07-11T05:00:00,75.230170,75.230170,27.562842,3,0.000000,0,0,0
2018-07-11T06:00:00,74.795731,74.795731,27.567200,3,0.000000,0,0,0
2018-07-11T07:00:00,76.444571,76.444571,27.571562,3,0.000000,0,0,0
2018-07-11T08:00:00,52.656302,52.656302,27.575928,3,0.000000,0,0,0
2018-07-11T09:00:00,40.981438,40.981438,27.580298,3,0.000000,0,0,0
2018-07-11T10:00:00,46.774217,46.774217,27.584672,3,0.000000,0,0,0
2018-07-11T11:00:00,47.993436,47.993436,27.589050,3,0.000000,0,0,0
2018-07-11T12:00:00,52.916921,52.916921,27.593432,3,0.000000,0,0,0
2018-07-11T13:00:00,42.084098,42.084098,27.597818,3,0.000000,0,0,0
2018-07-11T14:00:00,45.680477,45.680477,27.602208,3,0.000000,0,0,0
2018-07-11T15:00:00,34.681565,34.681565,27.606602,3,0.000000,0,0,0
2018-07-11T16:00:00,36.758150,36.758150,27.611000,3,0.000000,0,0,0
2018-07-11T17:00:00,32.616345,32.616345,27.615402,3,0.000000,0,0,0
2018-07-11T18:00:00,17.327284,17.327284,27.619808,0,0.000000,0,0,0
2018-07-11T19:00:00,19.893790,19.893790,27.624218,0,0.000000,0,0,0
2018-07-11T20:00:00,19.423209,19.423209,27.628632,0,0.000000,0,0,0
2018-07-11T21:00:00,17.549689,17.549689,27.633050,0,0.000000,0,0,0
2018-07-11T22:00:00,22.890222,22.890222,27.637472,0,0.000000,0,0,0
2018-07-11T23:00:00,31.412864,31.412864,27.641898,0,0.000000,0,0,0
2018-07-12T00:00:00,28.957191,28.957191,27.646328,0,0.000000,0,0,0
2018-07-12T01:00:00,35.820197,35.820197,27.650762,0,0.000000,0,0,0
2018-07-12T02:00:00,36.583670,36.583670,27.655200,0,0.000000,0,0,0
2018-07-12T03:00:00,31.128296,31.128296,27.659642,0,0.000000,0,0,0
2018-07-12T04:00:00,32.276107,32.276107,27.664088,0,0.000000,0,0,0
2018-07-12T05:00:00,33.194861,33.194861,27.668538,0,0.000000,0,0,0
2018-07-12T06:00:00,32.065817,32.065817,27.672992,0,0.000000,0,0,0
2018-07-12T07:00:00,32.526143,32.526143,27.677450,0,0.000000,0,0,0
2018-07-12T08:00:00,32.592795,32.592795,27.681912,0,0.000000,0,0,0
2018-07-12T09:00:00,34.191080,34.191080,27.686378,0,0.000000,0,0,0
2018-07-12T10:00:00,31.039804,31.039804,27.690848,0,0.000000,0,0,0
2018-07-12T11:00:00,27.889306,27.889306,27.695322,0,0.000000,0,0,0
2018-07-12T12:00:00,27.169771,27.169771,27.699800,0,0.000000,0,0,0
2018-07-12T13:00:00,23.172394,23.172394,27.704282,0,0.000000,0,0,0
2018-07-12T14:00:00,22.649574,22.649574,27.708768,0,0.000000,0,0,0
2018-07-12T15:00:00,21.612659,21.612659,27.713258,0,0.000000,0,0,0
2018-07-12T16:00:00,18.462443,18.462443,27.717752,0,0.000000,0,0,0
2018-07-12T17:00:00,12.737088,12.737088,27.722250,0,0.000000,0,0,0
2018-07-12T18:00:00,8.066003,8.066003,27.726752,0,0.000000,0,0,0
2018-07-12T19:00:00,13.454078,13.454078,27.731258,0,0.000000,0,0,0
2018-07-12T20:00:00,16.014160,16.014160,27.735768,0,0.000000,0,0,0
2018-07-12T21:00:00,19.306156,19.306156,27.740282,0,0.000000,0,0,0
2018-07-12T22:00:00,21.496167,21.496167,27.744800,0,0.000000,0,0,0
2018-07-12T23:00:00,31.266181,31.266181,27.749322,0,0.000000,0,0,0
2018-07-13T00:00:00,35.256854,35.256854,27.753848,0,0.000000,0,0,0
2018-07-13T01:00:00,33.151599,33.151599,27.758378,0,0.000000,0,0,0
2018-07-13T02:00:00,33.271154,33.271154,27.762912,0,0.000000,0,0,0
2018-07-13T03:00:00,34.219852,34.219852,27.767450,0,0.000000,0,0,0
2018-07-13T04:00:00,37.061795,37.061795,27.771992,0,0.000000,0,0,0
2018-07-13T05:00:00,42.411396,42.411396,27.776538,0,0.000000,0,0,0
2018-07-13T06:00:00,43.150762,43.150762,27.781088,0,1.516573,0,0,0
2018-07-13T07:00:00,41.422314,41.422314,27.785642,0,1.145210,0,0,0
2018-07-13T08:00:00,37.043040,37.043040,27.790200,0,0.864782,0,0,0
2018-07-13T09:00:00,35.772713,35.772713,27.794762,0,0.653023,0,0,0
2018-07-13T10:00:00,30.926620,30.926620,27.799328,0,0.493117,0,0,0
2018-07-13T11:00:00,27.481315,27.481315,27.803898,0,0.372367,0,0,0
2018-07-13T12:00:00,33.291318,33.291318,27.808472,0,0.000000,0,0,0
2018-07-13T13:00:00,29.207740,29.207740,27.813050,0,0.000000,0,0,0
2018-07-13T14:00:00,23.470870,23.470870,27.817632,0,0.000000,0,0,0
2018-07-13T15:00:00,19.905979,19.905979,27.822218,0,0.000000,0,0,0
2018-07-13T16:00:00,19.509570,19.509570,27.826808,0,0.000000,0,0,0
2018-07-13T17:00:00,20.152897,20.152897,27.831402,0,0.000000,0,0,0
2018-07-13T18:00:00,18.345452,18.345452,27.836000,0,0.000000,0,0,0
2018-07-13T19:00:00,19.067243,19.067243,27.840602,0,0.000000,0,0,0
2018-07-13T20:00:00,21.246039,21.246039,27.845208,0,0.000000,0,0,0
2018-07-13T21:00:00,20.588049,20.588049,27.849818,0,0.000000,0,0,0
2018-07-13T22:00:00,22.974129,22.974129,27.854432,0,0.000000,0,0,0
2018-07-13T23:00:00,26.013125,26.013125,27.859050,0,0.000000,0,0,0
2018-07-14T00:00:00,29.936372,29.936372,27.863672,0,0.000000,0,0,0
2018-07-14T01:00:00,54.477910,54.477910,27.868298,0,22.780606,0,0,1
2018-07-14T02:00:00,50.729205,50.729205,27.872928,0,18.160354,0,0,1
2018-07-14T03:00:00,45.103287,45.103287,27.877562,0,14.477159,0,0,1
2018-07-14T04:00:00,43.717324,43.717324,27.882200,0,11.540971,0,0,1
2018-07-14T05:00:00,45.634902,45.634902,27.886842,0,9.200287,0,0,1
2018-07-14T06:00:00,43.347707,43.347707,27.891488,0,7.334329,0,0,0
2018-07-14T07:00:00,39.617475,39.617475,27.896138,0,5.846816,0,0,0
2018-07-14T08:00:00,37.250768,37.250768,27.900792,0,4.660993,0,0,0
2018-07-14T09:00:00,36.611028,36.611028,27.905450,0,3.715673,0,0,0
2018-07-14T10:00:00,30.909702,30.909702,27.910112,0,2.962078,0,0,0
2018-07-14T11:00:00,28.957113,28.957113,27.914778,0,2.361324,0,0,0
2018-07-14T12:00:00,28.203452,28.203452,27.919448,0,1.882411,0,0,0
2018-07-14T13:00:00,26.172752,26.172752,27.924122,0,1.500630,0,0,0
2018-07-14T14:00:00,24.150288,24.150288,27.928800,0,1.196279,0,0,0
2018-07-14T15:00:00,21.047762,21.047762,27.933482,0,0.953656,0,0,0
2018-07-14T16:00:00,20.934623,20.934623,27.938168,0,0.000000,0,0,0
2018-07-14T17:00:00,20.309074,20.309074,27.942858,0,0.000000,0,0,0
2018-07-14T18:00:00,18.708356,18.708356,27.947552,0,0.000000,0,0,0
2018-07-14T19:00:00,18.521054,18.521054,27.952250,0,0.000000,0,0,0
2018-07-14T20:00:00,19.953465,19.953465,27.956952,0,0.000000,0,0,0
2018-07-14T21:00:00,21.868200,21.868200,27.961658,0,0.000000,0,0,0
2018-07-14T22:00:00,23.113256,23.113256,27.966368,0,0.000000,0,0,0
2018-07-14T23:00:00,25.932889,25.932889,27.971082,0,0.000000,0,0,0
2018-07-15T00:00:00,28.048205,28.048205,27.975800,0,0.000000,0,0,0
2018-07-15T01:00:00,31.078542,31.078542,27.980522,0,0.000000,0,0,0
2018-07-15T02:00:00,32.236445,32.236445,27.985248,0,0.000000,0,0,0
2018-07-15T03:00:00,33.998960,33.998960,27.989978,0,0.000000,0,0,0
2018-07-15T04:00:00,37.852727,37.852727,27.994712,0,0.000000,0,0,0
2018-07-15T05:00:00,38.342261,38.342261,27.999450,0,0.000000,0,0,0
2018-07-15T06:00:00,39.024344,39.024344,28.004192,0,0.000000,0,0,0
2018-07-15T07:00:00,41.956111,41.956111,28.008938,0,0.000000,0,0,0
2018-07-15T08:00:00,42.538702,42.538702,28.013688,0,0.000000,0,0,0
2018-07-15T09:00:00,39.478973,39.478973,28.018442,0,0.000000,0,0,0
2018-07-15T10:00:00,31.642576,31.642576,28.023200,2,0.000000,0,0,0
2018-07-15T11:00:00,30.275094,30.275094,28.027962,2,0.000000,0,0,0
2018-07-15T12:00:00,72.026780,72.026780,28.032728,3,0.000000,0,0,0
2018-07-15T13:00:00,67.897103,67.897103,28.037498,3,0.000000,0,0,0
2018-07-15T14:00:00,51.608903,51.608903,28.042272,3,0.000000,0,0,0
2018-07-15T15:00:00,29.063501,29.063501,28.047050,0,0.000000,0,0,0
2018-07-15T16:00:00,23.996692,23.996692,28.051832,0,0.000000,0,0,0
2018-07-15T17:00:00,26.313943,26.313943,28.056618,0,0.000000,0,0,0
2018-07-15T18:00:00,24.671839,24.671839,28.061408,0,0.000000,0,0,0
2018-07-15T19:00:00,26.541081,26.541081,28.066202,0,0.000000,0,0,0
2018-07-15T20:00:00,27.749734,27.749734,28.071000,0,0.000000,0,0,0
2018-07-15T21:00:00,28.256362,28.256362,28.075802,0,0.000000,0,0,0
2018-07-15T22:00:00,28.923822,28.923822,28.080608,0,0.000000,0,0,0
2018-07-15T23:00:00,39.353799,39.353799,28.085418,1,0.000000,0,0,0
2018-07-16T00:00:00,40.380858,40.380858,28.090232,1,0.000000,0,0,0
2018-07-16T01:00:00,42.927113,42.927113,28.095050,1,0.000000,0,0,0
2018-07-16T02:00:00,47.395320,47.395320,28.099872,1,0.000000,0,0,0
2018-07-16T03:00:00,38.887407,38.887407,28.104698,0,0.000000,0,0,0
2018-07-16T04:00:00,50.057065,50.057065,28.109528,0,7.831609,0,0,1
2018-07-16T05:00:00,48.756222,48.756222,28.114362,0,4.699730,0,0,0
2018-07-16T06:00:00,48.390353,48.390353,28.119200,0,2.820297,0,0,0
2018-07-16T07:00:00,43.961699,43.961699,28.124042,0,1.692454,0,0,0
2018-07-16T08:00:00,42.437589,42.437589,28.128888,0,1.015638,0,0,0
2018-07-16T09:00:00,42.459772,42.459772,28.133738,0,0.609482,0,0,0
2018-07-16T10:00:00,36.474296,36.474296,28.138592,0,0.365749,0,0,0
2018-07-16T11:00:00,35.683867,35.683867,28.143450,0,0.219485,0,0,0
2018-07-16T12:00:00,37.064129,37.064129,28.148312,0,0.131712,0,0,0
2018-07-16T13:00:00,35.439634,35.439634,28.153178,0,0.079040,0,0,0
2018-07-16T14:00:00,33.302415,33.302415,28.158048,0,0.000000,0,0,0
2018-07-16T15:00:00,31.538046,31.538046,28.162922,0,0.000000,0,0,0
2018-07-16T16:00:00,28.506502,28.506502,28.167800,0,0.000000,0,0,0
2018-07-16T17:00:00,25.281728,25.281728,28.172682,0,0.000000,0,0,0
2018-07-16T18:00:00,24.950632,24.950632,28.177568,0,0.000000,0,0,0
2018-07-16T19:00:00,24.161167,24.161167,28.182458,0,0.000000,0,0,0
2018-07-16T20:00:00,24.763453,24.763453,28.187352,0,0.000000,0,0,0
2018-07-16T21:00:00,25.865031,25.865031,28.192250,0,0.000000,0,0,0
2018-07-16T22:00:00,28.223371,28.223371,28.197152,0,0.000000,0,0,0
2018-07-16T23:00:00,28.915895,28.915895,28.202058,0,0.000000,0,0,0
2018-07-17T00:00:00,28.286545,28.286545,28.206968,0,0.000000,0,0,0
2018-07-17T01:00:00,27.786395,27.786395,28.211882,0,0.000000,0,0,0
2018-07-17T02:00:00,29.169354,29.169354,28.216800,0,0.000000,0,0,0
2018-07-17T03:00:00,35.219625,35.219625,28.221722,0,0.000000,0,0,0
2018-07-17T04:00:00,26.715750,26.715750,28.226648,0,0.000000,0,0,0
2018-07-17T05:00:00,30.368806,30.368806,28.231578,0,0.000000,0,0,0
2018-07-17T06:00:00,32.820421,32.820421,28.236512,0,0.000000,0,0,0
2018-07-17T07:00:00,37.358473,37.358473,28.241450,0,0.000000,0,0,0
2018-07-17T08:00:00,37.707896,37.707896,28.246392,0,0.000000,0,0,0
2018-07-17T09:00:00,38.040752,38.040752,28.251338,0,0.000000,0,0,0
2018-07-17T10:00:00,38.727438,38.727438,28.256288,0,0.000000,0,0,0
2018-07-17T11:00:00,37.251294,37.251294,28.261242,0,0.000000,0,0,0
2018-07-17T12:00:00,21.671319,21.671319,28.266200,0,0.000000,0,0,0
2018-07-17T13:00:00,23.320939,23.320939,28.271162,0,0.000000,0,0,0
2018-07-17T14:00:00,20.159627,20.159627,28.276128,2,0.000000,0,0,0
2018-07-17T15:00:00,25.970787,25.970787,28.281098,2,0.000000,0,0,0
2018-07-17T16:00:00,23.468132,23.468132,28.286072,2,0.000000,0,0,0
2018-07-17T17:00:00,18.655442,18.655442,28.291050,2,0.000000,0,0,0
2018-07-17T18:00:00,16.666335,16.666335,28.296032,2,0.000000,0,0,0
2018-07-17T19:00:00,18.685914,18.685914,28.301018,2,0.000000,0,0,0
2018-07-17T20:00:00,17.761130,17.761130,28.306008,2,0.000000,0,0,0
2018-07-17T21:00:00,18.204460,18.204460,28.311002,2,0.000000,0,0,0
2018-07-17T22:00:00,19.574315,19.574315,28.316000,2,0.000000,0,0,0
2018-07-17T23:00:00,28.377980,28.377980,28.321002,0,0.000000,0,0,0
2018-07-18T00:00:00,30.179049,30.179049,28.326008,0,0.000000,0,0,0
2018-07-18T01:00:00,31.070127,31.070127,28.331018,0,0.000000,0,0,0
2018-07-18T02:00:00,33.469678,33.469678,28.336032,0,0.000000,0,0,0
2018-07-18T03:00:00,35.653369,35.653369,28.341050,0,0.000000,0,0,0
2018-07-18T04:00:00,38.037017,38.037017,28.346072,0,0.000000,0,0,0
2018-07-18T05:00:00,39.238048,39.238048,28.351098,0,0.000000,0,0,0
2018-07-18T06:00:00,42.816094,42.816094,28.356128,0,0.000000,0,0,0
2018-07-18T07:00:00,47.018773,47.018773,28.361162,0,0.000000,0,0,0
2018-07-18T08:00:00,46.087049,46.087049,28.366200,0,0.000000,0,0,0
2018-07-18T09:00:00,39.893169,39.893169,28.371242,2,0.000000,0,0,0
2018-07-18T10:00:00,37.842038,37.842038,28.376288,2,0.000000,0,0,0
2018-07-18T11:00:00,34.364598,34.364598,28.381338,2,0.000000,0,0,0
2018-07-18T12:00:00,30.870913,30.870913,28.386392,2,0.000000,0,0,0
2018-07-18T13:00:00,26.251489,26.251489,28.391450,2,0.000000,0,0,0
2018-07-18T14:00:00,23.698836,23.698836,28.396512,2,0.000000,0,0,0
2018-07-18T15:00:00,23.381049,23.381049,28.401578,2,0.000000,0,0,0
2018-07-18T16:00:00,27.102791,27.102791,28.406648,0,0.000000,0,0,0
2018-07-18T17:00:00,27.052464,27.052464,28.411722,0,0.000000,0,0,0
2018-07-18T18:00:00,25.547278,25.547278,28.416800,0,0.000000,0,0,0
2018-07-18T19:00:00,20.085714,20.085714,28.421882,0,0.000000,0,0,0
2018-07-18T20:00:00,19.899828,19.899828,28.426968,0,0.000000,0,0,0
2018-07-18T21:00:00,22.561147,22.561147,28.432058,0,0.000000,0,0,0
2018-07-18T22:00:00,25.466614,25.466614,28.437152,0,0.000000,0,0,0
2018-07-18T23:00:00,26.492159,26.492159,28.442250,0,0.000000,0,0,0
2018-07-19T00:00:00,37.947852,37.947852,28.447352,1,0.000000,0,0,0
2018-07-19T01:00:00,46.990610,46.990610,28.452458,1,0.000000,0,0,0
2018-07-19T02:00:00,45.530938,45.530938,28.457568,1,0.000000,0,0,0
2018-07-19T03:00:00,9.356126,49.354196,28.462682,1,0.000000,0,1,0
2018-07-19T04:00:00,9.329985,46.754735,28.467800,1,0.000000,0,1,0
2018-07-19T05:00:00,8.930118,42.791594,28.472922,1,0.000000,0,1,0
2018-07-19T06:00:00,6.152485,28.858259,28.478048,2,0.000000,0,1,0
2018-07-19T07:00:00,6.916201,31.431250,28.483178,2,0.000000,0,1,0
2018-07-19T08:00:00,6.756659,33.576429,28.488312,2,0.000000,0,1,0
2018-07-19T09:00:00,6.795306,32.828383,28.493450,2,0.000000,0,1,0
2018-07-19T10:00:00,6.391391,31.823173,28.498592,2,0.000000,0,1,0
2018-07-19T11:00:00,5.938649,30.322034,28.503738,2,0.000000,0,1,0
2018-07-19T12:00:00,4.970370,27.021838,28.508888,2,0.000000,0,1,0
2018-07-19T13:00:00,4.787413,23.016061,28.514042,2,0.000000,0,1,0
2018-07-19T14:00:00,4.688409,21.376795,28.519200,2,0.000000,0,1,0
2018-07-19T15:00:00,4.420243,21.286959,28.524362,2,0.000000,0,1,0
2018-07-19T16:00:00,3.739346,18.843039,28.529528,2,0.000000,0,1,0
2018-07-19T17:00:00,3.724184,17.433536,28.534698,2,0.000000,0,1,0
2018-07-19T18:00:00,2.985492,14.627265,28.539872,2,0.000000,0,1,0
2018-07-19T19:00:00,22.470463,22.470463,28.545050,3,0.000000,0,0,0
2018-07-19T20:00:00,25.710580,25.710580,28.550232,3,0.000000,0,0,0
2018-07-19T21:00:00,25.853488,25.853488,28.555418,3,0.000000,0,0,0
2018-07-19T22:00:00,34.996602,34.996602,28.560608,3,0.000000,0,0,0
2018-07-19T23:00:00,32.824342,32.824342,28.565802,3,0.000000,0,0,0
2018-07-20T00:00:00,39.224724,39.224724,28.571000,3,0.000000,0,0,0
2018-07-20T01:00:00,43.113181,43.113181,28.576202,3,0.000000,0,0,0
2018-07-20T02:00:00,47.209941,47.209941,28.581408,3,0.000000,0,0,0
2018-07-20T03:00:00,27.596329,27.596329,28.586618,2,0.000000,0,0,0
2018-07-20T04:00:00,28.217066,28.217066,28.591832,2,0.000000,0,0,0
2018-07-20T05:00:00,27.320613,27.320613,28.597050,2,0.000000,0,0,0
2018-07-20T06:00:00,26.882336,26.882336,28.602272,2,0.000000,0,0,0
2018-07-20T07:00:00,27.827258,27.827258,28.607498,2,0.000000,0,0,0
2018-07-20T08:00:00,26.190365,26.190365,28.612728,2,0.000000,0,0,0
2018-07-20T09:00:00,24.494582,24.494582,28.617962,2,0.000000,0,0,0
2018-07-20T10:00:00,32.177745,32.177745,28.623200,2,0.000000,0,0,0
2018-07-20T11:00:00,32.545262,32.545262,28.628442,2,0.000000,0,0,0
2018-07-20T12:00:00,27.530657,27.530657,28.633688,2,0.000000,0,0,0
2018-07-20T13:00:00,23.446074,23.446074,28.638938,2,0.000000,0,0,0
2018-07-20T14:00:00,17.642649,17.642649,28.644192,2,0.000000,0,0,0
2018-07-20T15:00:00,15.412745,15.412745,28.649450,2,0.000000,0,0,0
2018-07-20T16:00:00,13.986934,13.986934,28.654712,2,0.000000,0,0,0
2018-07-20T17:00:00,11.477070,11.477070,28.659978,2,0.000000,0,0,0
2018-07-20T18:00:00,8.947565,8.947565,28.665248,2,0.000000,0,0,0
2018-07-20T19:00:00,11.011982,11.011982,28.670522,2,0.000000,0,0,0
2018-07-20T20:00:00,12.131429,12.131429,28.675800,2,0.000000,0,0,0
2018-07-20T21:00:00,12.688893,12.688893,28.681082,2,0.000000,0,0,0
2018-07-20T22:00:00,12.293542,12.293542,28.686368,2,0.000000,0,0,0
2018-07-20T23:00:00,13.901915,13.901915,28.691658,2,0.000000,0,0,0
2018-07-21T00:00:00,16.441683,16.441683,28.696952,2,0.000000,0,0,0
2018-07-21T01:00:00,20.243371,20.243371,28.702250,2,0.000000,0,0,0
2018-07-21T02:00:00,21.725071,21.725071,28.707552,2,0.000000,0,0,0
2018-07-21T03:00:00,24.532785,24.532785,28.712858,2,0.000000,0,0,0
2018-07-21T04:00:00,25.826994,25.826994,28.718168,2,0.000000,0,0,0
2018-07-21T05:00:00,27.353325,27.353325,28.723482,2,0.000000,0,0,0
2018-07-21T06:00:00,29.516781,29.516781,28.728800,2,0.000000,0,0,0
2018-07-21T07:00:00,29.273148,29.273148,28.734122,2,0.000000,0,0,0
2018-07-21T08:00:00,28.610587,28.610587,28.739448,2,0.000000,0,0,0
2018-07-21T09:00:00,27.517383,27.517383,28.744778,2,0.000000,0,0,0
2018-07-21T10:00:00,27.565801,27.565801,28.750112,2,0.000000,0,0,0
2018-07-21T11:00:00,26.472484,26.472484,28.755450,2,0.000000,0,0,0
2018-07-21T12:00:00,25.566669,25.566669,28.760792,2,0.000000,0,0,0
2018-07-21T13:00:00,38.919958,38.919958,28.766138,1,0.000000,0,0,0
2018-07-21T14:00:00,37.054880,37.054880,28.771488,1,0.000000,0,0,0
2018-07-21T15:00:00,28.062163,28.062163,28.776842,0,0.000000,0,0,0
2018-07-21T16:00:00,24.879807,24.879807,28.782200,0,0.000000,0,0,0
2018-07-21T17:00:00,22.945867,22.945867,28.787562,0,0.000000,0,0,0
2018-07-21T18:00:00,21.365095,21.365095,28.792928,0,0.000000,0,0,0
2018-07-21T19:00:00,14.509752,14.509752,28.798298,2,0.000000,0,0,0
2018-07-21T20:00:00,14.611019,14.611019,28.803672,2,0.000000,0,0,0
2018-07-21T21:00:00,31.848948,31.848948,28.809050,1,0.000000,0,0,0
2018-07-21T22:00:00,32.136494,32.136494,28.814432,1,0.000000,0,0,0
2018-07-21T23:00:00,43.421542,43.421542,28.819818,3,0.000000,0,0,0
2018-07-22T00:00:00,42.376388,42.376388,28.825208,3,0.000000,0,0,0
2018-07-22T01:00:00,42.131853,42.131853,28.830602,3,0.000000,0,0,0
2018-07-22T02:00:00,48.482824,48.482824,28.836000,3,0.000000,0,0,0
2018-07-22T03:00:00,68.877277,68.877277,28.841402,3,0.000000,0,0,0
2018-07-22T04:00:00,66.417188,66.417188,28.846808,3,0.000000,0,0,0
2018-07-22T05:00:00,52.793236,52.793236,28.852218,3,0.000000,0,0,0
2018-07-22T06:00:00,39.987829,39.987829,28.857632,0,0.000000,0,0,0
2018-07-22T07:00:00,40.571708,40.571708,28.863050,0,0.000000,0,0,0
2018-07-22T08:00:00,42.460695,42.460695,28.868472,0,0.000000,0,0,0
2018-07-22T09:00:00,43.012414,43.012414,28.873898,0,0.000000,0,0,0
2018-07-22T10:00:00,41.615604,41.615604,28.879328,0,0.000000,0,0,0
2018-07-22T11:00:00,41.113324,41.113324,28.884762,0,0.000000,0,0,0
2018-07-22T12:00:00,39.068479,39.068479,28.890200,0,0.000000,0,0,0
2018-07-22T13:00:00,35.292898,35.292898,28.895642,0,0.000000,0,0,0
2018-07-22T14:00:00,33.214484,33.214484,28.901088,0,0.000000,0,0,0
2018-07-22T15:00:00,31.004039,31.004039,28.906538,0,0.000000,0,0,0
2018-07-22T16:00:00,30.804335,30.804335,28.911992,0,0.000000,0,0,0
2018-07-22T17:00:00,30.368149,30.368149,28.917450,0,0.000000,0,0,0
2018-07-22T18:00:00,27.376338,27.376338,28.922912,0,0.000000,0,0,0
2018-07-22T19:00:00,25.870229,25.870229,28.928378,0,0.000000,0,0,0
2018-07-22T20:00:00,33.406060,33.406060,28.933848,3,0.000000,0,0,0
2018-07-22T21:00:00,43.571908,43.571908,28.939322,3,0.000000,0,0,0
2018-07-22T22:00:00,41.402943,41.402943,28.944800,3,0.000000,0,0,0
2018-07-22T23:00:00,41.034140,41.034140,28.950282,3,0.000000,0,0,0
2018-07-23T00:00:00,47.165941,47.165941,28.955768,3,0.000000,0,0,0
2018-07-23T01:00:00,47.389152,47.389152,28.961258,3,0.000000,0,0,0
2018-07-23T02:00:00,60.045978,60.045978,28.966752,3,0.000000,0,0,0
2018-07-23T03:00:00,43.141533,43.141533,28.972250,0,0.000000,0,0,0
2018-07-23T04:00:00,41.809696,41.809696,28.977752,0,0.000000,0,0,0
2018-07-23T05:00:00,43.149223,43.149223,28.983258,0,0.000000,0,0,0
2018-07-23T06:00:00,42.193966,42.193966,28.988768,0,0.000000,0,0,0
2018-07-23T07:00:00,41.797994,41.797994,28.994282,0,0.000000,0,0,0
2018-07-23T08:00:00,44.098366,44.098366,28.999800,0,0.000000,0,0,0
2018-07-23T09:00:00,49.107744,49.107744,29.005322,0,0.000000,0,0,0
2018-07-23T10:00:00,42.762197,42.762197,29.010848,0,0.000000,0,0,0
2018-07-23T11:00:00,41.275845,41.275845,29.016378,0,0.000000,0,0,0
2018-07-23T12:00:00,39.369721,39.369721,29.021912,0,0.000000,0,0,0
2018-07-23T13:00:00,36.309478,36.309478,29.027450,0,0.000000,0,0,0
2018-07-23T14:00:00,35.181555,35.181555,29.032992,0,0.000000,0,0,0
2018-07-23T15:00:00,35.203566,35.203566,29.038538,0,0.000000,0,0,0
2018-07-23T16:00:00,33.038239,33.038239,29.044088,0,0.000000,0,0,0
2018-07-23T17:00:00,31.357909,31.357909,29.049642,0,0.000000,0,0,0
2018-07-23T18:00:00,30.238672,30.238672,29.055200,0,0.000000,0,0,0
2018-07-23T19:00:00,27.154388,27.154388,29.060762,0,0.000000,0,0,0
2018-07-23T20:00:00,26.041966,26.041966,29.066328,0,0.000000,0,0,0
2018-07-23T21:00:00,26.653479,26.653479,29.071898,0,0.000000,0,0,0
2018-07-23T22:00:00,28.591785,28.591785,29.077472,0,0.000000,0,0,0
2018-07-23T23:00:00,29.641868,29.641868,29.083050,0,0.000000,0,0,0
2018-07-24T00:00:00,31.437163,31.437163,29.088632,0,0.000000,0,0,0
2018-07-24T01:00:00,34.530122,34.530122,29.094218,0,0.000000,0,0,0
2018-07-24T02:00:00,38.892095,38.892095,29.099808,0,0.000000,0,0,0
2018-07-24T03:00:00,40.731423,40.731423,29.105402,0,0.000000,0,0,0
2018-07-24T04:00:00,44.984262,44.984262,29.111000,0,0.000000,0,0,0
2018-07-24T05:00:00,45.193758,45.193758,29.116602,0,0.000000,0,0,0
2018-07-24T06:00:00,48.001308,48.001308,29.122208,0,0.000000,0,0,0
2018-07-24T07:00:00,52.186307,52.186307,29.127818,0,0.000000,0,0,0
2018-07-24T08:00:00,49.239226,49.239226,29.133432,0,0.000000,0,0,0
2018-07-24T09:00:00,48.785517,48.785517,29.139050,0,0.000000,0,0,0
2018-07-24T10:00:00,42.437629,42.437629,29.144672,0,0.000000,0,0,0
2018-07-24T11:00:00,40.574099,40.574099,29.150298,0,0.000000,0,0,0
2018-07-24T12:00:00,38.481197,38.481197,29.155928,0,0.000000,0,0,0
2018-07-24T13:00:00,36.727035,36.727035,29.161562,0,0.000000,0,0,0
2018-07-24T14:00:00,35.955968,35.955968,29.167200,0,0.000000,0,0,0
2018-07-24T15:00:00,34.948022,34.948022,29.172842,0,0.000000,0,0,0
2018-07-24T16:00:00,31.015167,31.015167,29.178488,0,0.000000,0,0,0
2018-07-24T17:00:00,30.079745,30.079745,29.184138,0,0.000000,0,0,0
2018-07-24T18:00:00,29.784306,29.784306,29.189792,1,0.000000,0,0,0
2018-07-24T19:00:00,32.531662,32.531662,29.195450,1,0.000000,0,0,0
2018-07-24T20:00:00,32.686772,32.686772,29.201112,1,0.000000,0,0,0
2018-07-24T21:00:00,33.960073,33.960073,29.206778,1,0.000000,0,0,0
2018-07-24T22:00:00,36.371653,36.371653,29.212448,1,0.000000,0,0,0
2018-07-24T23:00:00,35.461175,35.461175,29.218122,1,0.000000,0,0,0
2018-07-25T00:00:00,37.170543,37.170543,29.223800,1,0.000000,0,0,0
2018-07-25T01:00:00,41.999045,41.999045,29.229482,1,0.000000,0,0,0
2018-07-25T02:00:00,46.939650,46.939650,29.235168,1,0.000000,0,0,0
2018-07-25T03:00:00,47.365490,47.365490,29.240858,1,0.000000,0,0,0
2018-07-25T04:00:00,42.709358,42.709358,29.246552,1,0.000000,0,0,0
2018-07-25T05:00:00,42.740822,42.740822,29.252250,1,0.000000,0,0,0
2018-07-25T06:00:00,48.331324,48.331324,29.257952,1,0.000000,0,0,0
2018-07-25T07:00:00,59.527622,59.527622,29.263658,1,0.000000,0,0,0
2018-07-25T08:00:00,55.324293,55.324293,29.269368,1,0.000000,0,0,0
2018-07-25T09:00:00,53.961869,53.961869,29.275082,1,0.000000,0,0,0
2018-07-25T10:00:00,43.376580,43.376580,29.280800,1,0.000000,0,0,0
2018-07-25T11:00:00,41.464093,41.464093,29.286522,1,0.000000,0,0,0
2018-07-25T12:00:00,39.485043,39.485043,29.292248,1,0.000000,0,0,0
2018-07-25T13:00:00,38.473834,38.473834,29.297978,1,0.000000,0,0,0
2018-07-25T14:00:00,34.908204,34.908204,29.303712,1,0.000000,0,0,0
2018-07-25T15:00:00,40.186644,40.186644,29.309450,1,0.000000,0,0,0
2018-07-25T16:00:00,39.177092,39.177092,29.315192,1,0.000000,0,0,0
2018-07-25T17:00:00,36.695455,36.695455,29.320938,1,0.000000,0,0,0
2018-07-25T18:00:00,20.289603,20.289603,29.326688,0,0.000000,0,0,0
2018-07-25T19:00:00,17.317924,17.317924,29.332442,0,0.000000,0,0,0
2018-07-25T20:00:00,17.279469,17.279469,29.338200,0,0.000000,0,0,0
2018-07-25T21:00:00,18.672847,18.672847,29.343962,0,0.000000,0,0,0
2018-07-25T22:00:00,23.279963,23.279963,29.349728,0,0.000000,0,0,0
2018-07-25T23:00:00,25.918654,25.918654,29.355498,0,0.000000,0,0,0
2018-07-26T00:00:00,36.277227,36.277227,29.361272,0,0.000000,0,0,0
2018-07-26T01:00:00,31.995428,31.995428,29.367050,0,0.000000,0,0,0
2018-07-26T02:00:00,29.341830,29.341830,29.372832,0,0.000000,0,0,0
2018-07-26T03:00:00,30.590111,30.590111,29.378618,0,0.000000,0,0,0
2018-07-26T04:00:00,33.766631,33.766631,29.384408,0,0.000000,0,0,0
2018-07-26T05:00:00,34.917138,34.917138,29.390202,0,0.000000,0,0,0
2018-07-26T06:00:00,36.571721,36.571721,29.396000,0,0.000000,0,0,0
2018-07-26T07:00:00,36.705681,36.705681,29.401802,0,0.000000,0,0,0
2018-07-26T08:00:00,39.266312,39.266312,29.407608,0,0.000000,0,0,0
2018-07-26T09:00:00,34.793088,34.793088,29.413418,0,0.000000,0,0,0
2018-07-26T10:00:00,31.779311,31.779311,29.419232,0,0.000000,0,0,0
2018-07-26T11:00:00,28.740548,28.740548,29.425050,0,0.000000,0,0,0
2018-07-26T12:00:00,28.597981,28.597981,29.430872,0,0.000000,0,0,0
2018-07-26T13:00:00,25.330149,25.330149,29.436698,0,0.000000,0,0,0
2018-07-26T14:00:00,20.947601,20.947601,29.442528,0,0.000000,0,0,0
2018-07-26T15:00:00,21.627205,21.627205,29.448362,0,0.000000,0,0,0
2018-07-26T16:00:00,22.533247,22.533247,29.454200,0,0.000000,0,0,0
2018-07-26T17:00:00,19.737107,19.737107,29.460042,0,0.000000,0,0,0
2018-07-26T18:00:00,18.193163,18.193163,29.465888,0,0.000000,0,0,0
2018-07-26T19:00:00,8.950484,8.950484,29.471738,0,0.000000,0,0,0
2018-07-26T20:00:00,11.453403,11.453403,29.477592,0,0.000000,0,0,0
2018-07-26T21:00:00,15.754493,15.754493,29.483450,0,0.000000,0,0,0
2018-07-26T22:00:00,17.999133,17.999133,29.489312,0,0.000000,0,0,0
2018-07-26T23:00:00,18.962694,18.962694,29.495178,0,0.000000,0,0,0
2018-07-27T00:00:00,18.379584,18.379584,29.501048,0,0.000000,0,0,0
2018-07-27T01:00:00,24.185804,24.185804,29.506922,0,0.000000,0,0,0
2018-07-27T02:00:00,26.439673,26.439673,29.512800,0,0.000000,0,0,0
2018-07-27T03:00:00,30.641982,30.641982,29.518682,0,0.000000,0,0,0
2018-07-27T04:00:00,32.123465,32.123465,29.524568,0,0.000000,0,0,0
2018-07-27T05:00:00,31.295739,31.295739,29.530458,0,0.000000,0,0,0
2018-07-27T06:00:00,30.151323,30.151323,29.536352,0,0.000000,0,0,0
2018-07-27T07:00:00,30.469959,30.469959,29.542250,0,0.000000,0,0,0
2018-07-27T08:00:00,31.633249,31.633249,29.548152,0,0.000000,0,0,0
2018-07-27T09:00:00,30.460866,30.460866,29.554058,0,0.000000,0,0,0
2018-07-27T10:00:00,33.960348,33.960348,29.559968,0,0.000000,0,0,0
2018-07-27T11:00:00,31.699980,31.699980,29.565882,0,0.000000,0,0,0
2018-07-27T12:00:00,27.470679,27.470679,29.571800,0,0.000000,0,0,0
2018-07-27T13:00:00,19.507080,19.507080,29.577722,0,0.000000,0,0,0
2018-07-27T14:00:00,20.045629,20.045629,29.583648,0,0.000000,0,0,0
2018-07-27T15:00:00,20.724875,20.724875,29.589578,0,0.000000,0,0,0
2018-07-27T16:00:00,19.894019,19.894019,29.595512,0,0.000000,0,0,0
2018-07-27T17:00:00,17.205621,17.205621,29.601450,0,0.000000,0,0,0
2018-07-27T18:00:00,20.742248,20.742248,29.607392,0,0.000000,0,0,0
2018-07-27T19:00:00,18.669809,18.669809,29.613338,0,0.000000,0,0,0
2018-07-27T20:00:00,21.243466,21.243466,29.619288,0,0.000000,0,0,0
2018-07-27T21:00:00,24.517366,24.517366,29.625242,0,0.000000,0,0,0
2018-07-27T22:00:00,19.023738,19.023738,29.631200,2,0.000000,0,0,0
2018-07-27T23:00:00,19.439682,19.439682,29.637162,2,0.000000,0,0,0
2018-07-28T00:00:00,20.470028,20.470028,29.643128,2,0.000000,0,0,0
2018-07-28T01:00:00,22.359998,22.359998,29.649098,2,0.000000,0,0,0
2018-07-28T02:00:00,42.501801,42.501801,29.655072,3,0.000000,0,0,0
2018-07-28T03:00:00,45.997649,45.997649,29.661050,3,0.000000,0,0,0
2018-07-28T04:00:00,54.297958,54.297958,29.667032,3,0.000000,0,0,0
2018-07-28T05:00:00,57.872022,57.872022,29.673018,3,0.000000,0,0,0
2018-07-28T06:00:00,55.143667,55.143667,29.679008,3,0.000000,0,0,0
2018-07-28T07:00:00,74.270798,74.270798,29.685002,3,0.000000,0,0,0
